id,incident_number,campus_id,final_campus,reported_datetime,occurred_start,occurred_end,nature_of_incident,location,created_at,date,year,month,month_name,hour,day_of_week,is_weekend,time_bucket
181,26UP00696,1,University Park,02/10/2026 07:07 PM,02/10/2026 07:07 PM,02/10/2026 07:25 PM,Student reported suspicious activity,PATTERSON HALL,2026-02-18 21:43:32,2026-02-10,2026,2,February,19,Tuesday,False,Evening
182,26UP00695,1,University Park,02/10/2026 06:42 PM,02/10/2026 06:42 PM,02/10/2026 07:15 PM,Employee reported a University policy violation,WILLARD BLDG,2026-02-18 21:43:32,2026-02-10,2026,2,February,18,Tuesday,False,Evening
183,26UP00693,1,University Park,02/10/2026 04:25 PM,02/10/2026 04:25 PM,02/10/2026 05:00 PM,Student reported suspicious person,NITTANY PARKING,2026-02-18 21:43:32,2026-02-10,2026,2,February,16,Tuesday,False,Afternoon
187,26UP00691,1,University Park,02/10/2026 02:33 PM,02/10/2026 02:33 PM,02/10/2026 03:21 PM,Employee reported abandoned property,WESTGATE BLDG,2026-02-18 21:43:32,2026-02-10,2026,2,February,14,Tuesday,False,Afternoon
189,26UP00690,1,University Park,02/10/2026 01:38 PM,02/10/2026 01:38 PM,02/10/2026 02:38 PM,Employee requested assistance with a personal matter,RED A (BUS DEPOT) LOT,2026-02-18 21:43:32,2026-02-10,2026,2,February,13,Tuesday,False,Afternoon
190,26UP00689,1,University Park,02/10/2026 01:36 PM,02/10/2026 01:36 PM,02/10/2026 03:30 PM,Officer conducted a pre-employment background investigation,UNIVERSITY SUPPORT BLDG I,2026-02-18 21:43:32,2026-02-10,2026,2,February,13,Tuesday,False,Afternoon
191,26UP00688,1,University Park,02/10/2026 01:28 PM,02/10/2026 01:28 PM,02/10/2026 01:44 PM,Visitor reported suspicious activity/persons,MILLENNIUM SCIENCE COMPLEX,2026-02-18 21:43:32,2026-02-10,2026,2,February,13,Tuesday,False,Afternoon
192,26UP00687,1,University Park,02/10/2026 12:45 PM,02/10/2026 12:45 PM,02/10/2026 01:15 PM,Student reported the loss of their unattended personal property,AG SCIENCE AND INDUSTRIES,2026-02-18 21:43:32,2026-02-10,2026,2,February,12,Tuesday,False,Afternoon
196,26UP00686,1,University Park,02/10/2026 12:08 PM,02/10/2026 12:00 PM,02/10/2026 12:08 PM,Employee reported a two vehicle crash with no injuries,YELLOW R AG ADMIN LOT,2026-02-18 21:43:32,2026-02-10,2026,2,February,12,Tuesday,False,Afternoon
206,26UP00685,1,University Park,02/09/2026 09:50 PM,02/09/2026 09:50 PM,02/10/2026 12:38 AM,Assisted the fire department with a reported fire,SHULZE HALL,2026-02-18 21:43:32,2026-02-09,2026,2,February,21,Monday,False,Evening
212,26UP00682,1,University Park,02/09/2026 04:43 PM,01/12/2026 12:00 AM,01/29/2026 12:00 AM,Employee reported being harassed,BOUCKE BLDG,2026-02-18 21:43:32,2026-02-09,2026,2,February,16,Monday,False,Afternoon
216,26UP00683,1,University Park,02/09/2026 04:19 PM,02/05/2025 04:15 PM,02/09/2026 04:19 PM,Student reported the loss or theft of their unattended personal property,WHITE BLDG,2026-02-18 21:43:32,2026-02-09,2026,2,February,16,Monday,False,Afternoon
217,26UP00680,1,University Park,02/09/2026 03:55 PM,02/04/2026 03:55 PM,02/05/2026 02:00 PM,Employee reported a concern for a student,UNIVERSITY SUPPORT BLDG I,2026-02-18 21:43:32,2026-02-09,2026,2,February,15,Monday,False,Afternoon
218,26UP00678,1,University Park,02/09/2026 03:36 PM,02/08/2026 03:26 AM,02/08/2026 04:17 AM,Visitor reported disorderly persons,BEAVER HALL,2026-02-18 21:43:32,2026-02-09,2026,2,February,15,Monday,False,Afternoon
219,26UP00679,1,University Park,02/09/2026 02:56 PM,02/07/2026 04:47 PM,02/09/2026 02:56 PM,Visitor reported a hit and run vehicle crash,EAST PARKING DECK,2026-02-18 21:43:32,2026-02-09,2026,2,February,14,Monday,False,Afternoon
224,26UP00677,1,University Park,02/09/2026 01:46 PM,02/09/2026 10:55 AM,02/09/2026 03:00 PM,Student reported a hit and run vehicle crash,HUB PARKING DECK,2026-02-18 21:43:32,2026-02-09,2026,2,February,13,Monday,False,Afternoon
229,26UP00674,1,University Park,02/09/2026 09:37 AM,02/07/2026 12:00 AM,02/09/2026 09:37 AM,Assisted an outside law enforcement agency with an investigation,OFF CAMPUS FRATERNITY,2026-02-18 21:43:32,2026-02-09,2026,2,February,9,Monday,False,Morning
234,26UP00673,1,University Park,02/09/2026 03:47 AM,02/09/2026 03:47 AM,02/09/2026 04:40 AM,Visitor reported a traffic concern regarding a vehicle,FOX HOLLOW RD & E PARK AVE,2026-02-18 21:43:32,2026-02-09,2026,2,February,3,Monday,False,Late Night
246,26UP00672,1,University Park,02/08/2026 09:22 PM,02/08/2026 09:22 PM,02/08/2026 11:03 PM,Assisted the fire department with a reported fire alarm activation,PALLADINO HALL,2026-02-18 21:43:32,2026-02-08,2026,2,February,21,Sunday,True,Evening
255,26UP00670,1,University Park,02/08/2026 07:06 AM,02/08/2026 05:06 AM,02/08/2026 07:06 AM,Underage visitor observed highly intoxicated and transported to the hospital,HALLER HALL,2026-02-18 21:43:32,2026-02-08,2026,2,February,7,Sunday,True,Morning
256,26UP00669,1,University Park,02/08/2026 02:50 AM,02/08/2026 02:50 AM,02/08/2026 03:55 AM,Underage student observed highly intoxicated,HIESTER HALL,2026-02-18 21:43:32,2026-02-08,2026,2,February,2,Sunday,True,Late Night
257,26UP00667,1,University Park,02/08/2026 02:32 AM,02/08/2026 02:32 AM,02/08/2026 03:00 AM,Underage student observed highly intoxicated,PENNYPACKER HALL,2026-02-18 21:43:32,2026-02-08,2026,2,February,2,Sunday,True,Late Night
260,26UP00671,1,University Park,02/08/2026 01:21 AM,02/08/2026 01:21 AM,02/08/2026 01:50 AM,Student reported a concern for another student,PINCHOT HALL,2026-02-18 21:43:32,2026-02-08,2026,2,February,1,Sunday,True,Late Night
261,26UP00666,1,University Park,02/08/2026 12:52 AM,02/08/2026 12:52 AM,02/08/2026 01:15 AM,Resident Assistant reported the odor of marijuana,STONE HALL,2026-02-18 21:43:32,2026-02-08,2026,2,February,0,Sunday,True,Late Night
264,26UP00664,1,University Park,02/07/2026 11:59 PM,02/07/2026 09:00 PM,02/08/2026 09:15 PM,Visitor observed highly intoxicated,BRYCE JORDAN CENTER,2026-02-18 21:43:32,2026-02-07,2026,2,February,23,Saturday,True,Late Night
265,26UP00665,1,University Park,02/07/2026 11:55 PM,02/07/2026 10:30 PM,02/08/2026 11:00 PM,Employee reported the theft of their unattended personal property,BRYCE JORDAN CENTER,2026-02-18 21:43:32,2026-02-07,2026,2,February,23,Saturday,True,Late Night
266,26UP00663,1,University Park,02/07/2026 11:49 PM,02/07/2026 10:30 PM,02/07/2026 11:44 PM,Visitor reported being harassed,BRYCE JORDAN CENTER,2026-02-18 21:43:32,2026-02-07,2026,2,February,23,Saturday,True,Late Night
267,26UP00662,1,University Park,02/07/2026 11:35 PM,02/07/2026 11:35 PM,02/08/2026 12:05 AM,Visitor reported a two vehicle crash with no injuries,COMMUTER JORDAN EAST 1 LOT,2026-02-18 21:43:32,2026-02-07,2026,2,February,23,Saturday,True,Late Night
270,26UP00658,1,University Park,02/07/2026 10:00 PM,02/07/2026 10:00 PM,02/07/2026 10:35 PM,Visitor reported a concern for another person,BRYCE JORDAN CENTER,2026-02-18 21:43:32,2026-02-07,2026,2,February,22,Saturday,True,Late Night
271,26UP00655,1,University Park,02/07/2026 09:30 PM,02/07/2026 09:20 PM,02/07/2026 09:35 PM,Visitor observed highly intoxicated,BRYCE JORDAN CENTER,2026-02-18 21:43:32,2026-02-07,2026,2,February,21,Saturday,True,Evening
272,26UP00656,1,University Park,02/07/2026 09:29 PM,02/07/2026 09:29 PM,02/07/2026 11:15 PM,Assisted the fire department with a reported fire alarm activation,LUBERT BLDG,2026-02-18 21:43:32,2026-02-07,2026,2,February,21,Saturday,True,Evening
273,26UP00654,1,University Park,02/07/2026 09:29 PM,02/07/2026 03:00 PM,02/07/2026 09:00 PM,Assisted an outside law enforcement agency with an investigation,BRYCE JORDAN CENTER,2026-02-18 21:43:32,2026-02-07,2026,2,February,21,Saturday,True,Evening
274,26UP00657,1,University Park,02/07/2026 09:06 PM,02/07/2026 09:06 PM,02/07/2026 10:20 PM,Visitor observed highly intoxicated and transported to the hospital,BRYCE JORDAN CENTER,2026-02-18 21:43:32,2026-02-07,2026,2,February,21,Saturday,True,Evening
275,26UP00653,1,University Park,02/07/2026 08:56 PM,02/07/2026 12:00 PM,02/07/2026 08:30 PM,Visitor reported a hit and run vehicle crash,HUB PARKING DECK,2026-02-18 21:43:32,2026-02-07,2026,2,February,20,Saturday,True,Evening
276,26UP00652,1,University Park,02/07/2026 08:47 PM,02/07/2026 08:35 PM,02/07/2026 08:57 PM,Underage visitor observed highly intoxicated and transported to the hospital,BRYCE JORDAN CENTER,2026-02-18 21:43:32,2026-02-07,2026,2,February,20,Saturday,True,Evening
283,26UP00651,1,University Park,02/07/2026 01:28 PM,02/07/2026 01:28 PM,02/07/2026 02:00 PM,Visitor requested assistance in locating a student,GEARY HALL,2026-02-18 21:43:32,2026-02-07,2026,2,February,13,Saturday,True,Afternoon
284,26UP00650,1,University Park,02/07/2026 01:25 PM,02/07/2026 01:25 PM,02/07/2026 02:04 PM,Employee reported a one vehicle crash with no injuries,EAST PARKING DECK,2026-02-18 21:43:32,2026-02-07,2026,2,February,13,Saturday,True,Afternoon
285,26UP00649,1,University Park,02/07/2026 12:27 PM,02/06/2026 02:45 PM,02/06/2026 03:10 PM,Student requested assistance with a personal matter,MCALLISTER BLDG,2026-02-18 21:43:32,2026-02-07,2026,2,February,12,Saturday,True,Afternoon
288,26UP00648,1,University Park,02/07/2026 04:45 AM,02/07/2026 04:45 AM,02/07/2026 05:25 AM,Underage student observed highly intoxicated and transported to the hospital,ROBINSON HALL,2026-02-18 21:43:32,2026-02-07,2026,2,February,4,Saturday,True,Late Night
289,26UP00647,1,University Park,02/07/2026 04:45 AM,02/07/2026 04:45 AM,02/07/2026 06:03 AM,A vehicle stop investigation revealed the operator to be driving under the influence of alcohol,BIGLER RD & EISENHOWER RD,2026-02-18 21:43:32,2026-02-07,2026,2,February,4,Saturday,True,Late Night
290,26UP00646,1,University Park,02/07/2026 03:29 AM,02/07/2026 03:29 AM,02/07/2026 04:01 AM,Student observed highly intoxicated,MCKEAN HALL,2026-02-18 21:43:32,2026-02-07,2026,2,February,3,Saturday,True,Late Night
291,26UP00645,1,University Park,02/07/2026 03:08 AM,02/07/2026 03:08 AM,02/07/2026 03:33 AM,Student observed highly intoxicated and transported to the hospital,HIBBS HALL,2026-02-18 21:43:32,2026-02-07,2026,2,February,3,Saturday,True,Late Night
292,26UP00643,1,University Park,02/07/2026 02:43 AM,02/07/2026 02:43 AM,02/07/2026 05:43 AM,Student reported being physically assaulted by an identified person,SHORTLIDGE RD & POLLOCK RD,2026-02-18 21:43:32,2026-02-07,2026,2,February,2,Saturday,True,Late Night
296,26UP00638,1,University Park,02/07/2026 01:26 AM,02/07/2026 01:16 AM,02/07/2026 01:26 AM,Student observed highly intoxicated,MCKEAN HALL,2026-02-18 21:43:32,2026-02-07,2026,2,February,1,Saturday,True,Late Night
297,26UP00684,1,University Park,02/07/2026 01:00 AM,02/09/2026 07:48 PM,02/09/2026 08:53 PM,Received this department's copy of a Protection From Abuse (PFA) order,UNIVERSITY SUPPORT BLDG I,2026-02-18 21:43:32,2026-02-07,2026,2,February,1,Saturday,True,Late Night
298,26UP00637,1,University Park,02/07/2026 12:50 AM,02/07/2026 12:50 AM,02/07/2026 01:11 AM,Student observed highly intoxicated and transported to the hospital,STUART HALL,2026-02-18 21:43:32,2026-02-07,2026,2,February,0,Saturday,True,Late Night
301,26UP00634,1,University Park,02/06/2026 11:42 PM,02/06/2026 11:42 PM,02/06/2026 11:55 PM,"Resident Assistant reported the odor of marijuana, origin not located",PACKER HALL,2026-02-18 21:43:32,2026-02-06,2026,2,February,23,Friday,False,Late Night
302,26UP00632,1,University Park,02/06/2026 11:36 PM,02/06/2026 11:36 PM,02/07/2026 12:16 AM,Identified occupants in possession of marijuana and drug paraphernalia,RUNKLE HALL,2026-02-18 21:43:32,2026-02-06,2026,2,February,23,Friday,False,Late Night
303,26UP00631,1,University Park,02/06/2026 11:17 PM,02/06/2026 11:17 PM,02/07/2026 11:32 PM,"Resident Assistant reported the odor of marijuana, origin not located",MIFFLIN HALL,2026-02-18 21:43:32,2026-02-06,2026,2,February,23,Friday,False,Late Night
304,26UP00630,1,University Park,02/06/2026 11:08 PM,02/06/2026 10:16 PM,02/06/2026 11:08 PM,Student reported damage to University property,GEARY HALL,2026-02-18 21:43:32,2026-02-06,2026,2,February,23,Friday,False,Late Night
307,26UP00625,1,University Park,02/06/2026 09:53 PM,02/06/2026 09:53 PM,02/06/2026 10:39 PM,Student observed highly intoxicated and transported to the hospital,MCKEE HALL,2026-02-18 21:43:32,2026-02-06,2026,2,February,21,Friday,False,Evening
308,26UP00623,1,University Park,02/06/2026 08:29 PM,02/06/2026 08:29 PM,02/06/2026 10:14 PM,Visitor reported a concern for another person,E COLLEGE AVE,2026-02-18 21:43:32,2026-02-06,2026,2,February,20,Friday,False,Evening
309,26UP00619,1,University Park,02/06/2026 06:52 PM,02/05/2026 12:00 AM,02/06/2026 06:52 PM,Assisted an outside law enforcement agency with an investigation,UNIVERSITY SUPPORT BLDG I,2026-02-18 21:43:32,2026-02-06,2026,2,February,18,Friday,False,Evening
311,26UP00615,1,University Park,02/06/2026 05:07 PM,02/06/2026 05:07 PM,02/06/2026 05:40 PM,Employee reported a concern for another student,STUDENT HEALTH CENTER,2026-02-18 21:43:32,2026-02-06,2026,2,February,17,Friday,False,Afternoon
313,26UP00616,1,University Park,02/06/2026 04:42 PM,02/06/2026 08:00 AM,02/06/2026 04:00 PM,Employee reported being harassed,N BURROWES RD,2026-02-18 21:43:32,2026-02-06,2026,2,February,16,Friday,False,Afternoon
317,26UP00612,1,University Park,02/06/2026 03:05 PM,02/06/2026 03:05 PM,02/06/2026 03:40 PM,Student reported suspicious activity,STUART HALL,2026-02-18 21:43:32,2026-02-06,2026,2,February,15,Friday,False,Afternoon
322,26UP00611,1,University Park,02/06/2026 01:12 PM,02/06/2026 01:12 PM,02/06/2026 01:52 PM,Student reported a two vehicle crash with no injuries,POWER PLANT,2026-02-18 21:43:32,2026-02-06,2026,2,February,13,Friday,False,Afternoon
323,26UP00610,1,University Park,02/06/2026 01:03 PM,02/06/2026 01:03 PM,02/06/2026 01:41 PM,Assisted the fire department with a reported fire alarm activation,RESEARCH DR,2026-02-18 21:43:32,2026-02-06,2026,2,February,13,Friday,False,Afternoon
331,26UP00609,1,University Park,02/06/2026 07:44 AM,02/06/2026 06:15 AM,,Employee reported a suspicious odor,ORANGE A KATZ LOT,2026-02-18 21:43:32,2026-02-06,2026,2,February,7,Friday,False,Morning
332,26UP00608,1,University Park,02/06/2026 07:38 AM,02/06/2026 07:38 AM,02/06/2026 08:30 AM,Visitor reported a two vehicle crash with no injuries,HOSPITAL DR,2026-02-18 21:43:32,2026-02-06,2026,2,February,7,Friday,False,Morning
335,26UP00607,1,University Park,02/06/2026 03:51 AM,02/06/2026 03:51 AM,02/06/2026 05:22 AM,Assisted an outside law enforcement agency with an investigation,HETZEL ST,2026-02-18 21:43:32,2026-02-06,2026,2,February,3,Friday,False,Late Night
336,26UP00606,1,University Park,02/06/2026 02:43 AM,02/06/2026 02:43 AM,02/06/2026 03:09 AM,Underage student observed highly intoxicated and transported to the hospital,TENER HALL,2026-02-18 21:43:32,2026-02-06,2026,2,February,2,Friday,False,Late Night
339,26UP00602,1,University Park,02/06/2026 12:11 AM,02/06/2026 12:11 AM,02/06/2026 12:30 AM,Student observed highly intoxicated and transported to the hospital,MCELWAIN HALL,2026-02-18 21:43:32,2026-02-06,2026,2,February,0,Friday,False,Late Night
344,26UP00592,1,University Park,02/05/2026 06:21 PM,02/05/2026 06:21 PM,02/05/2026 07:06 PM,Student reported suspicious odor,HOLMES HALL,2026-02-18 21:43:32,2026-02-05,2026,2,February,18,Thursday,False,Evening
345,26UP00591,1,University Park,02/05/2026 06:14 PM,01/10/2026 12:00 AM,02/05/2026 07:38 PM,Student reported the theft of their unsecured / unattended personal property,CHACE HALL,2026-02-18 21:43:32,2026-02-05,2026,2,February,18,Thursday,False,Evening
347,26UP00590,1,University Park,02/05/2026 05:54 PM,01/30/2026 12:00 AM,01/31/2026 12:00 AM,Assisted an outside agency with a reported Clery crime at an off campus location,ON CAMPUS PROPERTY,2026-02-18 21:43:32,2026-02-05,2026,2,February,17,Thursday,False,Afternoon
356,26UP00588,1,University Park,02/05/2026 02:34 PM,02/05/2026 01:31 PM,02/05/2026 03:30 PM,Student reported a bicycle crash with injuries,WILLARD BLDG,2026-02-18 21:43:32,2026-02-05,2026,2,February,14,Thursday,False,Afternoon
357,26UP00586,1,University Park,02/05/2026 02:19 PM,02/04/2026 04:19 PM,02/04/2026 05:00 PM,Employee reported suspicious activity,UNIVERSITY SUPPORT BLDG I,2026-02-18 21:43:32,2026-02-05,2026,2,February,14,Thursday,False,Afternoon
361,26UP00585,1,University Park,02/05/2026 12:11 PM,01/31/2026 01:10 PM,01/31/2026 03:07 PM,Visitor reported the theft of their unattended personal property,COMMUTER JORDAN EAST 2 LOT,2026-02-18 21:43:32,2026-02-05,2026,2,February,12,Thursday,False,Afternoon
362,26UP00583,1,University Park,02/05/2026 11:48 AM,02/04/2026 02:15 PM,,Student reported a two vehicle crash with no injuries,EAST PARKING DECK,2026-02-18 21:43:32,2026-02-05,2026,2,February,11,Thursday,False,Morning
363,26UP00582,1,University Park,02/05/2026 11:24 AM,02/05/2026 01:45 AM,02/05/2026 10:30 AM,Employee reported damage to University property,HASTINGS HALL,2026-02-18 21:43:32,2026-02-05,2026,2,February,11,Thursday,False,Morning
368,26UP00581,1,University Park,02/05/2026 08:12 AM,02/05/2026 08:12 AM,02/05/2026 03:50 PM,Student requested assistance with a personal matter,UNIVERSITY SUPPORT BLDG I,2026-02-18 21:43:32,2026-02-05,2026,2,February,8,Thursday,False,Morning
371,26UP00580,1,University Park,02/05/2026 05:36 AM,02/05/2026 05:36 AM,02/05/2026 06:05 AM,Student stopped and found in possession of drug paraphernalia,E PARK AVE & HOSPITAL DR,2026-02-18 21:43:32,2026-02-05,2026,2,February,5,Thursday,False,Late Night
372,26UP00579,1,University Park,02/05/2026 02:06 AM,02/05/2026 01:30 AM,02/05/2026 02:45 AM,Underage student observed highly intoxicated,HIESTER HALL,2026-02-18 21:43:32,2026-02-05,2026,2,February,2,Thursday,False,Late Night
373,26UP00578,1,University Park,02/05/2026 01:20 AM,02/04/2026 11:00 PM,02/05/2026 02:38 AM,Student reported a concern for another student,BEAVER HALL,2026-02-18 21:43:32,2026-02-05,2026,2,February,1,Thursday,False,Late Night
376,26UP00577,1,University Park,02/05/2026 12:27 AM,02/05/2026 12:27 AM,02/05/2026 01:00 AM,Underage student observed highly intoxicated,PENNYPACKER HALL,2026-02-18 21:43:32,2026-02-05,2026,2,February,0,Thursday,False,Late Night
380,26UP00574,1,University Park,02/04/2026 08:19 PM,02/04/2026 08:19 PM,02/04/2026 08:56 PM,Employee reported damage to University property,STUART HALL,2026-02-18 21:43:32,2026-02-04,2026,2,February,20,Wednesday,False,Evening
385,26UP00572,1,University Park,02/04/2026 04:04 PM,08/30/2025 12:00 PM,08/30/2025 06:00 PM,Student reported they were indecently assaulted by a known person at a University Building,BEAVER STADIUM,2026-02-18 21:43:32,2026-02-04,2026,2,February,16,Wednesday,False,Afternoon
386,26UP00571,1,University Park,02/04/2026 03:53 PM,02/04/2026 03:53 PM,02/04/2026 03:59 PM,Employee requested assistance with a civil matter,HUB PARKING DECK,2026-02-18 21:43:32,2026-02-04,2026,2,February,15,Wednesday,False,Afternoon
395,26UP00570,1,University Park,02/04/2026 11:30 AM,02/04/2026 11:30 AM,02/04/2026 01:59 PM,Assisted the ambulance with a medical emergency,RESEARCH DR,2026-02-18 21:43:32,2026-02-04,2026,2,February,11,Wednesday,False,Morning
396,26UP00569,1,University Park,02/04/2026 11:23 AM,02/04/2026 11:23 AM,02/04/2026 12:55 PM,Assisted an outside law enforcement agency with an investigation,E PARK AVE & HOSPITAL DR,2026-02-18 21:43:32,2026-02-04,2026,2,February,11,Wednesday,False,Morning
397,26UP00568,1,University Park,02/04/2026 11:18 AM,02/04/2026 09:40 AM,02/04/2026 11:20 AM,Student reported a hit and run vehicle crash,NITTANY PARKING,2026-02-18 21:43:32,2026-02-04,2026,2,February,11,Wednesday,False,Morning
399,26UP00567,1,University Park,02/04/2026 10:56 AM,02/04/2026 10:41 AM,,Employee reported theft of services,EAST PARKING DECK,2026-02-18 21:43:32,2026-02-04,2026,2,February,10,Wednesday,False,Morning
411,26UP00564,1,University Park,02/03/2026 08:36 PM,02/03/2026 08:36 PM,02/03/2026 11:08 PM,Assisted an outside law enforcement agency with an investigation,KIRKBRIDE DR,2026-02-18 21:43:32,2026-02-03,2026,2,February,20,Tuesday,False,Evening
419,26UP00563,1,University Park,02/03/2026 03:46 PM,12/23/2025 04:00 PM,01/21/2026 04:00 PM,Student reported the theft of University property,HAMMOND BLDG,2026-02-18 21:43:32,2026-02-03,2026,2,February,15,Tuesday,False,Afternoon
420,26UP00562,1,University Park,02/03/2026 03:44 PM,02/03/2026 03:44 PM,02/03/2026 04:23 PM,Student reported damage to personal property,GRUBB HALL,2026-02-18 21:43:32,2026-02-03,2026,2,February,15,Tuesday,False,Afternoon
423,26UP00559,1,University Park,02/03/2026 02:31 PM,02/02/2026 02:15 PM,02/02/2026 02:20 PM,Student reported a hit and run vehicle crash,HUB ROBESON CULTURAL CENTER,2026-02-18 21:43:32,2026-02-03,2026,2,February,14,Tuesday,False,Afternoon
424,26UP00561,1,University Park,02/03/2026 02:12 PM,01/28/2026 08:12 AM,02/03/2026 02:52 PM,Employee reported unauthorized/fraudulent activity on a University account,HUB ROBESON CULTURAL CENTER,2026-02-18 21:43:32,2026-02-03,2026,2,February,14,Tuesday,False,Afternoon
428,26UP00557,1,University Park,02/03/2026 01:06 PM,01/29/2026 02:49 PM,,Assisted an employee with an administrative matter,UNIVERSITY SUPPORT BLDG I,2026-02-18 21:43:32,2026-02-03,2026,2,February,13,Tuesday,False,Afternoon
429,26UP00555,1,University Park,02/03/2026 12:17 PM,02/02/2026 04:00 AM,02/03/2026 12:42 PM,Employee reported being harassed,MUELLER LAB,2026-02-18 21:43:32,2026-02-03,2026,2,February,12,Tuesday,False,Afternoon
430,26UP00556,1,University Park,02/03/2026 12:11 PM,02/03/2026 12:11 PM,02/03/2026 01:08 PM,Visitor reported a University policy violation,WILLARD BLDG,2026-02-18 21:43:32,2026-02-03,2026,2,February,12,Tuesday,False,Afternoon
436,26UP00552,1,University Park,02/03/2026 09:11 AM,02/02/2026 08:00 PM,02/02/2026 09:00 PM,Student requested assistance with an administrative matter,WARTIK LAB,2026-02-18 21:43:32,2026-02-03,2026,2,February,9,Tuesday,False,Morning
441,26UP00550,1,University Park,02/03/2026 01:51 AM,02/03/2026 01:51 AM,02/03/2026 02:45 AM,Underage students observed highly intoxicated,MARTIN HALL,2026-02-18 21:43:32,2026-02-03,2026,2,February,1,Tuesday,False,Late Night
442,26UP00546,1,University Park,02/02/2026 11:31 PM,02/02/2026 11:31 PM,02/02/2026 11:53 PM,Student observed highly intoxicated and transported to the hospital,BEAVER HALL,2026-02-18 21:43:32,2026-02-02,2026,2,February,23,Monday,False,Late Night
444,26UP00539,1,University Park,02/02/2026 10:03 PM,02/02/2026 09:20 PM,02/02/2026 10:20 PM,Student requested assistance with a civil matter,NITTANY APT,2026-02-18 21:43:32,2026-02-02,2026,2,February,22,Monday,False,Late Night
448,26UP00537,1,University Park,02/02/2026 07:53 PM,02/01/2026 10:45 AM,02/01/2026 11:48 AM,Visitor reported disorderly persons,PEGULA ICE ARENA,2026-02-18 21:43:32,2026-02-02,2026,2,February,19,Monday,False,Evening
449,26UP00536,1,University Park,02/02/2026 06:38 PM,02/02/2026 05:30 PM,02/02/2026 06:30 PM,Student reported being harassed,INTRAMURAL BLDG,2026-02-18 21:43:32,2026-02-02,2026,2,February,18,Monday,False,Evening
450,26UP00535,1,University Park,02/02/2026 06:08 PM,02/02/2026 06:08 PM,02/02/2026 06:29 PM,Assisted the fire department with a reported fire alarm activation,BEAVER STADIUM,2026-02-18 21:43:32,2026-02-02,2026,2,February,18,Monday,False,Evening
456,26UP00533,1,University Park,02/02/2026 04:42 PM,02/02/2026 04:42 PM,02/02/2026 04:45 PM,Assisted an outside law enforcement agency with an investigation,EARLYSTOWN RD,2026-02-18 21:43:32,2026-02-02,2026,2,February,16,Monday,False,Afternoon
458,26UP00532,1,University Park,02/02/2026 02:52 PM,09/02/2022 02:52 PM,05/02/2023 02:52 PM,Assisted an outside law enforcement agency with an investigation,UNIVERSITY SUPPORT BLDG I,2026-02-18 21:43:32,2026-02-02,2026,2,February,14,Monday,False,Afternoon
460,26UP00531,1,University Park,02/02/2026 12:10 PM,01/29/2026 08:00 AM,01/29/2026 11:09 AM,Student reported the loss or theft of their unsecured personal property,HOSLER BLDG,2026-02-18 21:43:32,2026-02-02,2026,2,February,12,Monday,False,Afternoon
462,26UP00530,1,University Park,02/02/2026 10:04 AM,01/31/2026 07:30 PM,01/31/2026 08:19 PM,Student reported a suspicious odor,BEAVER HALL,2026-02-18 21:43:32,2026-02-02,2026,2,February,10,Monday,False,Morning
470,26UP00528,1,University Park,02/02/2026 08:14 AM,02/02/2026 08:00 AM,,Employee reported a traffic complaint,EAST PARKING DECK,2026-02-18 21:43:32,2026-02-02,2026,2,February,8,Monday,False,Morning
471,26UP00529,1,University Park,02/02/2026 08:01 AM,02/02/2026 08:01 AM,02/02/2026 08:30 AM,Visitor reported a concern for a student,BEAVER HALL,2026-02-18 21:43:32,2026-02-02,2026,2,February,8,Monday,False,Morning
477,26UP00525,1,University Park,02/01/2026 11:28 PM,02/01/2026 08:35 PM,02/01/2026 09:00 PM,Student reported the theft of their unattended personal property,STEPHENS HALL,2026-02-18 21:43:32,2026-02-01,2026,2,February,23,Sunday,True,Late Night
480,26UP00524,1,University Park,02/01/2026 09:25 PM,02/01/2026 08:58 PM,,Student reported a two vehicle crash with no injuries,LOT 83 (B) LOT,2026-02-18 21:43:32,2026-02-01,2026,2,February,21,Sunday,True,Evening
481,26UP00518,1,University Park,02/01/2026 05:56 PM,01/30/2026 03:45 PM,01/30/2026 04:45 PM,Student requested assistance with a personal matter,POLLOCK HALL,2026-02-18 21:43:32,2026-02-01,2026,2,February,17,Sunday,True,Afternoon
489,26UP00516,1,University Park,02/01/2026 02:19 PM,02/01/2026 02:19 PM,02/01/2026 03:28 PM,Visitor requested the assistance in locating a student,THOMPSON HALL,2026-02-18 21:43:32,2026-02-01,2026,2,February,14,Sunday,True,Afternoon
490,26UP00515,1,University Park,02/01/2026 02:03 PM,01/28/2026 12:00 AM,01/30/2026 11:59 PM,Student reported damage to their privately owned vehicle,WEST DECK,2026-02-18 21:43:32,2026-02-01,2026,2,February,14,Sunday,True,Afternoon
491,26UP00514,1,University Park,02/01/2026 01:41 PM,02/01/2026 01:41 PM,02/01/2026 02:15 PM,Student requested assistance with a personal matter,WARING HALL,2026-02-18 21:43:32,2026-02-01,2026,2,February,13,Sunday,True,Afternoon
492,26UP00513,1,University Park,02/01/2026 01:39 PM,10/01/2025 12:00 AM,02/01/2026 01:39 PM,Student reported a suspicious person,ATHERTON HALL,2026-02-18 21:43:32,2026-02-01,2026,2,February,13,Sunday,True,Afternoon
494,26UP00512,1,University Park,02/01/2026 12:40 PM,02/01/2026 12:40 PM,02/01/2026 03:50 PM,Student reported a concern for another student,NELSON HALL,2026-02-18 21:43:32,2026-02-01,2026,2,February,12,Sunday,True,Afternoon
502,26UP00506,1,University Park,02/01/2026 01:51 AM,02/01/2026 01:51 AM,,A vehicle stop investigation revealed the operator to be driving under the influence of alcohol,N ATHERTON ST & W PARK AVE,2026-02-18 21:43:32,2026-02-01,2026,2,February,1,Sunday,True,Late Night
503,26UP00511,1,University Park,02/01/2026 01:38 AM,02/01/2026 01:38 AM,02/01/2026 02:52 AM,Underage student observed highly intoxicated,MCELWAIN HALL,2026-02-18 21:43:32,2026-02-01,2026,2,February,1,Sunday,True,Late Night
508,26UP00500,1,University Park,01/31/2026 06:33 PM,01/31/2026 06:33 PM,01/31/2026 07:19 PM,Student reported a two vehicle crash with no injuries,E PARK AVE & AMBASSADOR WAY,2026-02-18 21:43:32,2026-01-31,2026,1,January,18,Saturday,True,Evening
509,26UP00499,1,University Park,01/31/2026 05:23 PM,01/31/2026 05:23 PM,01/31/2026 05:33 PM,Visitor reported a hit and run vehicle crash,FOOTBALL LOT,2026-02-18 21:43:32,2026-01-31,2026,1,January,17,Saturday,True,Afternoon
510,26UP00497,1,University Park,01/31/2026 04:44 PM,01/31/2026 04:12 PM,01/31/2026 04:44 PM,Visitor reported being harassed,BEAVER STADIUM,2026-02-18 21:43:32,2026-01-31,2026,1,January,16,Saturday,True,Afternoon
514,26UP00496,1,University Park,01/31/2026 02:17 PM,01/31/2026 01:54 PM,01/31/2026 02:20 PM,Officer observed student engaged in disorderly behavior,BEAVER STADIUM,2026-02-18 21:43:32,2026-01-31,2026,1,January,14,Saturday,True,Afternoon
515,26UP00495,1,University Park,01/31/2026 02:10 PM,01/31/2026 02:10 PM,01/31/2026 02:40 PM,Underage student observed highly intoxicated and transported to the hospital,HOYT HALL,2026-02-18 21:43:32,2026-01-31,2026,1,January,14,Saturday,True,Afternoon
516,26UP00494,1,University Park,01/31/2026 01:58 PM,01/31/2026 01:58 PM,01/31/2026 02:24 PM,Student observed highly intoxicated,STADIUM WEST RD,2026-02-18 21:43:32,2026-01-31,2026,1,January,13,Saturday,True,Afternoon
517,26UP00493,1,University Park,01/31/2026 01:49 PM,01/31/2026 01:49 PM,01/31/2026 02:55 PM,Underage student observed highly intoxicated and transported to the hospital,HOYT HALL,2026-02-18 21:43:32,2026-01-31,2026,1,January,13,Saturday,True,Afternoon
518,26UP00492,1,University Park,01/31/2026 01:41 PM,01/31/2026 01:41 PM,01/31/2026 01:51 PM,Assisted an outside law enforcement agency with an investigation,BEAVER STADIUM,2026-02-18 21:43:32,2026-01-31,2026,1,January,13,Saturday,True,Afternoon
519,26UP00491,1,University Park,01/31/2026 12:42 PM,01/31/2026 12:42 PM,01/31/2026 04:00 PM,Assisted an employee with an administrative matter,INTRAMURAL BLDG,2026-02-18 21:43:32,2026-01-31,2026,1,January,12,Saturday,True,Afternoon
520,26UP00490,1,University Park,01/31/2026 12:19 PM,01/31/2026 12:17 PM,01/31/2026 12:18 PM,Employee  reported a one vehicle crash with no injuries,NITTANY PARKING,2026-02-18 21:43:32,2026-01-31,2026,1,January,12,Saturday,True,Afternoon
521,26UP00489,1,University Park,01/31/2026 12:05 PM,01/31/2026 12:05 PM,01/31/2026 01:40 PM,Underage student observed highly intoxicated and transportedto the hospital,REDIFER HALL,2026-02-18 21:43:32,2026-01-31,2026,1,January,12,Saturday,True,Afternoon
524,26UP00486,1,University Park,01/31/2026 10:08 AM,01/31/2026 08:49 AM,,Student reported suspicious activity,UNIVERSITY SUPPORT BLDG I,2026-02-18 21:43:32,2026-01-31,2026,1,January,10,Saturday,True,Morning
526,26UP00487,1,University Park,01/31/2026 09:12 AM,01/31/2026 09:12 AM,01/31/2026 12:45 PM,Assisted an outside law enforcement agency with an investigation,LOGAN AVE,2026-02-18 21:43:32,2026-01-31,2026,1,January,9,Saturday,True,Morning
528,26UP00484,1,University Park,01/31/2026 08:24 AM,01/31/2026 08:24 AM,,Citations issued/Charges filed on University property by outside law enforcement agencies,BEAVER STADIUM,2026-02-18 21:43:32,2026-01-31,2026,1,January,8,Saturday,True,Morning
532,26UP00483,1,University Park,01/31/2026 05:59 AM,01/31/2026 05:59 AM,01/31/2026 04:30 PM,The Penn State Bomb Squad provided counter IED support for the Penn State vs Michigan State outdoor ice hockey game,BEAVER STADIUM,2026-02-18 21:43:32,2026-01-31,2026,1,January,5,Saturday,True,Late Night
534,26UP00482,1,University Park,01/31/2026 01:36 AM,01/31/2026 01:36 AM,,A vehicle stop investigation revealed the operator to be driving under the influence of alcohol,N BURROWES RD,2026-02-18 21:43:32,2026-01-31,2026,1,January,1,Saturday,True,Late Night
539,26UP00480,1,University Park,01/31/2026 12:46 AM,01/30/2026 10:30 PM,01/31/2026 11:56 PM,Student reported being harassed,EARLE HALL,2026-02-18 21:43:32,2026-01-31,2026,1,January,0,Saturday,True,Late Night
541,26UP00474,1,University Park,01/30/2026 06:39 PM,01/30/2026 06:00 PM,01/30/2026 07:33 PM,Officer conducted a security inspection,BEAVER STADIUM,2026-02-18 21:43:32,2026-01-30,2026,1,January,18,Friday,False,Evening
542,26UP00475,1,University Park,01/30/2026 05:25 PM,01/30/2026 05:25 PM,01/30/2026 07:01 PM,Received this department's copy of a Protection From Abuse (PFA) order,UNIVERSITY SUPPORT BLDG I,2026-02-18 21:43:32,2026-01-30,2026,1,January,17,Friday,False,Afternoon
544,26UP00470,1,University Park,01/30/2026 03:18 PM,01/30/2026 03:18 PM,01/30/2026 04:00 PM,Assisted a student with a personal matter,STUDENT HEALTH CENTER,2026-02-18 21:43:32,2026-01-30,2026,1,January,15,Friday,False,Afternoon
546,26UP00469,1,University Park,01/30/2026 01:14 PM,01/30/2026 01:14 PM,01/30/2026 02:43 PM,Student requested assistance with a personal matter,YOUNG HALL,2026-02-18 21:43:32,2026-01-30,2026,1,January,13,Friday,False,Afternoon
547,26UP00467,1,University Park,01/30/2026 01:12 PM,01/30/2026 01:12 PM,01/30/2026 01:24 PM,Assisted the ambulance with a medical emergency,INNOVATION BLVD,2026-02-18 21:43:32,2026-01-30,2026,1,January,13,Friday,False,Afternoon
548,26UP00468,1,University Park,01/30/2026 12:51 PM,01/30/2026 12:51 PM,01/30/2026 01:30 PM,Student requested assistance in locating another student,SIMMONS HALL,2026-02-18 21:43:32,2026-01-30,2026,1,January,12,Friday,False,Afternoon
557,26UP00464,1,University Park,01/30/2026 02:52 AM,01/30/2026 02:45 AM,01/30/2026 03:00 AM,Underage student observed highly intoxicated and transported to the hospital,REDIFER HALL,2026-02-18 21:43:32,2026-01-30,2026,1,January,2,Friday,False,Late Night
563,26UP00452,1,University Park,01/29/2026 09:16 PM,01/29/2026 09:16 PM,01/29/2026 09:26 PM,Student found in possession of counterfeit identification card,N ATHERTON ST (RAILROAD AVE - WHITE COURSE DR),2026-02-18 21:43:32,2026-01-29,2026,1,January,21,Thursday,False,Evening
566,26UP00451,1,University Park,01/29/2026 08:55 PM,01/29/2026 05:00 PM,01/29/2026 08:55 PM,Assisted an outside law enforcement agency with an investigation,BRYCE JORDAN CENTER,2026-02-18 21:43:32,2026-01-29,2026,1,January,20,Thursday,False,Evening
567,26UP00450,1,University Park,01/29/2026 08:26 PM,01/29/2026 08:16 PM,01/29/2026 08:27 PM,Employee reported abandoned property,OSMOND LAB,2026-02-18 21:43:32,2026-01-29,2026,1,January,20,Thursday,False,Evening
569,26UP00449,1,University Park,01/29/2026 06:50 PM,01/29/2026 06:50 PM,01/29/2026 07:53 PM,Employee reported a two vehicle crash with no injuries,DAUER DR & UNIVERSITY DR,2026-02-18 21:43:32,2026-01-29,2026,1,January,18,Thursday,False,Evening
570,26UP00448,1,University Park,01/29/2026 06:31 PM,01/29/2026 06:31 PM,01/29/2026 06:51 PM,Visitor reported a two vehicle crash with no injuries,FOOTBALL SHIELDS ADA LOT,2026-02-18 21:43:32,2026-01-29,2026,1,January,18,Thursday,False,Evening
571,26UP00447,1,University Park,01/29/2026 06:16 PM,01/29/2026 06:00 PM,01/29/2026 06:16 PM,Visitor reported accidental damage to personal property,COMMUTER JORDAN SOUTH LOT,2026-02-18 21:43:32,2026-01-29,2026,1,January,18,Thursday,False,Evening
578,26UP00443,1,University Park,01/29/2026 12:21 PM,01/29/2026 12:21 PM,01/29/2026 01:27 PM,Officer conducted a security inspection,BRYCE JORDAN CENTER,2026-02-18 21:43:32,2026-01-29,2026,1,January,12,Thursday,False,Afternoon
579,26UP00442,1,University Park,01/29/2026 12:06 PM,01/29/2026 12:06 PM,01/29/2026 01:05 PM,Assisted an outside law enforcement agency with an investigation,UNIVERSITY SUPPORT BLDG I,2026-02-18 21:43:32,2026-01-29,2026,1,January,12,Thursday,False,Afternoon
580,26UP00441,1,University Park,01/29/2026 11:56 AM,06/01/2024 02:56 AM,06/13/2024 11:00 PM,Assisted an employee with an administrative matter,SCIENCE PARK RD,2026-02-18 21:43:32,2026-01-29,2026,1,January,11,Thursday,False,Morning
584,26UP00439,1,University Park,01/29/2026 09:09 AM,01/29/2026 09:09 AM,01/29/2026 10:00 AM,Officer conducted a pre-employment background investigation,UNIVERSITY SUPPORT BLDG I,2026-02-18 21:43:32,2026-01-29,2026,1,January,9,Thursday,False,Morning
589,26UP00438,1,University Park,01/28/2026 11:54 PM,01/28/2026 11:54 PM,01/29/2026 12:30 AM,Employee reported a fire alarm activation,STUART HALL,2026-02-18 21:43:32,2026-01-28,2026,1,January,23,Wednesday,False,Late Night
590,26UP00436,1,University Park,01/28/2026 10:29 PM,01/28/2026 08:00 PM,01/28/2026 08:08 PM,Assisted Residence Life staff with a University policy violation,STUART HALL,2026-02-18 21:43:32,2026-01-28,2026,1,January,22,Wednesday,False,Late Night
594,26UP00434,1,University Park,01/28/2026 08:17 PM,01/28/2026 08:17 PM,01/28/2026 09:00 PM,Student reported a concern for another student,PENNYPACKER HALL,2026-02-18 21:43:32,2026-01-28,2026,1,January,20,Wednesday,False,Evening
596,26UP00432,1,University Park,01/28/2026 07:54 PM,01/28/2026 01:29 AM,01/28/2026 10:36 PM,Student reported suspicious persons,STONE HALL,2026-02-18 21:43:32,2026-01-28,2026,1,January,19,Wednesday,False,Evening
598,26UP00431,1,University Park,01/28/2026 07:39 PM,01/28/2026 07:39 PM,01/28/2026 08:02 PM,Assisted the fire department with a reported fire/smoke condition,EAST PARKING DECK,2026-02-18 21:43:32,2026-01-28,2026,1,January,19,Wednesday,False,Evening
599,26UP00430,1,University Park,01/28/2026 07:36 PM,01/28/2026 07:36 PM,01/28/2026 07:49 PM,Student reported a fire,WATER RECLAMATION DR,2026-02-18 21:43:32,2026-01-28,2026,1,January,19,Wednesday,False,Evening
600,26UP00429,1,University Park,01/28/2026 07:30 PM,01/28/2026 07:30 PM,01/28/2026 08:15 PM,Student reported being harassed,STUART HALL,2026-02-18 21:43:32,2026-01-28,2026,1,January,19,Wednesday,False,Evening
603,26UP00428,1,University Park,01/28/2026 06:43 PM,01/28/2026 06:43 PM,01/28/2026 07:15 PM,Assisted a student with a personal matter,BEAM HALL,2026-02-18 21:43:32,2026-01-28,2026,1,January,18,Wednesday,False,Evening
609,26UP00423,1,University Park,01/28/2026 02:36 PM,01/28/2026 01:36 PM,01/28/2026 02:36 PM,Assisted an outside law enforcement agency with an investigation,UNIVERSITY SUPPORT BLDG I,2026-02-18 21:43:32,2026-01-28,2026,1,January,14,Wednesday,False,Afternoon
611,26UP00422,1,University Park,01/28/2026 01:35 PM,01/28/2026 01:35 PM,01/28/2026 03:07 PM,Employee reported a concern for another student,BOUCKE BLDG,2026-02-18 21:43:32,2026-01-28,2026,1,January,13,Wednesday,False,Afternoon
612,26UP00421,1,University Park,01/28/2026 01:14 PM,01/28/2026 01:14 PM,01/28/2026 01:55 PM,Visitor reported a concern for another student,ON CAMPUS PROPERTY,2026-02-18 21:43:32,2026-01-28,2026,1,January,13,Wednesday,False,Afternoon
619,26UP00420,1,University Park,01/28/2026 11:18 AM,05/08/2025 11:18 AM,07/04/2025 12:00 AM,Visitor reported the theft of their personal property,HARRIS HALL,2026-02-18 21:43:32,2026-01-28,2026,1,January,11,Wednesday,False,Morning
620,26UP00419,1,University Park,01/28/2026 10:57 AM,01/27/2026 12:00 AM,01/27/2026 01:00 AM,Assisted an outside law enforcement agency with an investigation,OFF CAMPUS FRATERNITY,2026-02-18 21:43:32,2026-01-28,2026,1,January,10,Wednesday,False,Morning
623,26UP00418,1,University Park,01/28/2026 10:09 AM,01/28/2026 10:09 AM,01/28/2026 11:54 AM,Visitor reported being harassed,UNKNOWN LOCATION,2026-02-18 21:43:32,2026-01-28,2026,1,January,10,Wednesday,False,Morning
624,26UP00417,1,University Park,01/28/2026 09:08 AM,01/28/2026 09:08 AM,01/28/2026 11:00 AM,Assisted an outside law enforcement agency with an investigation,WILLARD BLDG,2026-02-18 21:43:32,2026-01-28,2026,1,January,9,Wednesday,False,Morning
626,26UP00416,1,University Park,01/28/2026 05:13 AM,01/28/2026 05:13 AM,01/28/2026 05:55 AM,Assisted the fire department with a reported fire alarm,BEAVER STADIUM,2026-02-18 21:43:32,2026-01-28,2026,1,January,5,Wednesday,False,Late Night
627,26UP00415,1,University Park,01/28/2026 02:20 AM,01/28/2026 02:20 AM,01/28/2026 02:33 AM,Assisted Residence Life staff with a University policy violation,BEAVER HALL,2026-02-18 21:43:32,2026-01-28,2026,1,January,2,Wednesday,False,Late Night
631,26UP00414,1,University Park,01/27/2026 11:35 PM,01/27/2026 11:35 PM,01/28/2026 12:15 AM,Student requested assistance with a personal matter,IRVIN HALL,2026-02-18 21:43:32,2026-01-27,2026,1,January,23,Tuesday,False,Late Night
633,26UP00412,1,University Park,01/27/2026 08:15 PM,01/27/2026 08:15 PM,01/27/2026 10:06 PM,Assisted a visitor with a personal matter,E PARK AVE (BIGLER RD - UNIVERSITY DR),2026-02-18 21:43:32,2026-01-27,2026,1,January,20,Tuesday,False,Evening
635,26UP00413,1,University Park,01/27/2026 07:56 PM,01/27/2026 04:31 PM,01/27/2026 07:00 PM,Employee reported a hit and run vehicle crash,HUB PARKING DECK,2026-02-18 21:43:32,2026-01-27,2026,1,January,19,Tuesday,False,Evening
636,26UP00411,1,University Park,01/27/2026 07:29 PM,01/27/2026 07:29 PM,01/27/2026 07:39 PM,Student requested assistance with a personal matter,LOT 83 (B) LOT,2026-02-18 21:43:32,2026-01-27,2026,1,January,19,Tuesday,False,Evening
637,26UP00410,1,University Park,01/27/2026 05:09 PM,01/25/2026 02:00 AM,01/25/2026 10:00 AM,Student reported they were sexually assaulted by a known person in a residence hall,SOUTH HALLS RESIDENCE COMPLEX,2026-02-18 21:43:32,2026-01-27,2026,1,January,17,Tuesday,False,Afternoon
638,26UP00408,1,University Park,01/27/2026 05:00 PM,01/25/2026 07:00 AM,01/27/2026 05:38 PM,Visitor reported suspicious activity,UNIVERSITY SUPPORT BLDG I,2026-02-18 21:43:32,2026-01-27,2026,1,January,17,Tuesday,False,Afternoon
656,26UP00406,1,University Park,01/27/2026 09:36 AM,01/27/2026 09:36 AM,,Assisted an outside law enforcement agency with an investigation,UNIVERSITY DR,2026-02-18 21:43:32,2026-01-27,2026,1,January,9,Tuesday,False,Morning
657,26UP00407,1,University Park,01/27/2026 09:34 AM,01/27/2026 09:34 AM,01/27/2026 10:41 AM,Employee reported a University policy violation,ERIC J. BARRON INNOVATION HUB BUILDING,2026-02-18 21:43:32,2026-01-27,2026,1,January,9,Tuesday,False,Morning
659,26UP00405,1,University Park,01/27/2026 08:25 AM,01/20/2026 04:50 PM,01/20/2026 05:01 PM,Employee reported the theft of University property,REDIFER HALL,2026-02-18 21:43:32,2026-01-27,2026,1,January,8,Tuesday,False,Morning
662,26UP00404,1,University Park,01/27/2026 02:39 AM,01/27/2026 02:39 AM,01/27/2026 02:49 AM,Visitor reported being harassed,UNKNOWN LOCATION,2026-02-18 21:43:32,2026-01-27,2026,1,January,2,Tuesday,False,Late Night
667,26UP00403,1,University Park,01/26/2026 09:55 PM,01/26/2026 09:55 PM,01/26/2026 10:30 PM,Employee reported disorderly persons,EAST PARKING DECK,2026-02-18 21:43:32,2026-01-26,2026,1,January,21,Monday,False,Evening
669,26UP00402,1,University Park,01/26/2026 09:36 PM,01/26/2026 09:36 PM,01/26/2026 09:50 PM,Assisted an outside law enforcement agency with an investigation,SQUIRREL DR,2026-02-18 21:43:32,2026-01-26,2026,1,January,21,Monday,False,Evening
670,26UP00401,1,University Park,01/26/2026 09:07 PM,01/26/2026 09:07 PM,01/26/2026 09:44 PM,"Resident Assistant reported the odor of marijuana, origin not located",ATHERTON HALL,2026-02-18 21:43:32,2026-01-26,2026,1,January,21,Monday,False,Evening
671,26UP00400,1,University Park,01/26/2026 09:06 PM,01/26/2026 07:20 PM,01/26/2026 07:50 PM,Assisted an outside law enforcement agency with an investigation,E COLLEGE AVE & S ALLEN ST,2026-02-18 21:43:32,2026-01-26,2026,1,January,21,Monday,False,Evening
675,26UP00398,1,University Park,01/26/2026 03:25 PM,01/26/2026 05:30 AM,01/26/2026 05:31 AM,Employee reported a one vehicle accident with no injuries,WATTS HALL,2026-02-18 21:43:32,2026-01-26,2026,1,January,15,Monday,False,Afternoon
676,26UP00396,1,University Park,01/26/2026 03:23 PM,01/22/2026 07:30 PM,01/24/2026 06:50 PM,Assisted an outside law enforcement agency with an investigation,E NITTANY AVE,2026-02-18 21:43:32,2026-01-26,2026,1,January,15,Monday,False,Afternoon
677,26UP00397,1,University Park,01/26/2026 03:08 PM,01/25/2026 04:08 PM,01/26/2026 03:46 PM,Employee reported damage to University property,STUART HALL,2026-02-18 21:43:32,2026-01-26,2026,1,January,15,Monday,False,Afternoon
679,26UP00395,1,University Park,01/26/2026 02:21 PM,01/26/2026 02:21 PM,01/26/2026 03:45 PM,Visitor requested assistance in locating a student,MILLER HALL,2026-02-18 21:43:32,2026-01-26,2026,1,January,14,Monday,False,Afternoon
687,26UP00394,1,University Park,01/26/2026 01:55 AM,01/26/2026 12:01 AM,01/26/2026 02:32 AM,Employee reported disorderly persons,PACKER HALL,2026-02-18 21:43:32,2026-01-26,2026,1,January,1,Monday,False,Late Night
692,26UP00393,1,University Park,01/25/2026 05:10 PM,01/25/2026 04:30 PM,01/25/2026 05:10 PM,Assisted the ambulance with a medical emergency,HUB LAWN,2026-02-18 21:43:32,2026-01-25,2026,1,January,17,Sunday,True,Afternoon
696,26UP00392,1,University Park,01/25/2026 03:41 PM,01/25/2026 03:41 PM,01/25/2026 03:49 PM,Employee reported the reckless operation of vehicles,KATZ BLDG,2026-02-18 21:43:32,2026-01-25,2026,1,January,15,Sunday,True,Afternoon
700,26UP00391,1,University Park,01/25/2026 06:30 AM,01/25/2026 04:35 AM,01/25/2026 06:15 AM,Employee reported a person trespassing inside a restricted area,BEAVER STADIUM,2026-02-18 21:43:32,2026-01-25,2026,1,January,6,Sunday,True,Morning
704,26UP00390,1,University Park,01/25/2026 12:21 AM,01/25/2026 12:21 AM,01/25/2026 12:55 AM,Underage student observed highly intoxicated and transported to the hospital,SNYDER HALL,2026-02-18 21:43:32,2026-01-25,2026,1,January,0,Sunday,True,Late Night
705,26UP00389,1,University Park,01/24/2026 09:55 PM,01/24/2026 09:55 PM,01/24/2026 10:30 PM,Employee reported unsafe conditions,BEAVER HALL,2026-02-18 21:43:32,2026-01-24,2026,1,January,21,Saturday,True,Evening
707,26UP00388,1,University Park,01/24/2026 08:15 PM,01/19/2026 08:30 PM,01/24/2026 08:15 PM,Student reported damage to University property,PINCHOT HALL,2026-02-18 21:43:32,2026-01-24,2026,1,January,20,Saturday,True,Evening
710,26UP00387,1,University Park,01/24/2026 05:44 PM,01/24/2026 09:44 AM,01/24/2026 05:44 PM,Student reported the loss of their unattended personal property,FOREST RESOURCES BLDG,2026-02-18 21:43:32,2026-01-24,2026,1,January,17,Saturday,True,Afternoon
711,26UP00386,1,University Park,01/24/2026 05:29 PM,01/24/2026 05:29 PM,01/24/2026 06:00 PM,"Resident Assistant reported the odor of marijuana, origin not located",TENER HALL,2026-02-18 21:43:32,2026-01-24,2026,1,January,17,Saturday,True,Afternoon
712,26UP00385,1,University Park,01/24/2026 04:55 PM,01/24/2026 04:55 PM,01/24/2026 05:29 PM,Student requested assistance with a personal matter,WHITE BLDG,2026-02-18 21:43:32,2026-01-24,2026,1,January,16,Saturday,True,Afternoon
714,26UP00384,1,University Park,01/24/2026 03:35 PM,01/24/2026 03:35 PM,01/24/2026 03:57 PM,"Resident Assistant reported the odor of marijuana, origin not located",SIMMONS HALL,2026-02-18 21:43:32,2026-01-24,2026,1,January,15,Saturday,True,Afternoon
715,26UP00383,1,University Park,01/24/2026 03:31 PM,01/23/2026 07:00 PM,01/23/2026 11:00 PM,Student reported abandoned property,BRYCE JORDAN CENTER,2026-02-18 21:43:32,2026-01-24,2026,1,January,15,Saturday,True,Afternoon
724,26UP00382,1,University Park,01/24/2026 10:48 AM,01/23/2026 10:00 AM,01/23/2026 01:00 PM,Student reported the theft of their unattended personal property,ERIC J. BARRON INNOVATION HUB BUILDING,2026-02-18 21:43:32,2026-01-24,2026,1,January,10,Saturday,True,Morning
728,26UP00381,1,University Park,01/24/2026 08:20 AM,01/24/2026 08:20 AM,01/24/2026 08:50 AM,Student reported a two vehicle crash with no injuries,HUB PARKING DECK,2026-02-18 21:43:32,2026-01-24,2026,1,January,8,Saturday,True,Morning
729,26UP00380,1,University Park,01/24/2026 06:39 AM,01/24/2026 06:39 AM,01/24/2026 07:40 AM,Assisted Residence Life staff with a University policy violation,FINDLAY HALL,2026-02-18 21:43:32,2026-01-24,2026,1,January,6,Saturday,True,Morning
731,26UP00378,1,University Park,01/24/2026 05:23 AM,01/24/2026 05:20 AM,01/24/2026 05:23 AM,Student reported damage to University property,GEARY HALL,2026-02-18 21:43:32,2026-01-24,2026,1,January,5,Saturday,True,Late Night
732,26UP00379,1,University Park,01/24/2026 05:13 AM,01/24/2026 05:13 AM,01/24/2026 06:28 AM,Student reported persons trespassing inside a residence hall,SNYDER HALL,2026-02-18 21:43:32,2026-01-24,2026,1,January,5,Saturday,True,Late Night
733,26UP00377,1,University Park,01/24/2026 03:11 AM,01/24/2026 03:11 AM,01/24/2025 03:36 AM,Student observed highly intoxicated and transported to the hospital,PINCHOT HALL,2026-02-18 21:43:32,2026-01-24,2026,1,January,3,Saturday,True,Late Night
734,26UP00376,1,University Park,01/24/2026 02:59 AM,01/24/2026 02:59 AM,01/24/2026 03:17 AM,Underage student observed highly intoxicated and transported to the hospital,BIGLER RD & MILLENNIUM DR,2026-02-18 21:43:32,2026-01-24,2026,1,January,2,Saturday,True,Late Night
735,26UP00375,1,University Park,01/24/2026 02:05 AM,01/24/2026 02:00 AM,01/24/2026 02:05 AM,Assisted an outside law enforcement agency with an investigation,W COLLEGE AVE,2026-02-18 21:43:32,2026-01-24,2026,1,January,2,Saturday,True,Late Night
737,26UP00374,1,University Park,01/24/2026 01:25 AM,01/24/2026 01:25 AM,01/24/2026 02:23 AM,Student observed highly intoxicated and transported to the hospital,EARLE HALL,2026-02-18 21:43:32,2026-01-24,2026,1,January,1,Saturday,True,Late Night
741,26UP00368,1,University Park,01/24/2026 12:06 AM,01/24/2026 12:06 AM,,Underage student observed highly intoxicated,CURTIN RD & SHORTLIDGE RD,2026-02-18 21:43:32,2026-01-24,2026,1,January,0,Saturday,True,Late Night
742,26UP00367,1,University Park,01/24/2026 12:02 AM,01/24/2026 12:02 AM,01/24/2026 12:47 AM,Assisted an outside law enforcement agency with an investigation,W COLLEGE AVE & N PATTERSON ST,2026-02-18 21:43:32,2026-01-24,2026,1,January,0,Saturday,True,Late Night
746,26UP00363,1,University Park,01/23/2026 11:00 PM,01/23/2026 09:00 PM,01/23/2026 11:12 PM,Employee reported suspicious activity,BRYCE JORDAN CENTER,2026-02-18 21:43:32,2026-01-23,2026,1,January,23,Friday,False,Late Night
748,26UP00354,1,University Park,01/23/2026 08:52 PM,01/23/2026 08:52 PM,,Underage student observed highly intoxicated,BRYCE JORDAN CENTER,2026-02-18 21:43:32,2026-01-23,2026,1,January,20,Friday,False,Evening
749,26UP00353,1,University Park,01/23/2026 08:23 PM,01/23/2026 08:23 PM,,Assisted Residence Life staff with a University policy violation,BIGLER HALL,2026-02-18 21:43:32,2026-01-23,2026,1,January,20,Friday,False,Evening
750,26UP00352,1,University Park,01/23/2026 07:43 PM,01/23/2026 07:43 PM,01/23/2026 07:45 PM,Assisted an outside law enforcement agency with an investigation,UNIVERSITY SUPPORT BLDG I,2026-02-18 21:43:32,2026-01-23,2026,1,January,19,Friday,False,Evening
751,26UP00351,1,University Park,01/23/2026 07:29 PM,01/23/2026 07:29 PM,01/23/2026 07:46 PM,Visitor requested assistance with a personal matter,NITTANY PARKING,2026-02-18 21:43:32,2026-01-23,2026,1,January,19,Friday,False,Evening
753,26UP00350,1,University Park,01/23/2026 04:45 PM,01/23/2026 04:45 PM,,Received this department's copy of a Protection From Abuse (PFA) order,UNIVERSITY SUPPORT BLDG I,2026-02-18 21:43:32,2026-01-23,2026,1,January,16,Friday,False,Afternoon
754,26UP00348,1,University Park,01/23/2026 04:41 PM,01/23/2026 04:41 PM,01/23/2026 05:15 PM,Received this department's copy of a Protection From Abuse (PFA) order,UNIVERSITY SUPPORT BLDG I,2026-02-18 21:43:32,2026-01-23,2026,1,January,16,Friday,False,Afternoon
758,26UP00347,1,University Park,01/23/2026 03:14 PM,12/01/2025 12:00 AM,01/23/2026 05:49 PM,Employee reported suspicious person,ERIC J. BARRON INNOVATION HUB BUILDING,2026-02-18 21:43:32,2026-01-23,2026,1,January,15,Friday,False,Afternoon
760,26UP00343,1,University Park,01/23/2026 02:14 PM,01/22/2026 02:02 PM,01/23/2026 02:14 PM,Employee reported suspicious activity,UNIVERSITY SUPPORT BLDG I,2026-02-18 21:43:32,2026-01-23,2026,1,January,14,Friday,False,Afternoon
762,26UP00342,1,University Park,01/23/2026 02:00 PM,01/23/2026 02:00 PM,01/23/2026 02:47 PM,Employee reported accidental damage to a privately owned vehicle,MEATS LAB,2026-02-18 21:43:32,2026-01-23,2026,1,January,14,Friday,False,Afternoon
767,26UP00341,1,University Park,01/23/2026 09:15 AM,01/23/2026 09:15 AM,01/23/2026 09:30 AM,Assisted the fire department with a reported smoke condition/fire alarmactivation,GRUBB HALL,2026-02-18 21:43:32,2026-01-23,2026,1,January,9,Friday,False,Morning
770,26UP00340,1,University Park,01/23/2026 04:02 AM,01/23/2026 04:02 AM,01/23/2026 05:43 AM,Officer conducted a security inspection,ADLER ATHLETIC COMPLEX,2026-02-18 21:43:32,2026-01-23,2026,1,January,4,Friday,False,Late Night
775,26UP00336,1,University Park,01/22/2026 10:29 PM,01/22/2026 10:29 PM,01/22/2026 11:00 PM,Student observed highly intoxicated and transported to the hospital,W BEAVER AVE,2026-02-18 21:43:32,2026-01-22,2026,1,January,22,Thursday,False,Late Night
777,26UP00328,1,University Park,01/22/2026 08:09 PM,01/22/2026 08:09 PM,01/22/2026 08:21 PM,Student requested assistance with an administrative matter,GEARY HALL,2026-02-18 21:43:32,2026-01-22,2026,1,January,20,Thursday,False,Evening
778,26UP00329,1,University Park,01/22/2026 08:08 PM,01/22/2026 08:08 PM,01/22/2026 08:34 PM,Received this department's copy of a Protection From Abuse (PFA) order,UNIVERSITY SUPPORT BLDG I,2026-02-18 21:43:32,2026-01-22,2026,1,January,20,Thursday,False,Evening
781,26UP00326,1,University Park,01/22/2026 04:20 PM,01/22/2026 01:53 PM,01/22/2026 04:39 PM,Employee reported suspicious activity,BOUCKE BLDG,2026-02-18 21:43:32,2026-01-22,2026,1,January,16,Thursday,False,Afternoon
783,26UP00325,1,University Park,01/22/2026 03:48 PM,01/22/2026 03:48 PM,01/22/2026 04:11 PM,Visitor reported abandoned property,NITTANY PARKING,2026-02-18 21:43:32,2026-01-22,2026,1,January,15,Thursday,False,Afternoon
785,26UP00324,1,University Park,01/22/2026 02:17 PM,01/18/2026 06:00 PM,01/18/2026 11:59 PM,Student reported being harassed,ROBINSON HALL,2026-02-18 21:43:32,2026-01-22,2026,1,January,14,Thursday,False,Afternoon
787,26UP00321,1,University Park,01/22/2026 12:48 PM,01/22/2026 12:48 PM,01/22/2026 01:31 PM,Visitor reported being physically assaulted by a known person,AIRPORT AIR TERMINAL BLDG,2026-02-18 21:43:32,2026-01-22,2026,1,January,12,Thursday,False,Afternoon
795,26UP00319,1,University Park,01/22/2026 08:44 AM,01/22/2026 08:44 AM,01/22/2026 08:50 AM,Visitor requested assistance in locating a student,MILLER HALL,2026-02-18 21:43:32,2026-01-22,2026,1,January,8,Thursday,False,Morning
801,26UP00317,1,University Park,01/22/2026 12:17 AM,01/18/2026 11:00 PM,01/18/2025 11:00 PM,Student reported a person trespassing inside a residence hall room,PENNYPACKER HALL,2026-02-18 21:43:32,2026-01-22,2026,1,January,0,Thursday,False,Late Night
804,26UP00314,1,University Park,01/21/2026 11:06 PM,01/21/2026 11:06 PM,01/21/2026 11:35 PM,Employee reported a fire alarm activation,PINCHOT HALL,2026-02-18 21:43:32,2026-01-21,2026,1,January,23,Wednesday,False,Late Night
807,26UP00313,1,University Park,01/21/2026 08:54 PM,01/21/2026 08:54 PM,01/22/2026 11:51 PM,Student reported being harassed,PENNYPACKER HALL,2026-02-18 21:43:32,2026-01-21,2026,1,January,20,Wednesday,False,Evening
808,26UP00312,1,University Park,01/21/2026 06:54 PM,01/21/2026 06:54 PM,,Assisted an outside law enforcement agency,MOORE BLDG,2026-02-18 21:43:32,2026-01-21,2026,1,January,18,Wednesday,False,Evening
809,26UP00311,1,University Park,01/21/2026 06:48 PM,01/21/2026 12:40 PM,01/21/2026 10:17 AM,Employee reported being harassed,UNKNOWN LOCATION,2026-02-18 21:43:32,2026-01-21,2026,1,January,18,Wednesday,False,Evening
815,26UP00309,1,University Park,01/21/2026 04:39 PM,01/18/2026 05:00 PM,01/21/2026 04:49 PM,Student reported the theft of their unattended personal property,MCELWAIN HALL,2026-02-18 21:43:32,2026-01-21,2026,1,January,16,Wednesday,False,Afternoon
817,26UP00308,1,University Park,01/21/2026 04:19 PM,01/21/2026 04:05 PM,01/21/2026 04:51 PM,Student reported a two vehicle crash with no injuries,COMMUTER JORDAN EAST 2 LOT,2026-02-18 21:43:32,2026-01-21,2026,1,January,16,Wednesday,False,Afternoon
819,26UP00307,1,University Park,01/21/2026 02:47 PM,01/21/2026 02:47 PM,01/21/2026 05:04 PM,Visitor reported suspicious activity,HASTINGS HALL,2026-02-18 21:43:32,2026-01-21,2026,1,January,14,Wednesday,False,Afternoon
821,26UP00306,1,University Park,01/21/2026 01:29 PM,01/21/2026 01:29 PM,01/21/2026 03:14 PM,Employee requested assistance with an administrative matter,BUSINESS BLDG,2026-02-18 21:43:32,2026-01-21,2026,1,January,13,Wednesday,False,Afternoon
825,26UP00304,1,University Park,01/21/2026 10:18 AM,01/20/2026 12:30 PM,01/21/2026 05:30 AM,Employee requested assistance with an administrative matter,"ANIMAL, VETERINARY, AND BIOMEDICAL SCIENCES BUILDING",2026-02-18 21:43:32,2026-01-21,2026,1,January,10,Wednesday,False,Morning
827,26UP00303,1,University Park,01/21/2026 10:06 AM,01/20/2026 05:24 PM,,Student reported the theft of their unsecured personal property,WHITE BLDG,2026-02-18 21:43:32,2026-01-21,2026,1,January,10,Wednesday,False,Morning
830,26UP00302,1,University Park,01/21/2026 12:55 AM,01/21/2026 12:55 AM,01/21/2026 01:30 AM,Employee reported a fire and smoke condition,OLD COALY WAY,2026-02-18 21:43:32,2026-01-21,2026,1,January,0,Wednesday,False,Late Night
833,26UP00298,1,University Park,01/20/2026 08:27 PM,01/20/2026 08:27 PM,01/20/2026 08:37 PM,Employee reported a traffic complaint,STUCKEMAN FAMILY BLDG,2026-02-18 21:43:32,2026-01-20,2026,1,January,20,Tuesday,False,Evening
834,26UP00299,1,University Park,01/20/2026 08:15 PM,01/20/2026 08:15 PM,01/20/2026 09:03 PM,Assisted a student with a personal matter,BEAM HALL,2026-02-18 21:43:32,2026-01-20,2026,1,January,20,Tuesday,False,Evening
837,26UP00297,1,University Park,01/20/2026 05:11 PM,01/20/2026 04:45 PM,01/20/2026 05:56 PM,Assisted a student with a personal matter,BEAM HALL,2026-02-18 21:43:32,2026-01-20,2026,1,January,17,Tuesday,False,Afternoon
840,26UP00295,1,University Park,01/20/2026 03:55 PM,01/20/2026 03:55 PM,01/20/2026 05:04 PM,Employee reported suspicious activity,CURTIN HALL,2026-02-18 21:43:32,2026-01-20,2026,1,January,15,Tuesday,False,Afternoon
841,26UP00294,1,University Park,01/20/2026 03:40 PM,01/17/2026 02:00 AM,01/17/2026 10:00 AM,Employee reported damage to University property,SPROUL HALL,2026-02-18 21:43:32,2026-01-20,2026,1,January,15,Tuesday,False,Afternoon
852,26UP00293,1,University Park,01/20/2026 10:45 AM,01/20/2026 10:30 AM,01/20/2026 11:16 AM,Employee reported a two vehicle crash with no injuries,YELLOW T REDIFER LOT,2026-02-18 21:43:32,2026-01-20,2026,1,January,10,Tuesday,False,Morning
853,26UP00292,1,University Park,01/20/2026 10:01 AM,01/20/2026 09:50 AM,,Employee reported a two vehicle crash with no injuries,NITTANY PARKING,2026-02-18 21:43:32,2026-01-20,2026,1,January,10,Tuesday,False,Morning
855,26UP00290,1,University Park,01/20/2026 09:18 AM,01/19/2026 12:00 PM,01/20/2026 09:00 AM,Employee reported damage to University property,MARTIN HALL,2026-02-18 21:43:32,2026-01-20,2026,1,January,9,Tuesday,False,Morning
856,26UP00291,1,University Park,01/20/2026 09:14 AM,01/20/2026 09:14 AM,01/20/2026 09:44 AM,Student requested assistance with a personal matter,HUB ROBESON CULTURAL CENTER,2026-02-18 21:43:32,2026-01-20,2026,1,January,9,Tuesday,False,Morning
861,26UP00289,1,University Park,01/19/2026 09:46 PM,01/19/2026 12:30 AM,01/19/2026 09:46 PM,Student requested assistance with a civil  matter,RUNKLE HALL,2026-02-18 21:43:32,2026-01-19,2026,1,January,21,Monday,False,Evening
862,26UP00288,1,University Park,01/19/2026 08:26 PM,01/19/2026 08:11 PM,01/19/2026 08:30 PM,Employee reported damage to University property,PINCHOT HALL,2026-02-18 21:43:32,2026-01-19,2026,1,January,20,Monday,False,Evening
863,26UP00287,1,University Park,01/19/2026 08:17 PM,01/19/2026 04:00 AM,01/19/2026 04:30 AM,Student reported damage to University property,MARTIN HALL,2026-02-18 21:43:32,2026-01-19,2026,1,January,20,Monday,False,Evening
873,26UP00284,1,University Park,01/19/2026 03:15 AM,01/19/2026 03:15 AM,01/19/2026 03:32 AM,"Resident Assistant reported the odor of marijuana, origin not located",BRUMBAUGH HALL,2026-02-18 21:43:32,2026-01-19,2026,1,January,3,Monday,False,Late Night
874,26UP00285,1,University Park,01/19/2026 03:11 AM,01/19/2026 02:30 AM,01/19/2026 04:04 AM,Student reported suspicious persons,PACKER HALL,2026-02-18 21:43:32,2026-01-19,2026,1,January,3,Monday,False,Late Night
876,26UP00283,1,University Park,01/19/2026 02:28 AM,01/16/2026 02:00 AM,01/16/2026 02:15 AM,Student reported suspicious persons,NITTANY APT,2026-02-18 21:43:32,2026-01-19,2026,1,January,2,Monday,False,Late Night
877,26UP00282,1,University Park,01/19/2026 02:16 AM,01/19/2026 02:16 AM,01/19/2026 02:33 AM,Underage student observed highly intoxicated and transported to the hospital,HIESTER HALL,2026-02-18 21:43:32,2026-01-19,2026,1,January,2,Monday,False,Late Night
879,26UP00281,1,University Park,01/19/2026 12:11 AM,01/19/2026 12:11 AM,01/19/2026 12:39 AM,Student observed highly intoxicated and transported to the hospital,PORTER HALL,2026-02-18 21:43:32,2026-01-19,2026,1,January,0,Monday,False,Late Night
883,26UP00280,1,University Park,01/18/2026 08:46 PM,01/18/2026 08:46 PM,01/18/2026 10:00 PM,Student reported a water leak,DEIKE BLDG,2026-02-18 21:43:32,2026-01-18,2026,1,January,20,Sunday,True,Evening
887,26UP00276,1,University Park,01/18/2026 03:50 PM,01/18/2026 03:50 PM,01/18/2026 05:32 PM,Employee reported suspicious persons,REC HALL,2026-02-18 21:43:32,2026-01-18,2026,1,January,15,Sunday,True,Afternoon
888,26UP00275,1,University Park,01/18/2026 03:41 PM,01/17/2026 03:22 PM,01/17/2026 04:42 PM,Visitor requested assistance with a personal matter,AIRPORT AIR TERMINAL BLDG,2026-02-18 21:43:32,2026-01-18,2026,1,January,15,Sunday,True,Afternoon
896,26UP00273,1,University Park,01/18/2026 02:18 AM,01/18/2026 02:18 AM,01/18/2026 07:24 AM,Employee reported being physically assaulted by a known person,AIRPORT AIR TERMINAL BLDG,2026-02-18 21:43:32,2026-01-18,2026,1,January,2,Sunday,True,Late Night
898,26UP00271,1,University Park,01/18/2026 01:42 AM,01/16/2026 02:00 AM,,Student reported they were sexually assaulted by a known person in a residence hall,SOUTH HALLS RESIDENCE COMPLEX,2026-02-18 21:43:32,2026-01-18,2026,1,January,1,Sunday,True,Late Night
899,26UP00270,1,University Park,01/18/2026 01:27 AM,01/18/2026 01:27 AM,01/18/2026 02:10 AM,Student observed highly intoxicated and transported to the hospital,MCKEE HALL,2026-02-18 21:43:32,2026-01-18,2026,1,January,1,Sunday,True,Late Night
900,26UP00269,1,University Park,01/18/2026 01:13 AM,01/18/2026 01:13 AM,01/18/2026 01:27 AM,"Resident Assistant reported the odor of marijuana, origin not located",MCKEAN HALL,2026-02-18 21:43:32,2026-01-18,2026,1,January,1,Sunday,True,Late Night
901,26UP00268,1,University Park,01/18/2026 01:02 AM,01/18/2026 12:19 AM,01/18/2026 12:39 AM,Student observed highly intoxicated,SHORTLIDGE RD & E COLLEGE AVE,2026-02-18 21:43:32,2026-01-18,2026,1,January,1,Sunday,True,Late Night
906,26UP00266,1,University Park,01/17/2026 11:49 PM,01/17/2026 11:49 PM,01/18/2026 12:42 AM,Resident Assistant reported the odor of marijuana,SIMMONS HALL,2026-02-18 21:43:32,2026-01-17,2026,1,January,23,Saturday,True,Late Night
907,26UP00264,1,University Park,01/17/2026 11:28 PM,01/17/2026 11:28 PM,01/17/2026 11:45 PM,"Employee reported the odor of marijuana, origin not located",MIFFLIN HALL,2026-02-18 21:43:32,2026-01-17,2026,1,January,23,Saturday,True,Late Night
908,26UP00267,1,University Park,01/17/2026 11:23 PM,01/17/2026 11:23 PM,01/18/2026 12:03 AM,Visitor observed highly intoxicated and transported to the hospital,BIGLER RD & MILLENNIUM DR,2026-02-18 21:43:32,2026-01-17,2026,1,January,23,Saturday,True,Late Night
909,26UP00261,1,University Park,01/17/2026 10:59 PM,01/17/2026 10:59 PM,01/17/2026 11:13 PM,Assisted the fire department with a reported fire alarm activation,BEAVER STADIUM,2026-02-18 21:43:32,2026-01-17,2026,1,January,22,Saturday,True,Late Night
911,26UP00247,1,University Park,01/17/2026 05:59 PM,01/17/2026 05:59 PM,,Student stopped for a University policy violation regarding fireworks,FOOTBALL LOT,2026-02-18 21:43:32,2026-01-17,2026,1,January,17,Saturday,True,Afternoon
919,26UP00242,1,University Park,01/17/2026 11:46 AM,01/17/2026 11:46 AM,01/17/2026 02:43 PM,Officer observed a employee trespassing inside a University building,AIRPORT AIR TERMINAL BLDG,2026-02-18 21:43:32,2026-01-17,2026,1,January,11,Saturday,True,Morning
920,26UP00243,1,University Park,01/17/2026 11:33 AM,01/13/2026 07:00 PM,01/17/2025 11:15 AM,Student reported suspicious persons,HUB ROBESON CULTURAL CENTER,2026-02-18 21:43:32,2026-01-17,2026,1,January,11,Saturday,True,Morning
922,26UP00241,1,University Park,01/17/2026 07:15 AM,01/17/2026 07:15 AM,01/17/2026 10:00 AM,Employee reported suspicious person,AIRPORT GENERAL AVIATION ADMINISTRATION BLDG,2026-02-18 21:43:32,2026-01-17,2026,1,January,7,Saturday,True,Morning
926,26UP00240,1,University Park,01/17/2026 03:56 AM,01/17/2026 03:56 AM,01/17/2026 05:07 AM,Underage visitor observed highly intoxicated and transported to the hospital,ATHERTON HALL,2026-02-18 21:43:32,2026-01-17,2026,1,January,3,Saturday,True,Late Night
927,26UP00239,1,University Park,01/17/2026 03:54 AM,01/17/2026 03:54 AM,01/17/2026 05:17 AM,Student reported a concern for another student,PENNYPACKER HALL,2026-02-18 21:43:32,2026-01-17,2026,1,January,3,Saturday,True,Late Night
928,26UP00236,1,University Park,01/17/2026 02:24 AM,01/17/2026 02:24 AM,01/17/2026 02:34 AM,"Employee reported the odor of marijuana, origin not located",PORTER HALL,2026-02-18 21:43:32,2026-01-17,2026,1,January,2,Saturday,True,Late Night
929,26UP00234,1,University Park,01/17/2026 02:20 AM,01/17/2026 01:55 AM,,Student consumed alcoholic beverages being less than 21 years of age,BIGLER RD & MILLENNIUM DR,2026-02-18 21:43:32,2026-01-17,2026,1,January,2,Saturday,True,Late Night
930,26UP00235,1,University Park,01/17/2026 02:15 AM,01/17/2026 02:15 AM,01/17/2026 02:33 AM,Student reported damage to University property,PENNYPACKER HALL,2026-02-18 21:43:32,2026-01-17,2026,1,January,2,Saturday,True,Late Night
933,26UP00233,1,University Park,01/17/2026 01:50 AM,01/17/2026 01:48 AM,01/17/2026 01:50 AM,Student reported disorderly persons,MIFFLIN RD & MCKEAN RD,2026-02-18 21:43:32,2026-01-17,2026,1,January,1,Saturday,True,Late Night
936,26UP00221,1,University Park,01/16/2026 10:20 PM,01/16/2026 10:20 PM,01/16/2026 11:06 PM,Identified occupant in possession of marijuana,W COLLEGE AVE & N BARNARD ST,2026-02-18 21:43:32,2026-01-16,2026,1,January,22,Friday,False,Late Night
937,26UP00218,1,University Park,01/16/2026 09:29 PM,01/16/2026 09:29 PM,01/16/2026 10:08 PM,Identified occupant in possession of marijuana and drug paraphernalia,MILLER HALL,2026-02-18 21:43:32,2026-01-16,2026,1,January,21,Friday,False,Evening
938,26UP00215,1,University Park,01/16/2026 08:08 PM,01/16/2026 08:08 PM,01/16/2026 08:18 PM,Employee reported a two vehicle crash with no injuries,LION SHRINE LOT,2026-02-18 21:43:32,2026-01-16,2026,1,January,20,Friday,False,Evening
939,26UP00216,1,University Park,01/16/2026 07:55 PM,01/16/2026 07:55 PM,01/16/2026 08:30 PM,Visitor reported a suspicious vehicle,VILLAGE DR,2026-02-18 21:43:32,2026-01-16,2026,1,January,19,Friday,False,Evening
940,26UP00213,1,University Park,01/16/2026 06:59 PM,01/16/2026 06:59 PM,01/16/2026 08:25 PM,Assisted a student with a personal matter,MILLER HALL,2026-02-18 21:43:32,2026-01-16,2026,1,January,18,Friday,False,Evening
941,26UP00212,1,University Park,01/16/2026 06:27 PM,01/16/2026 02:30 PM,01/16/2026 07:37 PM,Student reported suspicious activity,HOYT HALL,2026-02-18 21:43:32,2026-01-16,2026,1,January,18,Friday,False,Evening
942,26UP00209,1,University Park,01/16/2026 05:11 PM,01/16/2026 05:00 PM,01/16/2026 05:42 PM,Employee reported suspicious persons,CHAMBERS BLDG,2026-02-18 21:43:32,2026-01-16,2026,1,January,17,Friday,False,Afternoon
946,26UP00204,1,University Park,01/16/2026 03:25 PM,01/16/2026 03:25 PM,,Officer conducted a pre-employment background investigation,UNIVERSITY SUPPORT BLDG I,2026-02-18 21:43:32,2026-01-16,2026,1,January,15,Friday,False,Afternoon
947,26UP00203,1,University Park,01/16/2026 03:07 PM,01/16/2026 03:07 PM,01/16/2026 03:52 PM,Student reported a hit and run vehicle crash,COMMUTER JORDAN EAST 1 LOT,2026-02-18 21:43:32,2026-01-16,2026,1,January,15,Friday,False,Afternoon
950,26UP00201,1,University Park,01/16/2026 01:49 PM,01/16/2026 01:49 PM,01/16/2026 02:10 PM,Assisted an outside law enforcement agency with an investigation,UNIVERSITY SUPPORT BLDG I,2026-02-18 21:43:32,2026-01-16,2026,1,January,13,Friday,False,Afternoon
951,26UP00202,1,University Park,01/16/2026 01:45 PM,01/16/2026 06:20 AM,01/16/2026 07:10 AM,Student reported being harassed,WHITE BLDG,2026-02-18 21:43:32,2026-01-16,2026,1,January,13,Friday,False,Afternoon
954,26UP00200,1,University Park,01/16/2026 12:43 PM,01/13/2026 03:09 PM,,Employee reported a one vehicle crash with no injuries,NITTANY PARKING,2026-02-18 21:43:32,2026-01-16,2026,1,January,12,Friday,False,Afternoon
956,26UP00305,1,University Park,01/16/2026 12:23 PM,01/16/2026 12:23 PM,01/16/2026 12:54 PM,Assisted the ambulance with a medical emergency,SHUNK HALL,2026-02-18 21:43:32,2026-01-16,2026,1,January,12,Friday,False,Afternoon
957,26UP00199,1,University Park,01/16/2026 12:22 PM,01/15/2026 01:35 AM,01/15/2026 01:40 AM,Student reported a person trespassing inside a residence hall room,POLLOCK HALLS RESIDENCE COMPLEX,2026-02-18 21:43:32,2026-01-16,2026,1,January,12,Friday,False,Afternoon
966,26UP00198,1,University Park,01/16/2026 05:53 AM,01/16/2026 05:53 AM,01/16/2026 06:15 AM,Assisted the fire department with a reported fire alarm activation,BEAVER STADIUM,2026-02-18 21:43:32,2026-01-16,2026,1,January,5,Friday,False,Late Night
967,26UP00197,1,University Park,01/16/2026 04:35 AM,01/16/2026 03:35 AM,01/16/2026 05:14 AM,Underage student observed highly intoxicated and transported to the hospital,BEAM HALL,2026-02-18 21:43:32,2026-01-16,2026,1,January,4,Friday,False,Late Night
968,26UP00195,1,University Park,01/16/2026 02:26 AM,01/16/2026 02:26 AM,01/16/2026 02:30 AM,Conducted a pre-employment background investigation,UNIVERSITY SUPPORT BLDG I,2026-02-18 21:43:32,2026-01-16,2026,1,January,2,Friday,False,Late Night
969,26UP00196,1,University Park,01/16/2026 02:08 AM,01/16/2026 12:00 AM,01/16/2026 03:19 AM,Student consumed alcoholic beverages being less than 21 years of age,HIBBS HALL,2026-02-18 21:43:32,2026-01-16,2026,1,January,2,Friday,False,Late Night
971,26UP00193,1,University Park,01/16/2026 12:01 AM,01/16/2026 12:01 AM,01/16/2025 12:35 AM,Assisted the fire department with a reported fire alarm activation,SHULZE HALL,2026-02-18 21:43:32,2026-01-16,2026,1,January,0,Friday,False,Late Night
972,26UP00188,1,University Park,01/15/2026 10:57 PM,01/12/2026 05:35 PM,01/12/2025 05:35 PM,Employee reported being harassed,UNKNOWN LOCATION,2026-02-18 21:43:32,2026-01-15,2026,1,January,22,Thursday,False,Late Night
977,26UP00173,1,University Park,01/15/2026 06:54 PM,01/15/2026 03:00 PM,01/15/2026 06:30 PM,Student reported being harassed,UNKNOWN LOCATION,2026-02-18 21:43:32,2026-01-15,2026,1,January,18,Thursday,False,Evening
978,26UP00174,1,University Park,01/15/2026 06:16 PM,07/15/2025 06:16 PM,01/15/2026 07:45 PM,Student reported being harassed,SPROUL HALL,2026-02-18 21:43:32,2026-01-15,2026,1,January,18,Thursday,False,Evening
981,26UP00168,1,University Park,01/15/2026 04:45 PM,10/31/2025 11:00 PM,11/01/2025 12:00 AM,Student reported they were sexually assaulted by a known person in a residence hall,SOUTH HALLS RESIDENCE COMPLEX,2026-02-18 21:43:32,2026-01-15,2026,1,January,16,Thursday,False,Afternoon
982,26UP00164,1,University Park,01/15/2026 04:27 PM,12/28/2025 04:27 PM,12/28/2025 06:00 PM,Student reported suspicious persons,UNIVERSITY SUPPORT BLDG I,2026-02-18 21:43:32,2026-01-15,2026,1,January,16,Thursday,False,Afternoon
983,26UP00166,1,University Park,01/15/2026 04:27 PM,01/15/2026 04:27 PM,01/15/2026 04:37 PM,Student found in possession of alcoholic beverages being less than 21 years of age,SNYDER HALL,2026-02-18 21:43:32,2026-01-15,2026,1,January,16,Thursday,False,Afternoon
993,26UP00160,1,University Park,01/15/2026 01:20 PM,01/12/2026 08:00 PM,01/13/2026 09:00 PM,Student reported the loss or theft of their unattended personal property,EARLE HALL,2026-02-18 21:43:32,2026-01-15,2026,1,January,13,Thursday,False,Afternoon
997,26UP00159,1,University Park,01/15/2026 12:17 PM,01/15/2026 11:17 AM,01/15/2026 12:17 PM,Employee reported a two vehicle crash with no injuries,ORANGE F MORGAN CENTER LOT,2026-02-18 21:43:32,2026-01-15,2026,1,January,12,Thursday,False,Afternoon
1000,26UP00158,1,University Park,01/15/2026 10:59 AM,01/15/2026 10:59 AM,01/15/2026 11:30 AM,Employee reported a one vehicle crash with no injuries,WEST DECK,2026-02-18 21:43:32,2026-01-15,2026,1,January,10,Thursday,False,Morning
1004,26UP00157,1,University Park,01/15/2026 10:26 AM,01/13/2026 07:13 PM,01/15/2026 10:16 AM,Employee reported theft of services,HUB PARKING DECK,2026-02-18 21:43:32,2026-01-15,2026,1,January,10,Thursday,False,Morning
1006,26UP00155,1,University Park,01/15/2026 09:19 AM,12/15/2025 09:19 AM,01/07/2026 07:00 AM,Employee reported suspicious persons,UNIVERSITY SUPPORT BLDG I,2026-02-18 21:43:32,2026-01-15,2026,1,January,9,Thursday,False,Morning
1012,26UP00154,1,University Park,01/15/2026 02:39 AM,01/15/2026 02:39 AM,01/15/2026 03:16 AM,Student observed highly intoxicated,MCKEAN RD & SHORTLIDGE RD,2026-02-18 21:43:32,2026-01-15,2026,1,January,2,Thursday,False,Late Night
1014,26UP00152,1,University Park,01/15/2026 12:18 AM,01/15/2026 12:18 AM,01/15/2026 12:45 AM,Underage student observed highly intoxicated,BIGLER RD & MCKEAN RD,2026-02-18 21:43:32,2026-01-15,2026,1,January,0,Thursday,False,Late Night
1017,26UP00151,1,University Park,01/14/2026 09:25 PM,12/20/2025 09:25 PM,01/14/2026 09:25 PM,Student reported the theft of their unattended personal property,LOT 81 BEAVER HALL LOT,2026-02-18 21:43:32,2026-01-14,2026,1,January,21,Wednesday,False,Evening
1020,26UP00150,1,University Park,01/14/2026 08:50 PM,01/14/2026 08:50 PM,01/14/2026 09:32 PM,Student requested assistance with a personal matter,STUART HALL,2026-02-18 21:43:32,2026-01-14,2026,1,January,20,Wednesday,False,Evening
1022,26UP00149,1,University Park,01/14/2026 08:12 PM,01/14/2026 08:12 PM,01/14/2026 08:20 PM,Employee reported a suspicious odor,PATERNO LIBRARY,2026-02-18 21:43:32,2026-01-14,2026,1,January,20,Wednesday,False,Evening
1025,26UP00148,1,University Park,01/14/2026 06:28 PM,01/14/2026 06:28 PM,01/14/2026 06:38 PM,Employee reported a vehicle crash no injuries,WAGNER BLDG,2026-02-18 21:43:32,2026-01-14,2026,1,January,18,Wednesday,False,Evening
1028,26UP00147,1,University Park,01/14/2026 05:57 PM,01/14/2026 05:57 PM,01/14/2026 06:14 PM,Employee reported a concern for another person,REC HALL,2026-02-18 21:43:32,2026-01-14,2026,1,January,17,Wednesday,False,Afternoon
1029,26UP00146,1,University Park,01/14/2026 05:31 PM,10/10/2025 12:00 AM,10/11/2025 11:59 PM,Student reported they were indecently assaulted by a known person in a residence hall,EAST HALLS RESIDENCE COMPLEX,2026-02-18 21:43:32,2026-01-14,2026,1,January,17,Wednesday,False,Afternoon
1030,26UP00144,1,University Park,01/14/2026 05:23 PM,01/14/2026 04:16 PM,,Employee reported suspicious activity,UNIVERSITY SUPPORT BLDG I,2026-02-18 21:43:32,2026-01-14,2026,1,January,17,Wednesday,False,Afternoon
1031,26UP00145,1,University Park,01/14/2026 05:22 PM,01/14/2026 05:22 PM,01/14/2026 06:30 PM,Student reported unsafe conditions,CHEMICAL AND BIOMEDICAL ENGINEERING BLDG,2026-02-18 21:43:32,2026-01-14,2026,1,January,17,Wednesday,False,Afternoon
1035,26UP00143,1,University Park,01/14/2026 04:29 PM,01/14/2026 04:29 PM,01/14/2026 06:57 PM,Employee reported suspicious persons,NOLL LAB,2026-02-18 21:43:32,2026-01-14,2026,1,January,16,Wednesday,False,Afternoon
1039,26UP00141,1,University Park,01/14/2026 03:05 PM,09/01/2025 12:00 AM,09/30/2025 12:00 AM,Student reported they were sexually assaulted by a known person in a residence hall,ON CAMPUS RESIDENCE HALL,2026-02-18 21:43:32,2026-01-14,2026,1,January,15,Wednesday,False,Afternoon
1040,26UP00140,1,University Park,01/14/2026 01:28 PM,11/07/2025 04:30 PM,11/07/2025 05:00 PM,Employee reported a concern for another student,N ATHERTON ST,2026-02-18 21:43:32,2026-01-14,2026,1,January,13,Wednesday,False,Afternoon
1043,26UP00139,1,University Park,01/14/2026 12:22 PM,01/14/2026 12:22 PM,01/14/2026 12:57 PM,Employee reported a traffic concern regarding vehicles,NITTANY PARKING,2026-02-18 21:43:32,2026-01-14,2026,1,January,12,Wednesday,False,Afternoon
1045,26UP00138,1,University Park,01/14/2026 11:58 AM,01/14/2026 11:58 AM,01/14/2026 12:27 PM,Assisted a student with a personal matter,YOUNG HALL,2026-02-18 21:43:32,2026-01-14,2026,1,January,11,Wednesday,False,Morning
1050,26UP00137,1,University Park,01/14/2026 02:58 AM,01/14/2026 02:58 AM,01/14/2026 03:30 AM,Underage student observed highly intoxicated and transported to the hospital,PACKER HALL,2026-02-18 21:43:32,2026-01-14,2026,1,January,2,Wednesday,False,Late Night
1051,26UP00136,1,University Park,01/14/2026 02:31 AM,01/14/2026 02:31 AM,01/14/2026 02:50 AM,Underage student observed highly intoxicated,ROBINSON HALL,2026-02-18 21:43:32,2026-01-14,2026,1,January,2,Wednesday,False,Late Night
1052,26UP00135,1,University Park,01/14/2026 02:23 AM,01/14/2026 02:23 AM,01/14/2026 02:45 AM,Underage student observed highly intoxicated,HOLMES HALL,2026-02-18 21:43:32,2026-01-14,2026,1,January,2,Wednesday,False,Late Night
1053,26UP00134,1,University Park,01/14/2026 12:53 AM,01/14/2026 12:53 AM,01/14/2026 04:28 AM,Identified students in possession of marijuana,MCKEAN HALL,2026-02-18 21:43:32,2026-01-14,2026,1,January,0,Wednesday,False,Late Night
1054,26UP00132,1,University Park,01/13/2026 10:29 PM,01/13/2026 10:29 PM,01/13/2026 10:45 PM,Assisted Residence Life staff with a University policy violation,NITTANY APT,2026-02-18 21:43:32,2026-01-13,2026,1,January,22,Tuesday,False,Late Night
1057,26UP00129,1,University Park,01/13/2026 09:18 PM,01/13/2026 09:18 PM,01/13/2026 09:45 PM,"Resident Assistant reported the odor of marijuana, origin not located",HAMILTON HALL,2026-02-18 21:43:32,2026-01-13,2026,1,January,21,Tuesday,False,Evening
1061,26UP00128,1,University Park,01/13/2026 04:09 PM,11/08/2025 10:30 AM,11/08/2025 03:30 PM,Student reported the loss or theft of their secured personal property,BEAVER STADIUM,2026-02-18 21:43:32,2026-01-13,2026,1,January,16,Tuesday,False,Afternoon
1075,26UP00125,1,University Park,01/13/2026 04:29 AM,01/13/2026 04:25 AM,01/13/2026 06:31 AM,Employee reported suspicious persons,REDIFER HALL,2026-02-18 21:43:32,2026-01-13,2026,1,January,4,Tuesday,False,Late Night
1077,26UP00124,1,University Park,01/13/2026 12:59 AM,01/12/2026 05:08 PM,01/13/2026 01:01 AM,Assisted an outside law enforcement agency with an investigation,UNIVERSITY SUPPORT BLDG I,2026-02-18 21:43:32,2026-01-13,2026,1,January,0,Tuesday,False,Late Night
1080,26UP00123,1,University Park,01/12/2026 10:23 PM,01/12/2026 10:23 PM,01/12/2026 11:59 PM,Student reported a University policy violation,PATTERSON HALL,2026-02-18 21:43:32,2026-01-12,2026,1,January,22,Monday,False,Late Night
1081,26UP00122,1,University Park,01/12/2026 09:20 PM,01/12/2026 07:00 AM,01/12/2026 08:00 PM,Student reported the theft of University property,SIMMONS HALL,2026-02-18 21:43:32,2026-01-12,2026,1,January,21,Monday,False,Evening
1082,26UP00121,1,University Park,01/12/2026 08:55 PM,01/12/2026 08:55 PM,01/12/2026 08:59 PM,Employee reported suspicious persons,HAMMOND BLDG,2026-02-18 21:43:32,2026-01-12,2026,1,January,20,Monday,False,Evening
1086,26UP00120,1,University Park,01/12/2026 04:57 PM,01/12/2026 04:57 PM,01/12/2026 05:43 PM,Student reported being harassed,MCALLISTER BLDG,2026-02-18 21:43:32,2026-01-12,2026,1,January,16,Monday,False,Afternoon
1087,26UP00119,1,University Park,01/12/2026 04:11 PM,01/12/2026 04:11 PM,01/12/2026 04:50 PM,Visitor reported a traffic concern regarding a vehicle,HUB PARKING DECK,2026-02-18 21:43:32,2026-01-12,2026,1,January,16,Monday,False,Afternoon
1088,26UP00118,1,University Park,01/12/2026 03:55 PM,01/12/2026 03:55 PM,01/12/2026 04:18 PM,Employee reported suspicious activity,HUB ROBESON CULTURAL CENTER,2026-02-18 21:43:32,2026-01-12,2026,1,January,15,Monday,False,Afternoon
1091,26UP00117,1,University Park,01/12/2026 03:27 PM,12/17/2025 05:00 PM,01/12/2026 04:01 PM,Student reported the theft of their secured personal property,NITTANY COMMUNITY CENTER,2026-02-18 21:43:32,2026-01-12,2026,1,January,15,Monday,False,Afternoon
1093,26UP00115,1,University Park,01/12/2026 02:10 PM,01/10/2026 12:00 AM,01/12/2026 02:00 PM,Employee reported damage to University property,STEPHENS HALL,2026-02-18 21:43:32,2026-01-12,2026,1,January,14,Monday,False,Afternoon
1100,26UP00114,1,University Park,01/12/2026 09:25 AM,01/12/2026 09:25 AM,01/12/2026 10:53 AM,Student reported accidental damage to personal property,BRILL HALL,2026-02-18 21:43:32,2026-01-12,2026,1,January,9,Monday,False,Morning
1109,26UP00110,1,University Park,01/11/2026 09:49 PM,01/11/2026 09:49 PM,01/11/2026 10:20 PM,Student reported the loss or theft of personal property from a secured residencehall room,THOMPSON HALL,2026-02-18 21:43:32,2026-01-11,2026,1,January,21,Sunday,True,Evening
1110,26UP00109,1,University Park,01/11/2026 09:02 PM,01/11/2026 09:02 PM,01/11/2026 10:32 PM,Resident Assistant reported finding abandoned drugs/drug paraphernalia,SIMMONS HALL,2026-02-18 21:43:32,2026-01-11,2026,1,January,21,Sunday,True,Evening
1111,26UP00108,1,University Park,01/11/2026 08:24 PM,01/11/2026 08:24 PM,01/11/2026 08:41 PM,Employee reported a suspicious odor,HAMILTON HALL,2026-02-18 21:43:32,2026-01-11,2026,1,January,20,Sunday,True,Evening
1119,26UP00106,1,University Park,01/11/2026 03:44 PM,01/11/2026 03:44 PM,,Student reported a two vehicle crash with no injuries,EARLE HALL,2026-02-18 21:43:32,2026-01-11,2026,1,January,15,Sunday,True,Afternoon
1128,26UP00105,1,University Park,01/11/2026 08:46 AM,01/11/2026 08:46 AM,,Employee reported suspicious activity,UNIVERSITY SUPPORT BLDG I,2026-02-18 21:43:32,2026-01-11,2026,1,January,8,Sunday,True,Morning
1133,26UP00104,1,University Park,01/10/2026 06:21 PM,01/10/2026 06:21 PM,,Visitor reported a two vehicle crash with injuries,NITTANY PARKING,2026-02-18 21:43:32,2026-01-10,2026,1,January,18,Saturday,True,Evening
1135,26UP00103,1,University Park,01/10/2026 03:29 PM,12/16/2025 12:00 AM,01/10/2026 05:53 PM,Student reported the theft of personal property from a secured residence hallroom,SIMMONS HALL,2026-02-18 21:43:32,2026-01-10,2026,1,January,15,Saturday,True,Afternoon
1136,26UP00102,1,University Park,01/10/2026 02:50 PM,01/10/2026 02:30 PM,01/10/2026 02:35 PM,Employee reported a hit and run vehicle crash,NITTANY PARKING,2026-02-18 21:43:32,2026-01-10,2026,1,January,14,Saturday,True,Afternoon
1138,26UP00100,1,University Park,01/10/2026 12:20 PM,01/10/2026 12:20 PM,01/10/2026 12:21 PM,Employee reported suspicious activity,HENDERSON DR,2026-02-18 21:43:32,2026-01-10,2026,1,January,12,Saturday,True,Afternoon
1140,26UP00101,1,University Park,01/10/2026 12:02 PM,12/19/2025 12:00 PM,01/10/2026 11:50 AM,Student requested assistance with a personal matter,MCELWAIN HALL,2026-02-18 21:43:32,2026-01-10,2026,1,January,12,Saturday,True,Afternoon
1141,26UP00099,1,University Park,01/10/2026 11:58 AM,01/10/2026 11:58 AM,01/10/2026 12:30 PM,Assisted an outside law enforcement agency with an investigation,E COLLEGE AVE,2026-02-18 21:43:32,2026-01-10,2026,1,January,11,Saturday,True,Morning
1142,26UP00098,1,University Park,01/10/2026 11:22 AM,01/09/2026 07:17 PM,01/10/2026 11:22 AM,Employee reported suspicious activity,BIGLER RD,2026-02-18 21:43:32,2026-01-10,2026,1,January,11,Saturday,True,Morning
1149,26UP00096,1,University Park,01/10/2026 12:06 AM,01/10/2026 12:00 AM,01/10/2026 12:23 AM,Officer observed visitors trespassing inside a University building/restricted area,BEAVER STADIUM,2026-02-18 21:43:32,2026-01-10,2026,1,January,0,Saturday,True,Late Night
1151,26UP00093,1,University Park,01/09/2026 10:51 PM,01/09/2026 10:51 PM,01/10/2026 12:51 AM,A vehicle stop investigation revealed the operator to be driving under the influence of alcohol,PORTER RD & CURTIN RD,2026-02-18 21:43:32,2026-01-09,2026,1,January,22,Friday,False,Late Night
1156,26UP00082,1,University Park,01/08/2026 11:35 PM,01/08/2026 11:35 PM,01/09/2026 12:56 AM,A vehicle stop investigation revealed the operator to be driving under the influence of alcohol,N ATHERTON ST (CLAY LN - RAILROAD AVE),2026-02-18 21:43:32,2026-01-08,2026,1,January,23,Thursday,False,Late Night
1159,26UP00078,1,University Park,01/08/2026 06:55 PM,01/08/2026 06:55 PM,01/08/2026 07:41 PM,Received this department's copy of a Protection From Abuse (PFA) order,UNIVERSITY SUPPORT BLDG I,2026-02-18 21:43:32,2026-01-08,2026,1,January,18,Thursday,False,Evening
1174,26UP00068,1,University Park,01/07/2026 10:23 PM,12/22/2025 12:00 AM,01/04/2026 12:00 AM,Employee reported the loss or theft of their unattended personal property,FLEET OPERATIONS FACILITY,2026-02-18 21:43:32,2026-01-07,2026,1,January,22,Wednesday,False,Late Night
1179,26UP00065,1,University Park,01/07/2026 04:21 PM,01/07/2026 04:21 PM,01/07/2026 07:06 PM,Employee requested assistance with an administrative matter,SHIELDS BLDG,2026-02-18 21:43:32,2026-01-07,2026,1,January,16,Wednesday,False,Afternoon
1180,26UP00060,1,University Park,01/07/2026 03:33 PM,01/01/2025 12:00 AM,05/31/2025 11:59 PM,Assisted an outside agency with a reported hazing at an off campus fraternity,OFF CAMPUS FRATERNITY,2026-02-18 21:43:32,2026-01-07,2026,1,January,15,Wednesday,False,Afternoon
1184,26UP00059,1,University Park,01/07/2026 02:44 PM,01/07/2026 09:44 AM,01/07/2026 02:20 PM,Assisted an outside law enforcement agency with an investigation,UNIVERSITY SUPPORT BLDG I,2026-02-18 21:43:32,2026-01-07,2026,1,January,14,Wednesday,False,Afternoon
1200,26UP00056,1,University Park,01/06/2026 03:27 PM,09/01/2025 12:00 AM,12/21/2025 12:00 AM,Assisted an outside law enforcement agency with an investigation,OFF CAMPUS FRATERNITY,2026-02-18 21:43:32,2026-01-06,2026,1,January,15,Tuesday,False,Afternoon
1202,26UP00055,1,University Park,01/06/2026 11:46 AM,10/31/2025 12:00 AM,11/02/2025 12:00 AM,Assisted an outside law enforcement agency with an investigation,UNIVERSITY SUPPORT BLDG I,2026-02-18 21:43:32,2026-01-06,2026,1,January,11,Tuesday,False,Morning
1206,26UP00054,1,University Park,01/06/2026 08:04 AM,12/25/2025 01:00 AM,12/25/2025 01:15 AM,Assisted an outside law enforcement agency with an investigation,W COLLEGE AVE & N BURROWES RD,2026-02-18 21:43:32,2026-01-06,2026,1,January,8,Tuesday,False,Morning
1208,26UP00053,1,University Park,01/05/2026 11:22 PM,01/05/2026 11:21 PM,01/05/2026 11:25 PM,,CURTIN RD & PORTER RD,2026-02-18 21:43:32,2026-01-05,2026,1,January,23,Monday,False,Late Night
1213,26UP00050,1,University Park,01/05/2026 05:52 PM,01/05/2026 05:52 PM,01/05/2026 06:12 PM,Visitor reported a concern for a student,SIMMONS HALL,2026-02-18 21:43:32,2026-01-05,2026,1,January,17,Monday,False,Afternoon
1214,26UP00051,1,University Park,01/05/2026 05:52 PM,01/05/2026 05:52 PM,01/05/2026 06:31 PM,Student reported a concern for another student,IKENBERRY HALL,2026-02-18 21:43:32,2026-01-05,2026,1,January,17,Monday,False,Afternoon
1215,26UP00052,1,University Park,01/05/2026 05:43 PM,12/22/2025 08:00 AM,01/05/2026 05:43 PM,Student reported a hit and run vehicle crash,HOLUBA HALL,2026-02-18 21:43:32,2026-01-05,2026,1,January,17,Monday,False,Afternoon
1217,26UP00046,1,University Park,01/05/2026 02:04 PM,01/05/2026 08:34 AM,01/05/2026 02:03 PM,Employee reported suspicious person,OLD MAIN,2026-02-18 21:43:32,2026-01-05,2026,1,January,14,Monday,False,Afternoon
1220,26UP00045,1,University Park,01/05/2026 11:12 AM,01/05/2026 11:12 AM,01/05/2026 11:15 AM,Employee reported the theft of University property,SPROUL HALL,2026-02-18 21:43:32,2026-01-05,2026,1,January,11,Monday,False,Morning
1257,26UP00010,1,University Park,01/02/2026 11:48 AM,01/02/2026 11:40 AM,01/02/2026 11:48 AM,Employee reported suspicious person,COLONNADE WAY,2026-02-18 21:43:32,2026-01-02,2026,1,January,11,Friday,False,Morning
1263,26UP00007,1,University Park,01/01/2026 01:39 PM,01/01/2026 12:59 PM,01/01/2026 01:07 PM,Employee reported suspicious persons,BEAVER STADIUM,2026-02-18 21:43:32,2026-01-01,2026,1,January,13,Thursday,False,Afternoon
1272,25UP05383,1,University Park,12/31/2025 02:14 PM,12/31/2025 02:14 PM,,Assisted the fire department with a reported fire alarm activation,DONKIN HALL,2026-02-18 21:43:32,2025-12-31,2025,12,December,14,Wednesday,False,Afternoon
1297,25UP05382,1,University Park,12/29/2025 08:01 PM,12/29/2025 08:01 PM,12/29/2025 09:00 PM,Received this department's copy of a Protection From Abuse (PFA) order,UNIVERSITY SUPPORT BLDG I,2026-02-18 21:43:32,2025-12-29,2025,12,December,20,Monday,False,Evening
1299,25UP05381,1,University Park,12/29/2025 03:50 PM,12/29/2025 03:50 PM,12/29/2025 04:56 PM,Employee reported a fire,MILLENNIUM SCIENCE COMPLEX,2026-02-18 21:43:32,2025-12-29,2025,12,December,15,Monday,False,Afternoon
1303,25UP05379,1,University Park,12/29/2025 12:22 PM,06/01/2025 12:00 AM,12/24/2025 12:00 AM,Employee reported suspicious activity,MILLENNIUM SCIENCE COMPLEX,2026-02-18 21:43:32,2025-12-29,2025,12,December,12,Monday,False,Afternoon
1305,25UP05378,1,University Park,12/29/2025 11:39 AM,12/29/2025 11:39 AM,,Employee reported suspicious persons,AG ADMIN BLDG,2026-02-18 21:43:32,2025-12-29,2025,12,December,11,Monday,False,Morning
1309,25UP05375,1,University Park,12/28/2025 09:29 PM,12/23/2025 09:00 PM,12/24/2025 07:00 PM,Visitor reported the loss or theft of their unattended personal property,FOX HILL RD,2026-02-18 21:43:32,2025-12-28,2025,12,December,21,Sunday,True,Evening
1318,25UP05371,1,University Park,12/27/2025 02:54 PM,12/27/2025 02:54 PM,12/27/2025 03:11 PM,Visitor reported accidental damage to personal property,AIRPORT AIR TERMINAL BLDG,2026-02-18 21:43:32,2025-12-27,2025,12,December,14,Saturday,True,Afternoon
1333,25UP05368,1,University Park,12/25/2025 07:43 PM,12/25/2025 07:43 PM,,A vehicle stop investigation revealed the operator to be driving with a suspended driver's license,NORTH ATHERTON ST & PARK AVE,2026-02-18 21:43:32,2025-12-25,2025,12,December,19,Thursday,False,Evening
1344,25UP05364,1,University Park,12/23/2025 05:29 PM,12/23/2025 05:29 PM,12/23/2025 06:30 PM,Visitor was found trespassing inside a University building,ERIC J. BARRON INNOVATION HUB BUILDING,2026-02-18 21:43:32,2025-12-23,2025,12,December,17,Tuesday,False,Afternoon
1359,25UP05363,1,University Park,12/22/2025 07:03 PM,12/22/2025 07:03 PM,12/22/2025 08:00 PM,Visitor stopped for a University policy violation regarding University access,HUB ROBESON CULTURAL CENTER,2026-02-18 21:43:32,2025-12-22,2025,12,December,19,Monday,False,Evening
1363,25UP05362,1,University Park,12/22/2025 02:47 PM,12/22/2025 02:47 PM,12/22/2025 03:30 PM,Student reported the theft of their personal property,HAMILTON HALL,2026-02-18 21:43:32,2025-12-22,2025,12,December,14,Monday,False,Afternoon
1368,25UP05360,1,University Park,12/22/2025 02:15 AM,12/22/2025 02:15 AM,,A vehicle stop investigation revealed the operator to be driving under the influence of alcohol,CURTIN RD & PORTER RD,2026-02-18 21:43:32,2025-12-22,2025,12,December,2,Monday,False,Late Night
1372,25UP05349,1,University Park,12/21/2025 10:13 PM,12/21/2025 10:13 PM,12/21/2025 10:54 PM,Assisted an outside law enforcement agency with an investigation,E COLLEGE AVE,2026-02-18 21:43:32,2025-12-21,2025,12,December,22,Sunday,True,Late Night
1377,25UP05345,1,University Park,12/21/2025 05:19 PM,12/21/2025 05:19 PM,12/21/2025 05:49 PM,Employee reported finding drug paraphernalia,SPROUL HALL,2026-02-18 21:43:32,2025-12-21,2025,12,December,17,Sunday,True,Afternoon
1379,25UP05344,1,University Park,12/21/2025 04:42 PM,12/21/2025 04:42 PM,12/21/2025 05:07 PM,Assisted Residence Life with a University policy violation,MARTIN HALL,2026-02-18 21:43:32,2025-12-21,2025,12,December,16,Sunday,True,Afternoon
1388,25UP05342,1,University Park,12/20/2025 11:35 PM,12/20/2025 11:35 PM,12/21/2025 02:24 AM,A vehicle stop investigation revealed the operator to be driving under the influence of a controlled substance,N ATHERTON ST (CLAY LN - RAILROAD AVE),2026-02-18 21:43:32,2025-12-20,2025,12,December,23,Saturday,True,Late Night
1390,25UP05335,1,University Park,12/20/2025 10:00 PM,12/20/2025 09:55 PM,,Visitor reported suspicious activity,PEGULA ICE ARENA,2026-02-18 21:43:32,2025-12-20,2025,12,December,22,Saturday,True,Late Night
1394,25UP05328,1,University Park,12/20/2025 05:47 PM,12/20/2025 05:47 PM,12/20/2025 06:47 PM,Visitor requested assistance in locating a student,ATHERTON HALL,2026-02-18 21:43:32,2025-12-20,2025,12,December,17,Saturday,True,Afternoon
1397,25UP05322,1,University Park,12/20/2025 01:45 PM,12/20/2025 01:45 PM,12/20/2025 04:41 PM,Assisted an outside law enforcement agency with an investigation,WHEATFIELD DR,2026-02-18 21:43:32,2025-12-20,2025,12,December,13,Saturday,True,Afternoon
1421,PSHI-2026-02-I-134061,1,University Park,02/19/2026 10:35 PM,02/19/2026 08:45 PM,,,Hershey - Dispatched To: HMC - Emergency Department > HMC - Emergency Department,2026-02-21 20:58:08,2026-02-19,2026,2,February,22,Thursday,False,Late Night
1425,2026-00002220,1,University Park,02/19/2026 06:47 PM,02/19/2026 12:00 PM,02/19/2026 01:00 PM,Student reported damage to University property,MARTIN HALL,2026-02-21 20:58:08,2026-02-19,2026,2,February,18,Thursday,False,Evening
1426,PSHI-2026-02-I-134055,1,University Park,02/19/2026 06:25 PM,02/19/2026 05:23 PM,,,Hershey - Dispatched To: COM - University Manor East > COM - University Manor East,2026-02-21 20:58:08,2026-02-19,2026,2,February,18,Thursday,False,Evening
1427,2026-00002219,1,University Park,02/19/2026 05:31 PM,02/19/2026 05:31 PM,02/19/2026 07:26 PM,Two vehicle accident with no injuries,NITTANY PARKING,2026-02-21 20:58:08,2026-02-19,2026,2,February,17,Thursday,False,Afternoon
1428,PSHI-2026-02-I-134052,1,University Park,02/19/2026 05:11 PM,02/19/2026 04:53 PM,,,Hershey - Dispatched To: HMC - Main Hospital - 4 > HMC - Main Hospital - 4,2026-02-21 20:58:08,2026-02-19,2026,2,February,17,Thursday,False,Afternoon
1429,2026-00002218,1,University Park,02/19/2026 04:53 PM,02/19/2026 04:53 PM,02/19/2026 05:36 PM,Employee reported concern for a student,STUDENT HEALTH CENTER,2026-02-21 20:58:08,2026-02-19,2026,2,February,16,Thursday,False,Afternoon
1430,PSHI-2026-02-I-134050,1,University Park,02/19/2026 04:51 PM,02/19/2026 04:27 PM,,,Hershey - Dispatched To: HMC - Emergency Department > HMC - Emergency Department,2026-02-21 20:58:08,2026-02-19,2026,2,February,16,Thursday,False,Afternoon
1431,PSHI-2026-02-I-134049,1,University Park,02/19/2026 04:10 PM,02/19/2026 03:39 PM,,,Hershey - Dispatched To: HMC - Ronald McDonald House > HMC - Ronald McDonald House,2026-02-21 20:58:08,2026-02-19,2026,2,February,16,Thursday,False,Afternoon
1433,PSHI-2026-02-I-134045,1,University Park,02/19/2026 03:03 PM,02/19/2026 05:00 PM,,,Hershey - Dispatched To: HMC - Main Hospital - 1 - Cashier's Office > HMC - Main Hospital - 1 - Cashier's Office,2026-02-21 20:58:08,2026-02-19,2026,2,February,15,Thursday,False,Afternoon
1434,PSHI-2026-02-I-134044,1,University Park,02/19/2026 03:01 PM,02/19/2026 02:42 PM,,,Hershey - Dispatched To: COM - Basic Science - 1 > COM - Basic Science - 1,2026-02-21 20:58:08,2026-02-19,2026,2,February,15,Thursday,False,Afternoon
1436,2026-00002216,1,University Park,02/19/2026 02:58 PM,02/19/2026 01:20 PM,02/19/2026 02:40 PM,Student reported the theft of their unsecured personal property,OSMOND LAB,2026-02-21 20:58:08,2026-02-19,2026,2,February,14,Thursday,False,Afternoon
1437,2026-00002215,1,University Park,02/19/2026 02:51 PM,02/19/2026 02:51 PM,02/19/2026 05:28 PM,Employee reported suspicious activity,GRANGE BLDG,2026-02-21 20:58:08,2026-02-19,2026,2,February,14,Thursday,False,Afternoon
1438,2026-00002208,1,University Park,02/19/2026 01:38 PM,02/13/2026 04:28 PM,02/13/2026 07:30 PM,Student reported the theft of their unsecured personal property,INTRAMURAL BLDG,2026-02-21 20:58:08,2026-02-19,2026,2,February,13,Thursday,False,Afternoon
1439,2026-00002213,1,University Park,02/19/2026 01:02 PM,02/19/2026 12:48 PM,02/19/2026 01:02 PM,Employee reported concern for a student,OSBORN HALL,2026-02-21 20:58:08,2026-02-19,2026,2,February,13,Thursday,False,Afternoon
1441,2026-00002212,1,University Park,02/19/2026 12:20 PM,02/02/2026 12:00 AM,02/18/2026 11:59 PM,Student reported being harassed by another student,WARNOCK HALL,2026-02-21 20:58:08,2026-02-19,2026,2,February,12,Thursday,False,Afternoon
1442,2026-00002210,1,University Park,02/19/2026 12:00 PM,02/19/2026 12:00 PM,02/19/2026 01:00 PM,Officer conducted a security inspection,SNIDER AGRICULTURAL ARENA,2026-02-21 20:58:08,2026-02-19,2026,2,February,12,Thursday,False,Afternoon
1443,PSHI-2026-02-I-134033,1,University Park,02/19/2026 10:43 AM,,,,Hershey - Dispatched To: HMC - Main Hospital - 3 - Heart & Vascular Progressive Care - West (HVPCU) > HMC - Main Hospital - 3 - Heart & Vascular Progressive Care - West (HVPCU),2026-02-21 20:58:08,2026-02-19,2026,2,February,10,Thursday,False,Morning
1444,PSHI-2026-02-I-134030,1,University Park,02/19/2026 10:08 AM,02/19/2026 09:48 AM,,,Hershey - Dispatched To: HMC - Emergency Department > HMC - Emergency Department,2026-02-21 20:58:08,2026-02-19,2026,2,February,10,Thursday,False,Morning
1445,2026-00002205,1,University Park,02/19/2026 06:30 AM,02/19/2026 06:30 AM,02/19/2026 07:30 AM,Officer conducted a security inspection,NITTANY LION INN,2026-02-21 20:58:08,2026-02-19,2026,2,February,6,Thursday,False,Morning
1446,PSHI-2026-02-I-134022,1,University Park,02/19/2026 04:42 AM,02/19/2026 03:38 AM,,Assisted clinical staff with an agitated patient.,Hershey - Dispatched To: HMC - Main Hospital > HMC - Main Hospital,2026-02-21 20:58:08,2026-02-19,2026,2,February,4,Thursday,False,Late Night
1447,2026-00002202,1,University Park,02/19/2026 04:24 AM,02/19/2026 04:15 AM,02/19/2026 04:24 AM,Student reported another student engaged in disorderly behavior,STONE HALL,2026-02-21 20:58:08,2026-02-19,2026,2,February,4,Thursday,False,Late Night
1448,PSHI-2026-02-I-134021,1,University Park,02/19/2026 03:26 AM,02/19/2026 03:20 AM,,Visitor mismatch to the sex offender registry.,Hershey - Dispatched To: HMC - Children's Hospital > HMC - Children's Hospital,2026-02-21 20:58:08,2026-02-19,2026,2,February,3,Thursday,False,Late Night
1449,PSHI-2026-02-I-134017,1,University Park,02/19/2026 02:51 AM,,,Assisted clinical staff with agitated patient.,Hershey - Dispatched To: HMC - Main Hospital - 1 - Heart & Vascular Critical Care Unit East (HVCCU) > HMC - Main Hospital - 1 - Heart & Vascular Critical Care Unit East (HVCCU),2026-02-21 20:58:08,2026-02-19,2026,2,February,2,Thursday,False,Late Night
1450,PSHI-2026-02-I-134015,1,University Park,02/19/2026 01:50 AM,02/19/2026 01:14 AM,,Property related matter lost and found.,Hershey - Dispatched To: HMC - Emergency Department > HMC - Emergency Department,2026-02-21 20:58:08,2026-02-19,2026,2,February,1,Thursday,False,Late Night
1451,PSHI-2026-02-I-134013,1,University Park,02/18/2026 09:52 PM,02/18/2026 07:10 PM,,,Hershey - Dispatched To: HMC - Children's Hospital > HMC - Children's Hospital,2026-02-21 20:58:08,2026-02-18,2026,2,February,21,Wednesday,False,Evening
1452,PSHI-2026-02-I-134012,1,University Park,02/18/2026 09:08 PM,02/18/2026 06:21 PM,,,Hershey - Dispatched To: HMC - Main Hospital - 6 - MIMCU > HMC - Main Hospital - 6 - MIMCU,2026-02-21 20:58:08,2026-02-18,2026,2,February,21,Wednesday,False,Evening
1453,2026-00002174,1,University Park,02/18/2026 07:20 PM,02/16/2026 10:30 PM,02/17/2026 12:00 AM,Student reported a person trespassing inside a residence hall,PINCHOT HALL,2026-02-21 20:58:08,2026-02-18,2026,2,February,19,Wednesday,False,Evening
1455,PSHI-2026-02-I-134005,1,University Park,02/18/2026 04:22 PM,02/18/2026 04:03 PM,,,Hershey - Dispatched To: HMC - Main Hospital - 6 > HMC - Main Hospital - 6,2026-02-21 20:58:08,2026-02-18,2026,2,February,16,Wednesday,False,Afternoon
1457,PSHI-2026-02-I-134003,1,University Park,02/18/2026 03:41 PM,02/18/2026 03:10 PM,,Asssited LE with access to patient.,Hershey - Reported Location: HMC - Main Hospital - 1 - Security Operations Center,2026-02-21 20:58:08,2026-02-18,2026,2,February,15,Wednesday,False,Afternoon
1458,PSHI-2026-02-I-134001,1,University Park,02/18/2026 02:56 PM,02/18/2026 02:41 PM,,Team de-escalation plan for agitated patient.,Hershey - Dispatched To: HMC - Main Hospital - 6 > HMC - Main Hospital - 6,2026-02-21 20:58:08,2026-02-18,2026,2,February,14,Wednesday,False,Afternoon
1462,2026-00002160,1,University Park,02/18/2026 11:46 AM,02/18/2026 11:46 AM,,Visitor reported suspicious activity,UNIVERSITY SUPPORT BLDG I,2026-02-21 20:58:08,2026-02-18,2026,2,February,11,Wednesday,False,Morning
1463,2026-00002159,1,University Park,02/18/2026 11:02 AM,02/17/2026 03:28 PM,02/17/2026 08:47 PM,Student reported the theft of unsecured personal property,BUS SHELTER MCCOY NATATORIUM,2026-02-21 20:58:08,2026-02-18,2026,2,February,11,Wednesday,False,Morning
1465,2026-00002158,1,University Park,02/18/2026 10:01 AM,02/18/2026 09:46 AM,02/18/2026 10:45 AM,Employee requested assistance with a personal matter,G THOMAS WATER TUNNEL,2026-02-21 20:58:08,2026-02-18,2026,2,February,10,Wednesday,False,Morning
1466,PSHI-2026-02-I-133990,1,University Park,02/18/2026 09:48 AM,02/18/2026 08:40 AM,,,Hershey - Dispatched To: HMC - Main Hospital > HMC - Main Hospital,2026-02-21 20:58:08,2026-02-18,2026,2,February,9,Wednesday,False,Morning
1467,PSHI-2026-02-I-133989,1,University Park,02/18/2026 09:23 AM,02/18/2026 07:30 AM,,Assisted clinical staff with agitated patient.,Hershey - Dispatched To: HMC - Main Hospital - 2 - PreOp\SameDay > HMC - Main Hospital - 2 - PreOp\SameDay,2026-02-21 20:58:08,2026-02-18,2026,2,February,9,Wednesday,False,Morning
1468,PSHI-2026-02-I-133985,1,University Park,02/18/2026 07:45 AM,02/18/2026 07:30 AM,,,Hershey - Dispatched To: HMC - Main Hospital - 4 - Acute Care > HMC - Main Hospital - 4 - Acute Care,2026-02-21 20:58:08,2026-02-18,2026,2,February,7,Wednesday,False,Morning
1469,PSHI-2026-02-I-133980,1,University Park,02/18/2026 06:19 AM,02/18/2026 06:16 AM,,,Hershey - Dispatched To: HMC - Main Hospital - 1 - Main Information Desk > HMC - Main Hospital - 1 - Main Information Desk,2026-02-21 20:58:08,2026-02-18,2026,2,February,6,Wednesday,False,Morning
1470,PSHI-2026-02-I-133979,1,University Park,02/18/2026 02:48 AM,02/18/2026 01:17 AM,,,Hershey - Dispatched To: HMC - Main Hospital > HMC - Main Hospital,2026-02-21 20:58:08,2026-02-18,2026,2,February,2,Wednesday,False,Late Night
1512,2026-00002453,1,University Park,02/24/2026 03:20 AM,12/25/2025 12:00 AM,02/24/2026 03:20 AM,Student reported being harassed,SOUTH HALLS RESIDENCE COMPLEX,2026-02-25 02:54:48,2026-02-24,2026,2,February,3,Tuesday,False,Late Night
1514,2026-00002439,1,University Park,02/23/2026 10:53 PM,02/23/2026 10:53 PM,02/23/2026 11:00 PM,Employee reported a suspicious odor,STONE HALL,2026-02-25 02:54:48,2026-02-23,2026,2,February,22,Monday,False,Late Night
1515,2026-00002438,1,University Park,02/23/2026 10:10 PM,02/22/2026 06:58 PM,,Student reported being harassed,BRUMBAUGH HALL,2026-02-25 02:54:48,2026-02-23,2026,2,February,22,Monday,False,Late Night
1516,2026-00002432,1,University Park,02/23/2026 08:53 PM,02/23/2026 08:53 PM,02/23/2026 09:15 PM,Employee reported a suspcious vehicle,EAST PARKING DECK,2026-02-25 02:54:48,2026-02-23,2026,2,February,20,Monday,False,Evening
1520,2026-00002417,1,University Park,02/23/2026 02:18 PM,02/23/2026 02:00 PM,02/23/2026 02:15 PM,Employee reported a two vehicle crash with no injuries,EAST PARKING DECK,2026-02-25 02:54:48,2026-02-23,2026,2,February,14,Monday,False,Afternoon
1522,2026-00002416,1,University Park,02/23/2026 12:21 PM,02/23/2026 12:21 PM,02/23/2026 01:10 PM,Visitor requested assistance in locating a student,MCELWAIN HALL,2026-02-25 02:54:48,2026-02-23,2026,2,February,12,Monday,False,Afternoon
1525,2026-00002410,1,University Park,02/23/2026 09:43 AM,02/23/2026 07:03 AM,02/23/2026 07:04 AM,Employee reported a one vehicle crash with no injuries,HUB PARKING DECK,2026-02-25 02:54:48,2026-02-23,2026,2,February,9,Monday,False,Morning
1527,2026-00002409,1,University Park,02/23/2026 09:11 AM,02/23/2026 06:00 AM,02/23/2026 09:00 AM,Assisted the ambulance with a medical emergency,HAFFNER HALL,2026-02-25 02:54:48,2026-02-23,2026,2,February,9,Monday,False,Morning
1528,2026-00002407,1,University Park,02/23/2026 08:43 AM,02/21/2026 12:00 AM,02/21/2026 04:00 PM,Employee reported suspcious activity,EAST PARKING DECK,2026-02-25 02:54:48,2026-02-23,2026,2,February,8,Monday,False,Morning
1530,2026-00002397,1,University Park,02/23/2026 12:05 AM,02/22/2026 11:49 PM,02/23/2026 12:05 AM,Employee reported a hit and run crash,HUB PARKING DECK,2026-02-25 02:54:48,2026-02-23,2026,2,February,0,Monday,False,Late Night
1532,PSHI-2026-02-I-134166,1,University Park,02/22/2026 11:08 PM,02/22/2026 10:34 PM,,,Hershey - Dispatched To: HMC - Main Hospital - 4 - Acute Care > HMC - Main Hospital - 4 - Acute Care,2026-02-25 02:54:48,2026-02-22,2026,2,February,23,Sunday,True,Late Night
1533,PSHI-2026-02-I-134165,1,University Park,02/22/2026 11:07 PM,02/22/2026 08:51 PM,,,Hershey - Dispatched To: HMC - Main Hospital > HMC - Main Hospital,2026-02-25 02:54:48,2026-02-22,2026,2,February,23,Sunday,True,Late Night
1537,2026-00002379,1,University Park,02/22/2026 06:34 PM,02/22/2026 06:34 PM,02/22/2026 07:50 PM,Assisted the fire department with a reported smoke condition,BEAM HALL,2026-02-25 02:54:48,2026-02-22,2026,2,February,18,Sunday,True,Evening
1539,PSHI-2026-02-I-134161,1,University Park,02/22/2026 04:25 PM,02/22/2026 02:08 PM,,Assisted clinical staff with agitated patient.,Hershey - Dispatched To: HMC - Children's Hospital - 3 > HMC - Children's Hospital - 3,2026-02-25 02:54:48,2026-02-22,2026,2,February,16,Sunday,True,Afternoon
1540,PSHI-2026-02-I-134160,1,University Park,02/22/2026 04:09 PM,02/22/2026 03:39 PM,,Assisted clinical staff with agitated patient.,Hershey - Dispatched To: HMC - Emergency Department > HMC - Emergency Department,2026-02-25 02:54:48,2026-02-22,2026,2,February,16,Sunday,True,Afternoon
1541,PSHI-2026-02-I-134155,1,University Park,02/22/2026 02:47 PM,02/22/2026 01:43 PM,,,Hershey - Dispatched To: HMC - Emergency Department > HMC - Emergency Department,2026-02-25 02:54:48,2026-02-22,2026,2,February,14,Sunday,True,Afternoon
1545,2026-00002365,1,University Park,02/22/2026 01:03 PM,01/22/2026 12:00 AM,02/22/2026 01:03 PM,Student reported being harassed,DEIKE BLDG,2026-02-25 02:54:48,2026-02-22,2026,2,February,13,Sunday,True,Afternoon
1547,2026-00002358,1,University Park,02/22/2026 07:01 AM,02/22/2026 06:55 AM,02/22/2026 07:01 AM,Employee reported a one vehicle crash with no injuries,NITTANY PARKING,2026-02-25 02:54:48,2026-02-22,2026,2,February,7,Sunday,True,Morning
1548,PSHI-2026-02-I-134146,1,University Park,02/22/2026 05:44 AM,02/22/2026 05:05 AM,,Assisted clinical staff with agitated patient.,Hershey - Dispatched To: HMC - Main Hospital - 3 - Acute Care Medical Oncology       > HMC - Main Hospital - 3 - Acute Care Medical Oncology,2026-02-25 02:54:48,2026-02-22,2026,2,February,5,Sunday,True,Late Night
1549,PSHI-2026-02-I-134145,1,University Park,02/22/2026 05:38 AM,02/22/2026 04:59 AM,,,Hershey - Dispatched To: HMC - Main Hospital - 4 - Acute Care > HMC - Main Hospital - 4 - Acute Care,2026-02-25 02:54:48,2026-02-22,2026,2,February,5,Sunday,True,Late Night
1551,PSHI-2026-02-I-134144,1,University Park,02/22/2026 03:05 AM,02/22/2026 02:13 AM,,Assisted clinical staff with moving a patient.,Hershey - Dispatched To: HMC - Emergency Department > HMC - Emergency Department,2026-02-25 02:54:48,2026-02-22,2026,2,February,3,Sunday,True,Late Night
1552,2026-00002352,1,University Park,02/22/2026 02:19 AM,02/22/2026 02:00 AM,02/22/2026 02:19 AM,Student reported a hit and run crash,MCKEAN RD,2026-02-25 02:54:48,2026-02-22,2026,2,February,2,Sunday,True,Late Night
1553,2026-00002349,1,University Park,02/22/2026 01:05 AM,02/22/2026 01:02 AM,02/22/2026 01:49 AM,Assisted ambulance with a medical emergency,MCKEE HALL,2026-02-25 02:54:48,2026-02-22,2026,2,February,1,Sunday,True,Late Night
1554,2026-00002350,1,University Park,02/22/2026 12:56 AM,02/22/2026 12:56 AM,02/22/2026 01:15 AM,Underage student observed highly intoxicated and transported to the hospital,STUART HALL,2026-02-25 02:54:48,2026-02-22,2026,2,February,0,Sunday,True,Late Night
1555,PSHI-2026-02-I-134140,1,University Park,02/22/2026 12:35 AM,02/21/2026 10:32 PM,,,Hershey - Dispatched To: HMC - Main Hospital > HMC - Main Hospital,2026-02-25 02:54:48,2026-02-22,2026,2,February,0,Sunday,True,Late Night
1556,PSHI-2026-02-I-134139,1,University Park,02/21/2026 11:20 PM,02/21/2026 10:15 PM,,Assisted clinical staff with property damage.,Hershey - Dispatched To: HMC - Main Hospital - 6 - Acute Care > HMC - Main Hospital - 6 - Acute Care,2026-02-25 02:54:48,2026-02-21,2026,2,February,23,Saturday,True,Late Night
1557,PSHI-2026-02-I-134138,1,University Park,02/21/2026 11:08 PM,02/21/2026 10:48 PM,,Assisted clinical staff with agitated patient.,Hershey - Dispatched To: HMC - Emergency Department > HMC - Emergency Department,2026-02-25 02:54:48,2026-02-21,2026,2,February,23,Saturday,True,Late Night
1558,PSHI-2026-02-I-134137,1,University Park,02/21/2026 10:31 PM,02/21/2026 09:49 PM,,Assisted clinical staff with agitated patient.,Hershey - Dispatched To: HMC - Main Hospital > HMC - Main Hospital,2026-02-25 02:54:48,2026-02-21,2026,2,February,22,Saturday,True,Late Night
1560,PSHI-2026-02-I-134136,1,University Park,02/21/2026 09:59 PM,02/17/2026 02:00 AM,,Investigate suspicious activity.,Hershey - Reported Location: HMC - Main Hospital - 1,2026-02-25 02:54:48,2026-02-21,2026,2,February,21,Saturday,True,Evening
1563,PSHI-2026-02-I-134134,1,University Park,02/21/2026 08:03 PM,02/21/2026 06:27 PM,,Assisted clinical staff with agitated patient.,Hershey - Dispatched To: HMC - Emergency Department > HMC - Emergency Department,2026-02-25 02:54:48,2026-02-21,2026,2,February,20,Saturday,True,Evening
1564,2026-00002332,1,University Park,02/21/2026 08:00 PM,02/21/2026 08:00 PM,,Conducted a background investigation for a ride-along,UNIVERSITY SUPPORT BLDG I,2026-02-25 02:54:48,2026-02-21,2026,2,February,20,Saturday,True,Evening
1567,PSHI-2026-02-I-134123,1,University Park,02/21/2026 04:29 PM,,,,Hershey - Dispatched To: HMC - Main Hospital > HMC - Main Hospital,2026-02-25 02:54:48,2026-02-21,2026,2,February,16,Saturday,True,Afternoon
1568,PSHI-2026-02-I-134122,1,University Park,02/21/2026 03:32 PM,02/21/2026 02:59 PM,,Visitor issue.,Hershey - Dispatched To: HMC - Main Hospital > HMC - Main Hospital,2026-02-25 02:54:48,2026-02-21,2026,2,February,15,Saturday,True,Afternoon
1569,PSHI-2026-02-I-134121,1,University Park,02/21/2026 03:12 PM,02/21/2026 02:00 PM,,Assisted clinical staff with agitated visitor.,Hershey - Dispatched To: HMC - Children's Hospital - 7 > HMC - Children's Hospital - 7,2026-02-25 02:54:48,2026-02-21,2026,2,February,15,Saturday,True,Afternoon
1570,PSHI-2026-02-I-134120,1,University Park,02/21/2026 03:05 PM,02/21/2026 02:50 PM,,Assisted visitor with return of personal property.,Hershey - Dispatched To: HMC - Main Hospital > HMC - Main Hospital,2026-02-25 02:54:48,2026-02-21,2026,2,February,15,Saturday,True,Afternoon
1573,2026-00002307,1,University Park,02/21/2026 10:12 AM,02/21/2026 10:00 AM,02/21/2026 10:15 AM,Employee reported loud music,IKENBERRY HALL,2026-02-25 02:54:48,2026-02-21,2026,2,February,10,Saturday,True,Morning
1575,PSHI-2026-02-I-134112,1,University Park,02/21/2026 08:42 AM,02/21/2026 08:35 AM,,Assisted clinical staff with agitated visitor.,Hershey - Dispatched To: HMC - Emergency Department > HMC - Emergency Department,2026-02-25 02:54:48,2026-02-21,2026,2,February,8,Saturday,True,Morning
1576,PSHI-2026-02-I-134110,1,University Park,02/21/2026 05:29 AM,02/21/2026 04:17 AM,,Assisted clinical staff with agitated patient.,Hershey - Dispatched To: HMC - Emergency Department > HMC - Emergency Department,2026-02-25 02:54:48,2026-02-21,2026,2,February,5,Saturday,True,Late Night
1577,2026-00002303,1,University Park,02/21/2026 04:03 AM,02/20/2026 11:45 PM,02/21/2026 03:45 AM,Student reported accidental damage to personal property,STADIUM WEST (SMALL LOT) LOT,2026-02-25 02:54:48,2026-02-21,2026,2,February,4,Saturday,True,Late Night
1578,2026-00002301,1,University Park,02/21/2026 02:12 AM,02/21/2026 02:12 AM,02/21/2026 02:31 AM,A vehicle stop investigation revealed the operator to be driving under the influence of alcohol,N ATHERTON ST & CURTIN RD,2026-02-25 02:54:48,2026-02-21,2026,2,February,2,Saturday,True,Late Night
1581,2026-00002299,1,University Park,02/21/2026 01:10 AM,02/21/2026 01:05 AM,02/21/2026 01:18 AM,"Resident Assistant reported the odor of marijuana, origin not located",PENNYPACKER HALL,2026-02-25 02:54:48,2026-02-21,2026,2,February,1,Saturday,True,Late Night
1582,2026-00002294,1,University Park,02/21/2026 12:22 AM,02/21/2026 12:15 AM,02/21/2026 12:22 AM,Student reported accidental damage to University property,GEARY HALL,2026-02-25 02:54:48,2026-02-21,2026,2,February,0,Saturday,True,Late Night
1583,PSHI-2026-02-I-134105,1,University Park,02/21/2026 12:08 AM,02/20/2026 11:30 PM,,,Hershey - Dispatched To: HMC - 30 Hope Drive - 1 - Radiology East > HMC - 30 Hope Drive - 1 - Radiology East,2026-02-25 02:54:48,2026-02-21,2026,2,February,0,Saturday,True,Late Night
1584,2026-00002289,1,University Park,02/20/2026 11:24 PM,02/20/2026 11:24 PM,02/20/2026 11:32 PM,Assisted an outside law enforcement agency with an investigation,DEANS WAY,2026-02-25 02:54:48,2026-02-20,2026,2,February,23,Friday,False,Late Night
1586,2026-00002271,1,University Park,02/20/2026 08:32 PM,02/20/2026 08:32 PM,,Received this department's copy of a Protection From Abuse (PFA) order,UNIVERSITY SUPPORT BLDG I,2026-02-25 02:54:48,2026-02-20,2026,2,February,20,Friday,False,Evening
1587,2026-00002267,1,University Park,02/20/2026 07:04 PM,02/15/2026 03:00 PM,02/20/2026 07:00 PM,Student reported the theft of their unsecured personal property,SHUNK HALL,2026-02-25 02:54:48,2026-02-20,2026,2,February,19,Friday,False,Evening
1588,PSHI-2026-02-I-134098,1,University Park,02/20/2026 06:20 PM,02/20/2026 06:12 PM,,Assisted visitor with release of personal property.,Hershey - Dispatched To: HMC - Main Hospital - 1 - Security Operations Center > HMC - Main Hospital - 1 - Security Operations Center,2026-02-25 02:54:48,2026-02-20,2026,2,February,18,Friday,False,Evening
1589,PSHI-2026-02-I-134097,1,University Park,02/20/2026 05:56 PM,02/20/2026 05:40 PM,,Assisted clinical staff with agitated patient.,Hershey - Dispatched To: HMC - Emergency Department > HMC - Emergency Department,2026-02-25 02:54:48,2026-02-20,2026,2,February,17,Friday,False,Afternoon
1590,2026-00002260,1,University Park,02/20/2026 05:48 PM,02/20/2026 05:45 PM,02/20/2026 05:48 PM,Employee reported a one vehicle crash with no injuries,NITTANY PARKING,2026-02-25 02:54:48,2026-02-20,2026,2,February,17,Friday,False,Afternoon
1591,PSHI-2026-02-I-134094,1,University Park,02/20/2026 04:53 PM,02/20/2026 04:46 PM,,Assisted clinical staff with agitated patient.,Hershey - Dispatched To: HMC - Emergency Department > HMC - Emergency Department,2026-02-25 02:54:48,2026-02-20,2026,2,February,16,Friday,False,Afternoon
1592,PSHI-2026-02-I-134093,1,University Park,02/20/2026 03:51 PM,02/20/2026 11:49 AM,,,Hershey - Dispatched To: HMC - Emergency Department > HMC - Emergency Department,2026-02-25 02:54:48,2026-02-20,2026,2,February,15,Friday,False,Afternoon
1593,2026-00002257,1,University Park,02/20/2026 03:22 PM,02/20/2026 03:22 PM,02/20/2026 06:38 PM,Officer conducted a security inspection,BRYCE JORDAN CENTER,2026-02-25 02:54:48,2026-02-20,2026,2,February,15,Friday,False,Afternoon
1594,2026-00002256,1,University Park,02/20/2026 02:09 PM,01/17/2026 08:36 PM,02/16/2026 01:00 AM,Student reported the theft of their unsecured personal property,CURTIN HALL,2026-02-25 02:54:48,2026-02-20,2026,2,February,14,Friday,False,Afternoon
1596,PSHI-2026-02-I-134086,1,University Park,02/20/2026 11:00 AM,02/20/2026 10:36 AM,,Assisted clinical staff with agitated visitor.,Hershey - Dispatched To: HMC - Children's Hospital - 7 - Women's Health Post \Antepartum > HMC - Children's Hospital - 7 - Women's Health Post \Antepartum,2026-02-25 02:54:48,2026-02-20,2026,2,February,11,Friday,False,Morning
1597,2026-00002245,1,University Park,02/20/2026 10:50 AM,02/19/2026 07:45 PM,,Visitor reported a hit and run crash,EAST PARKING DECK,2026-02-25 02:54:48,2026-02-20,2026,2,February,10,Friday,False,Morning
1598,PSHI-2026-02-I-134083,1,University Park,02/20/2026 10:35 AM,02/20/2026 10:24 AM,,Visitor mismatch to the sex offender registry.,Hershey - Dispatched To: HMC - Children's Hospital > HMC - Children's Hospital,2026-02-25 02:54:48,2026-02-20,2026,2,February,10,Friday,False,Morning
1599,PSHI-2026-02-I-134082,1,University Park,02/20/2026 09:31 AM,02/20/2026 06:31 AM,,Investigation of suspicious activity.,Hershey - Dispatched To: COM - BMR - 1 > COM - BMR - 1,2026-02-25 02:54:48,2026-02-20,2026,2,February,9,Friday,False,Morning
1600,PSHI-2026-02-I-134080,1,University Park,02/20/2026 08:20 AM,02/20/2026 06:35 AM,,Assisted clinical staff with agitated patient.,Hershey - Dispatched To: HMC - Emergency Department > HMC - Emergency Department,2026-02-25 02:54:48,2026-02-20,2026,2,February,8,Friday,False,Morning
1601,PSHI-2026-02-I-134076,1,University Park,02/20/2026 05:23 AM,02/20/2026 05:01 AM,,Assisted clinical staff with a visitor issue.,Hershey - Dispatched To: HMC - Children's Hospital > HMC - Children's Hospital,2026-02-25 02:54:48,2026-02-20,2026,2,February,5,Friday,False,Late Night
1602,PSHI-2026-02-I-134072,1,University Park,02/20/2026 04:13 AM,,,,Hershey - Dispatched To: HMC - Children's Hospital - 3 > HMC - Children's Hospital - 3,2026-02-25 02:54:48,2026-02-20,2026,2,February,4,Friday,False,Late Night
1603,PSHI-2026-02-I-134070,1,University Park,02/20/2026 02:56 AM,,,Assisted clinical staff with agitated patient.,Hershey - Dispatched To: HMC - Emergency Department > HMC - Emergency Department,2026-02-25 02:54:48,2026-02-20,2026,2,February,2,Friday,False,Late Night
1604,PSHI-2026-02-I-134064,1,University Park,02/20/2026 12:14 AM,02/19/2026 06:38 PM,,,Hershey - Dispatched To: HMC - Campus Drive Roadway > HMC - Campus Drive Roadway,2026-02-25 02:54:48,2026-02-20,2026,2,February,0,Friday,False,Late Night
1624,26UP00930,1,University Park,02/26/2026 04:25 AM,02/26/2026 04:15 AM,02/26/2026 04:25 AM,Student observed highly intoxicated and transported to the hospital,EARLE HALL,2026-02-26 23:59:30,2026-02-26,2026,2,February,4,Thursday,False,Late Night
1625,26UP00929,1,University Park,02/26/2026 04:07 AM,02/26/2026 04:07 AM,02/26/2026 04:25 AM,Student consumed alcoholic beverages being less than 21 years of age,MCKEAN HALL,2026-02-26 23:59:30,2026-02-26,2026,2,February,4,Thursday,False,Late Night
1626,26UP00928,1,University Park,02/26/2026 02:40 AM,02/26/2026 02:40 AM,02/26/2026 04:00 AM,Student observed highly intoxicated and transported to the hospital,PANOFSKY HALL,2026-02-26 23:59:30,2026-02-26,2026,2,February,2,Thursday,False,Late Night
1627,26UP00925,1,University Park,02/26/2026 01:21 AM,02/26/2026 12:45 AM,02/26/2026 01:40 AM,Underage student observed highly intoxicated and transported to the hospital,BRUMBAUGH HALL,2026-02-26 23:59:30,2026-02-26,2026,2,February,1,Thursday,False,Late Night
1628,26UP00926,1,University Park,02/26/2026 01:06 AM,02/26/2026 01:06 AM,02/26/2026 01:56 AM,Student observed highly intoxicated and transported to the hospital,STONE HALL,2026-02-26 23:59:30,2026-02-26,2026,2,February,1,Thursday,False,Late Night
1629,26UP00923,1,University Park,02/26/2026 12:37 AM,02/26/2026 12:37 AM,02/26/2026 01:04 AM,Underage student observed highly intoxicated and transported to the hospital,COOPER HALL,2026-02-26 23:59:30,2026-02-26,2026,2,February,0,Thursday,False,Late Night
1630,26UP00922,1,University Park,02/26/2026 12:29 AM,02/20/2026 12:01 AM,02/26/2026 12:10 AM,Student reported disorderly persons,FARRELL HALL,2026-02-26 23:59:30,2026-02-26,2026,2,February,0,Thursday,False,Late Night
1632,26UP00916,1,University Park,02/25/2026 09:20 PM,02/25/2026 07:11 PM,02/25/2026 09:20 PM,Student reported a hit and run vehicle crash,HUB PARKING DECK,2026-02-26 23:59:30,2026-02-25,2026,2,February,21,Wednesday,False,Evening
1633,26UP00915,1,University Park,02/25/2026 09:05 PM,02/25/2026 09:05 PM,02/25/2026 09:32 PM,Student reported abandoned property,BRYCE JORDAN CENTER,2026-02-26 23:59:30,2026-02-25,2026,2,February,21,Wednesday,False,Evening
1634,26UP00914,1,University Park,02/25/2026 08:18 PM,02/25/2026 08:18 PM,02/25/2026 08:41 PM,Employee reported fraudulent activity,HUCK LIFE SCIENCES BLDG,2026-02-26 23:59:30,2026-02-25,2026,2,February,20,Wednesday,False,Evening
1636,26UP00913,1,University Park,02/25/2026 06:08 PM,02/25/2026 06:08 PM,02/25/2026 07:02 PM,Assisted the fire department with a reported fire alarm activation,INNOVATION BLVD,2026-02-26 23:59:30,2026-02-25,2026,2,February,18,Wednesday,False,Evening
1639,26UP00912,1,University Park,02/25/2026 05:23 PM,02/24/2026 03:00 PM,02/25/2026 05:00 PM,Student reported the theft of their unattended personal property,WILLARD BLDG,2026-02-26 23:59:30,2026-02-25,2026,2,February,17,Wednesday,False,Afternoon
1641,26UP00911,1,University Park,02/25/2026 04:44 PM,02/02/2026 10:00 PM,02/03/2026 09:00 AM,Student reported damage to their privately owned vehicle,MCELWAIN HALL,2026-02-26 23:59:30,2026-02-25,2026,2,February,16,Wednesday,False,Afternoon
1642,26UP00910,1,University Park,02/25/2026 04:40 PM,02/24/2026 12:00 AM,02/25/2026 04:40 PM,Assisted an outside law enforcement agency with an investigation,OFF CAMPUS FRATERNITY,2026-02-26 23:59:30,2026-02-25,2026,2,February,16,Wednesday,False,Afternoon
1643,26UP00909,1,University Park,02/25/2026 03:15 PM,07/31/2025 12:17 PM,02/25/2026 03:15 PM,Student reported suspicious activity,UNIVERSITY SUPPORT BLDG I,2026-02-26 23:59:30,2026-02-25,2026,2,February,15,Wednesday,False,Afternoon
1645,26UP00908,1,University Park,02/25/2026 01:40 PM,02/17/2026 06:20 PM,02/17/2026 06:44 PM,Employee reported the theft of University property,REDIFER HALL,2026-02-26 23:59:30,2026-02-25,2026,2,February,13,Wednesday,False,Afternoon
1650,26UP00907,1,University Park,02/25/2026 10:07 AM,02/18/2026 11:07 AM,02/18/2026 11:25 AM,Employee reported the theft of University property,REDIFER HALL,2026-02-26 23:59:30,2026-02-25,2026,2,February,10,Wednesday,False,Morning
1651,26UP00906,1,University Park,02/25/2026 10:04 AM,02/21/2026 11:00 PM,02/22/2026 03:30 AM,Student reported the theft of their unsecured personal property,BRYCE JORDAN CENTER,2026-02-26 23:59:30,2026-02-25,2026,2,February,10,Wednesday,False,Morning
1652,26UP00905,1,University Park,02/25/2026 09:29 AM,02/25/2026 09:29 AM,02/25/2026 09:46 AM,Assisted an outside agency with a reported Hazing at an off campus fraternity,OFF CAMPUS FRATERNITY,2026-02-26 23:59:30,2026-02-25,2026,2,February,9,Wednesday,False,Morning
1653,26UP00904,1,University Park,02/25/2026 08:11 AM,02/20/2026 10:26 AM,02/20/2026 10:33 AM,Employee reported the theft of University property,REDIFER HALL,2026-02-26 23:59:30,2026-02-25,2026,2,February,8,Wednesday,False,Morning
1654,26UP00903,1,University Park,02/25/2026 07:12 AM,02/20/2026 02:37 PM,02/20/2026 02:40 PM,Employee reported the theft of University property,REDIFER HALL,2026-02-26 23:59:30,2026-02-25,2026,2,February,7,Wednesday,False,Morning
1656,26UP00902,1,University Park,02/25/2026 12:22 AM,02/25/2026 12:10 AM,02/25/2026 12:33 AM,"Resident Assistant reported the odor of marijuana, origin not located",HARTRANFT HALL,2026-02-26 23:59:30,2026-02-25,2026,2,February,0,Wednesday,False,Late Night
1657,26UP00899,1,University Park,02/24/2026 10:36 PM,02/24/2026 10:36 PM,02/24/2026 11:13 PM,Employee reported suspicious activity,AIRPORT AIR TERMINAL BLDG,2026-02-26 23:59:30,2026-02-24,2026,2,February,22,Tuesday,False,Late Night
1658,26UP00898,1,University Park,02/24/2026 09:37 PM,02/24/2026 09:37 PM,02/24/2026 10:15 PM,Officer observed students engaged in disorderly behavior,MCKEAN HALL,2026-02-26 23:59:30,2026-02-24,2026,2,February,21,Tuesday,False,Evening
1659,PSHI-2026-02-I-134245,1,University Park,02/24/2026 09:25 PM,02/24/2026 06:30 PM,,,Hershey - Dispatched To: HMC - Main Hospital > HMC - Main Hospital,2026-02-26 23:59:30,2026-02-24,2026,2,February,21,Tuesday,False,Evening
1660,PSHI-2026-02-I-134244,1,University Park,02/24/2026 09:15 PM,02/24/2026 08:47 PM,,,Hershey - Dispatched To: HMC - Emergency Department > HMC - Emergency Department,2026-02-26 23:59:30,2026-02-24,2026,2,February,21,Tuesday,False,Evening
1661,26UP00897,1,University Park,02/24/2026 09:07 PM,02/24/2026 09:07 PM,02/24/2026 09:40 PM,Employee reported disorderly persons,OLD MAIN,2026-02-26 23:59:30,2026-02-24,2026,2,February,21,Tuesday,False,Evening
1663,PSHI-2026-02-I-134243,1,University Park,02/24/2026 08:20 PM,02/24/2026 08:02 PM,,,Hershey - Dispatched To: HMC - Emergency Department > HMC - Emergency Department,2026-02-26 23:59:30,2026-02-24,2026,2,February,20,Tuesday,False,Evening
1664,26UP00896,1,University Park,02/24/2026 08:08 PM,02/24/2026 05:07 PM,02/24/2026 08:08 PM,Student reported the theft of their unsecured personal property,INTRAMURAL BLDG,2026-02-26 23:59:30,2026-02-24,2026,2,February,20,Tuesday,False,Evening
1665,26UP00895,1,University Park,02/24/2026 07:23 PM,02/24/2026 07:23 PM,02/24/2026 07:40 PM,Student reported a smoke condition,NITTANY APT,2026-02-26 23:59:30,2026-02-24,2026,2,February,19,Tuesday,False,Evening
1666,PSHI-2026-02-I-134240,1,University Park,02/24/2026 05:49 PM,02/24/2026 05:39 PM,,,Hershey - Dispatched To: HMC - Main Hospital - 1 - Cashier's Office > HMC - Main Hospital - 1 - Cashier's Office,2026-02-26 23:59:30,2026-02-24,2026,2,February,17,Tuesday,False,Afternoon
1667,26UP00894,1,University Park,02/24/2026 05:34 PM,02/24/2026 04:20 PM,02/24/2026 05:00 PM,Student reported the theft of their unsecured personal property,PATTEE LIBRARY,2026-02-26 23:59:30,2026-02-24,2026,2,February,17,Tuesday,False,Afternoon
1668,PSHI-2026-02-I-134237,1,University Park,02/24/2026 05:26 PM,02/24/2026 05:18 PM,,Vetted nuisance phone call issue.,Hershey - Dispatched To: HMC - Life Lion Hanger > HMC - Life Lion Hanger,2026-02-26 23:59:30,2026-02-24,2026,2,February,17,Tuesday,False,Afternoon
1670,PSHI-2026-02-I-134235,1,University Park,02/24/2026 04:55 PM,02/24/2026 04:53 PM,,,Hershey - Dispatched To: HMC - Parking Lot - Lot A-1 > HMC - Parking Lot - Lot A-1,2026-02-26 23:59:30,2026-02-24,2026,2,February,16,Tuesday,False,Afternoon
1671,PSHI-2026-02-I-134234,1,University Park,02/24/2026 04:47 PM,02/24/2026 04:35 PM,,,Hershey - Dispatched To: HMC - Main Hospital - 1 - Security Operations Center > HMC - Main Hospital - 1 - Security Operations Center,2026-02-26 23:59:30,2026-02-24,2026,2,February,16,Tuesday,False,Afternoon
1672,26UP00893,1,University Park,02/24/2026 04:47 PM,02/24/2026 04:47 PM,02/24/2026 05:45 PM,Assisted a student with a personal matter,STUDENT HEALTH CENTER,2026-02-26 23:59:30,2026-02-24,2026,2,February,16,Tuesday,False,Afternoon
1675,26UP00892,1,University Park,02/24/2026 03:52 PM,02/24/2026 03:52 PM,02/24/2026 04:25 PM,Visitor reported a two vehicle crash with no injuries,ORANGE L EAST (FOUNDERS LOT),2026-02-26 23:59:30,2026-02-24,2026,2,February,15,Tuesday,False,Afternoon
1676,PSHI-2026-02-I-134233,1,University Park,02/24/2026 03:49 PM,02/24/2026 03:28 PM,,,Hershey - Dispatched To: HMC - UPC-2 - 3 - Pain Management > HMC - UPC-2 - 3 - Pain Management,2026-02-26 23:59:30,2026-02-24,2026,2,February,15,Tuesday,False,Afternoon
1678,26UP00891,1,University Park,02/24/2026 03:13 PM,02/24/2026 03:13 PM,02/24/2026 03:40 PM,Student reported a two vehicle crash with no injuries,WEST DECK,2026-02-26 23:59:30,2026-02-24,2026,2,February,15,Tuesday,False,Afternoon
1680,26UP00890,1,University Park,02/24/2026 03:07 PM,02/15/2026 05:11 PM,,Employee reported being harassed,UNKNOWN LOCATION,2026-02-26 23:59:30,2026-02-24,2026,2,February,15,Tuesday,False,Afternoon
1684,26UP00889,1,University Park,02/24/2026 02:08 PM,02/20/2026 05:40 PM,02/20/2026 05:50 PM,Employee reported the theft of University property,REDIFER HALL,2026-02-26 23:59:30,2026-02-24,2026,2,February,14,Tuesday,False,Afternoon
1685,PSHI-2026-02-I-134228,1,University Park,02/24/2026 01:32 PM,02/24/2026 01:08 PM,,,Hershey - Dispatched To: HMC - Main Hospital > HMC - Main Hospital,2026-02-26 23:59:30,2026-02-24,2026,2,February,13,Tuesday,False,Afternoon
1687,PSHI-2026-02-I-134227,1,University Park,02/24/2026 12:57 PM,02/23/2026 02:47 AM,,,Hershey - Dispatched To: HMC and COM - University Technology Center > HMC and COM - University Technology Center,2026-02-26 23:59:30,2026-02-24,2026,2,February,12,Tuesday,False,Afternoon
1690,PSHI-2026-02-I-134223,1,University Park,02/24/2026 11:14 AM,02/24/2026 10:47 AM,,,Hershey - Dispatched To: HMC - Children's Hospital - 3 > HMC - Children's Hospital - 3,2026-02-26 23:59:30,2026-02-24,2026,2,February,11,Tuesday,False,Morning
1691,PSHI-2026-02-I-134222,1,University Park,02/24/2026 10:48 AM,,,,Hershey - Dispatched To: HMC - Main Hospital - 1 - Gift Shop > HMC - Main Hospital - 1 - Gift Shop,2026-02-26 23:59:30,2026-02-24,2026,2,February,10,Tuesday,False,Morning
1692,PSHI-2026-02-I-134216,1,University Park,02/24/2026 09:51 AM,02/24/2026 09:29 AM,,,Hershey - Reported Location: HMC - 35 Hope Drive - 2 - OBGYN,2026-02-26 23:59:30,2026-02-24,2026,2,February,9,Tuesday,False,Morning
1693,26UP00888,1,University Park,02/24/2026 09:43 AM,02/24/2026 08:36 AM,02/24/2026 09:43 AM,Employee reported a hit and run vehicle crash,EAST PARKING DECK,2026-02-26 23:59:30,2026-02-24,2026,2,February,9,Tuesday,False,Morning
1694,26UP00887,1,University Park,02/24/2026 08:32 AM,02/24/2026 08:00 AM,02/24/2026 08:37 AM,Employee requested assistance with an administrative matter,PATERNO LIBRARY,2026-02-26 23:59:30,2026-02-24,2026,2,February,8,Tuesday,False,Morning
1695,PSHI-2026-02-I-134214,1,University Park,02/24/2026 07:06 AM,02/24/2026 06:57 AM,,,Hershey - Dispatched To: HMC - Main Hospital - 1 - Main Entrance\Valet > HMC - Main Hospital - 1 - Main Entrance\Valet,2026-02-26 23:59:30,2026-02-24,2026,2,February,7,Tuesday,False,Morning
1696,PSHI-2026-02-I-134207,1,University Park,02/23/2026 11:51 PM,02/23/2026 08:25 PM,,,Hershey - Dispatched To: HMC - Children's Hospital - 2 - Children's Hospital PACU > HMC - Children's Hospital - 2 - Children's Hospital PACU,2026-02-26 23:59:30,2026-02-23,2026,2,February,23,Monday,False,Late Night
1697,PSHI-2026-02-I-134203,1,University Park,02/23/2026 10:42 PM,02/23/2026 10:30 PM,,,Hershey - Dispatched To: HMC - Emergency Department > HMC - Emergency Department,2026-02-26 23:59:30,2026-02-23,2026,2,February,22,Monday,False,Late Night
1698,PSHI-2026-02-I-134200,1,University Park,02/23/2026 10:36 PM,02/23/2026 06:00 PM,,,Hershey - Dispatched To: HMC - Children's Hospital - 3 - Children's Hospital Acute Care > HMC - Children's Hospital - 3 - Children's Hospital Acute Care,2026-02-26 23:59:30,2026-02-23,2026,2,February,22,Monday,False,Late Night
1699,PSHI-2026-02-I-134197,1,University Park,02/23/2026 07:24 PM,02/23/2026 06:12 PM,,,Hershey - Dispatched To: HMC - Children's Hospital > HMC - Children's Hospital,2026-02-26 23:59:30,2026-02-23,2026,2,February,19,Monday,False,Evening
1700,PSHI-2026-02-I-134190,1,University Park,02/23/2026 04:42 PM,02/23/2026 04:30 PM,,,Hershey - Reported Location: HMC - Main Hospital - 1 - Security Operations Center,2026-02-26 23:59:30,2026-02-23,2026,2,February,16,Monday,False,Afternoon
1701,PSHI-2026-02-I-134187,1,University Park,02/23/2026 02:52 PM,02/23/2026 02:35 PM,,,Hershey - Dispatched To: HMC - Children's Hospital - 3 > HMC - Children's Hospital - 3,2026-02-26 23:59:30,2026-02-23,2026,2,February,14,Monday,False,Afternoon
1702,PSHI-2026-02-I-134184,1,University Park,02/23/2026 01:36 PM,02/23/2026 01:27 PM,,,Hershey - Dispatched To: HMC - Emergency Department > HMC - Emergency Department,2026-02-26 23:59:30,2026-02-23,2026,2,February,13,Monday,False,Afternoon
1703,PSHI-2026-02-I-134183,1,University Park,02/23/2026 01:35 PM,02/23/2026 01:11 PM,,,Hershey - Dispatched To: HMC - Main Hospital - 3 > HMC - Main Hospital - 3,2026-02-26 23:59:30,2026-02-23,2026,2,February,13,Monday,False,Afternoon
1704,PSHI-2026-02-I-134180,1,University Park,02/23/2026 11:56 AM,02/23/2026 11:37 AM,,,Hershey - Reported Location: HMC - Children's Hospital - 3 - Children's Hospital Acute Care,2026-02-26 23:59:30,2026-02-23,2026,2,February,11,Monday,False,Morning
1705,PSHI-2026-02-I-134179,1,University Park,02/23/2026 10:28 AM,02/23/2026 10:05 AM,,,Hershey - Reported Location: HMC - Main Hospital - 6 - MIMCU,2026-02-26 23:59:30,2026-02-23,2026,2,February,10,Monday,False,Morning
1706,PSHI-2026-02-I-134176,1,University Park,02/23/2026 07:56 AM,02/23/2026 07:43 AM,,,Hershey - Dispatched To: HMC - Children's Hospital - 1 - Children's Hospital Main Information Desk > HMC - Children's Hospital - 1 - Children's Hospital Main Information Desk,2026-02-26 23:59:30,2026-02-23,2026,2,February,7,Monday,False,Morning
1707,PSHI-2026-02-I-134175,1,University Park,02/23/2026 07:24 AM,02/23/2026 07:00 AM,,,Hershey - Reported Location: HMC - Children's Hospital - 7 - Labor and Delivery,2026-02-26 23:59:30,2026-02-23,2026,2,February,7,Monday,False,Morning
1708,PSHI-2026-02-I-134173,1,University Park,02/23/2026 05:23 AM,02/23/2026 03:03 AM,,,Hershey - Dispatched To: HMC - Main Hospital - 4 - Acute Care > HMC - Main Hospital - 4 - Acute Care,2026-02-26 23:59:30,2026-02-23,2026,2,February,5,Monday,False,Late Night
1709,PSHI-2026-02-I-134170,1,University Park,02/23/2026 03:51 AM,02/23/2026 03:14 AM,,Patient threw cup of water on nurse.,Hershey - Dispatched To: HMC - Main Hospital - 6 - MIMCU > HMC - Main Hospital - 6 - MIMCU,2026-02-26 23:59:30,2026-02-23,2026,2,February,3,Monday,False,Late Night
1710,PSHI-2026-02-I-134168,1,University Park,02/23/2026 12:06 AM,02/22/2026 10:15 PM,,Assisted clinical staff with an agitated patient.,Hershey - Dispatched To: HMC - Main Hospital - 6 - Acute Care > HMC - Main Hospital - 6 - Acute Care,2026-02-26 23:59:30,2026-02-23,2026,2,February,0,Monday,False,Late Night
