id,incident_number,campus_id,reported_datetime,occurred_start,occurred_end,nature_of_incident,location,created_at,date,year,month,month_name,hour,day_of_week,is_weekend,time_bucket
2,2026-00002149,2,02/18/2026 01:03 AM,2026-02-18 01:03:00,02/18/2026 01:53 AM,Visitor requested assistance with a personal matter,EISENHOWER PARKING DECK,2026-02-18 21:43:32,2026-02-18,2026,2,February,1,Wednesday,False,Late Night
3,2026-00002147,2,02/18/2026 12:05 AM,2026-02-18 00:05:00,02/18/2026 12:38 AM,Employee reported a gas leak,GUION S BLUFORD BLDG,2026-02-18 21:43:32,2026-02-18,2026,2,February,0,Wednesday,False,Late Night
4,26ALtemp00008,3,02/17/2026 08:47 PM,2026-02-17 19:05:00,02/17/2026 08:47 PM,Employee reported a concern for another student,Slep Student Center,2026-02-18 21:43:32,2026-02-17,2026,2,February,19,Tuesday,False,Evening
5,26HNtemp0006,15,02/17/2026 08:34 PM,2026-02-17 20:24:00,02/17/2026 08:40 PM,Employee reported suspicious vehicle,NORTH HALL,2026-02-18 21:43:32,2026-02-17,2026,2,February,20,Tuesday,False,Evening
6,2026-00002133,2,02/17/2026 06:24 PM,2026-02-17 18:15:00,02/17/2026 08:28 PM,Employee reported a concern for another person,REDIFER HALL,2026-02-18 21:43:32,2026-02-17,2026,2,February,18,Tuesday,False,Evening
7,2026-00002131,2,02/17/2026 06:04 PM,2026-01-10 00:00:00,02/17/2026 06:00 PM,Student reported the loss or theft of their unattended personal property,RUNKLE HALL,2026-02-18 21:43:32,2026-01-10,2026,1,January,0,Saturday,True,Late Night
8,2026-00002119,2,02/17/2026 03:13 PM,2026-02-17 15:13:00,02/17/2026 04:35 PM,Visitor requested assistance with an administrative matter,UNIVERSITY SUPPORT BLDG I,2026-02-18 21:43:32,2026-02-17,2026,2,February,15,Tuesday,False,Afternoon
9,26BRtemp0003,6,02/17/2026 02:00 PM,2026-02-17 13:58:00,02/17/2026 02:00 PM,Employee reported a vehicle crash with no injuries,University Dr,2026-02-18 21:43:32,2026-02-17,2026,2,February,13,Tuesday,False,Afternoon
10,2026-00002115,2,02/17/2026 01:59 PM,2026-02-17 13:30:00,02/17/2026 01:50 PM,Employee reported a suspicious person,HINTZ FAMILY ALUMNI CENTER,2026-02-18 21:43:32,2026-02-17,2026,2,February,13,Tuesday,False,Afternoon
11,2026-00002114,2,02/17/2026 01:30 PM,2026-02-16 16:43:00,02/16/2026 05:36 PM,Employee reported persons trespassing inside a University building,GREENBERG INDOOR SPORTS,2026-02-18 21:43:32,2026-02-16,2026,2,February,16,Monday,False,Afternoon
12,26ALtemp00007,3,02/17/2026 01:30 PM,2026-02-17 13:30:00,,Employee reported a two vehicle crash with no injuries,Slep Lot,2026-02-18 21:43:32,2026-02-17,2026,2,February,13,Tuesday,False,Afternoon
13,2026-00002113,2,02/17/2026 11:28 AM,2026-02-14 00:00:00,02/17/2026 11:28 AM,Student reported being harassed,MARTIN ST,2026-02-18 21:43:32,2026-02-14,2026,2,February,0,Saturday,True,Late Night
14,26BRtemp0002,6,02/17/2026 11:06 AM,2026-02-17 00:00:00,02/17/2026 11:06 AM,Employee reported concern for another person,POLICE SERVICES BLDG,2026-02-18 21:43:32,2026-02-17,2026,2,February,0,Tuesday,False,Late Night
15,26ALtemp00006,3,02/17/2026 09:20 AM,2026-02-17 09:20:00,,Student requested assistance with a personal matter,Poplar Building,2026-02-18 21:43:32,2026-02-17,2026,2,February,9,Tuesday,False,Morning
16,2026-00002104,2,02/17/2026 01:14 AM,2026-02-17 01:14:00,02/17/2026 01:30 AM,"Student reported the odor of marijuana, origin not located",PENNYPACKER HALL,2026-02-18 21:43:32,2026-02-17,2026,2,February,1,Tuesday,False,Late Night
17,2026-00002100,2,02/16/2026 11:00 PM,2026-02-16 20:12:00,02/16/2026 11:46 PM,University employee reported a suspicious vehicle,STEAM DR,2026-02-18 21:43:32,2026-02-16,2026,2,February,20,Monday,False,Evening
18,26HNtemp0005,15,02/16/2026 09:44 PM,2026-02-16 21:44:00,02/16/2026 11:35 PM,Assisted a law enforcement agency with an investigation,527 W COUNTY RD,2026-02-18 21:43:32,2026-02-16,2026,2,February,21,Monday,False,Evening
19,26ERtemp0006,5,02/16/2026 09:43 PM,2026-02-16 21:43:00,02/16/2026 10:15 PM,Student reported suspicious activity,REED UNION BUILDING,2026-02-18 21:43:32,2026-02-16,2026,2,February,21,Monday,False,Evening
20,2026-00002099,2,02/16/2026 09:30 PM,2026-02-16 21:30:00,02/16/2026 10:24 PM,Identified occupants in possession of marijuana and drug paraphernalia,NELSON HALL,2026-02-18 21:43:32,2026-02-16,2026,2,February,21,Monday,False,Evening
21,26BKTemp0004,4,02/16/2026 09:16 PM,2026-02-16 21:16:00,02/16/2026 09:35 PM,Employee reported a visitor trespassing in a residence hall,LAUREL HALL,2026-02-18 21:43:32,2026-02-16,2026,2,February,21,Monday,False,Evening
22,2026-00002086,2,02/16/2026 04:36 PM,2024-02-17 00:00:00,02/18/2024 12:00 AM,Student reported they were sexually assaulted by a known person in a residence hall,WEST HALLS RESIDENCE COMPLEX,2026-02-18 21:43:32,2024-02-17,2024,2,February,0,Saturday,True,Late Night
23,26BKTemp0003,4,02/16/2026 03:30 PM,2026-02-16 15:30:00,02/16/2026 04:30 PM,Employee reported a fire drill alarm,PEPPERWOOD HALL,2026-02-18 21:43:32,2026-02-16,2026,2,February,15,Monday,False,Afternoon
24,26ERtemp0005,5,02/16/2026 03:20 PM,2026-02-16 15:15:00,02/16/2026 03:45 PM,Employee reported a concern for a visitor,REED LOT,2026-02-18 21:43:32,2026-02-16,2026,2,February,15,Monday,False,Afternoon
25,2026-00002079,2,02/16/2026 11:39 AM,2026-02-06 21:30:00,02/07/2026 01:30 AM,Assisted a student with an administrative matter,STONE HALL,2026-02-18 21:43:32,2026-02-06,2026,2,February,21,Friday,False,Evening
26,2026-00002078,2,02/16/2026 11:20 AM,2026-02-13 00:00:00,02/13/2026 11:59 PM,Assisted an outside law enforcement agency with an investigation,OFF CAMPUS FRATERNITY,2026-02-18 21:43:32,2026-02-13,2026,2,February,0,Friday,False,Late Night
27,2026-00002076,2,02/16/2026 10:17 AM,2026-02-06 00:00:00,02/06/2026 11:59 PM,Assisted an outside law enforcement agency with an investigation,OFF CAMPUS FRATERNITY,2026-02-18 21:43:32,2026-02-06,2026,2,February,0,Friday,False,Late Night
28,26SHtemp0001,20,02/16/2026 09:45 AM,2026-02-16 09:45:00,02/17/2026 01:00 PM,Employee requested assistance with an adminstrative matter,Sharon Hall,2026-02-18 21:43:32,2026-02-16,2026,2,February,9,Monday,False,Morning
29,2026-00002074,2,02/16/2026 02:47 AM,2026-02-16 02:47:00,02/16/2026 03:24 AM,A vehicle stop investigation revealed the operator to be driving under the influence of alcohol,N ATHERTON ST & WOODLAND DR,2026-02-18 21:43:32,2026-02-16,2026,2,February,2,Monday,False,Late Night
30,2026-00002081,2,02/16/2026 02:00 AM,2026-02-16 02:00:00,02/16/2026 08:30 AM,Employee reported suspicious person,UNIVERSITY SUPPORT BLDG I,2026-02-18 21:43:32,2026-02-16,2026,2,February,2,Monday,False,Late Night
31,26ABTemp0009,2,02/15/2026 11:50 PM,2026-02-15 23:50:00,02/15/2026 11:59 PM,Visitor reported a concern for a student,LIONS GATE AT PENN STATE ABINGTON,2026-02-18 21:43:32,2026-02-15,2026,2,February,23,Sunday,True,Late Night
32,2026-00002067,2,02/15/2026 09:31 PM,2026-02-15 21:27:00,02/15/2026 10:30 PM,Assisted an outside law enforcement agency with an investigation,WHITE BLDG,2026-02-18 21:43:32,2026-02-15,2026,2,February,21,Sunday,True,Evening
33,2026-00002066,2,02/15/2026 09:07 PM,2026-02-15 21:07:00,02/15/2026 09:33 PM,Student reported suspicious activity,HASTINGS HALL,2026-02-18 21:43:32,2026-02-15,2026,2,February,21,Sunday,True,Evening
34,26ABTemp0008,2,02/15/2026 08:24 PM,2026-02-15 20:20:00,02/14/2026 08:50 PM,Employee reported a fire alarm activation,LIONS GATE AT PENN STATE ABINGTON,2026-02-18 21:43:32,2026-02-15,2026,2,February,20,Sunday,True,Evening
35,2026-00002065,2,02/15/2026 08:20 PM,2026-02-15 20:20:00,,Assisted a student with a personal matter,WARING HALL,2026-02-18 21:43:32,2026-02-15,2026,2,February,20,Sunday,True,Evening
36,26ERtemp0004,5,02/15/2026 08:15 PM,2026-02-15 20:13:00,02/15/2026 09:12 PM,Employee reported a power outage and alarm activation,NIAGARA HALL,2026-02-18 21:43:32,2026-02-15,2026,2,February,20,Sunday,True,Evening
37,2026-00002059,2,02/15/2026 07:24 PM,2026-02-15 19:24:00,02/15/2026 07:26 PM,Assisted an outside law enforcement agency with an investigation,PENNSYLVANIA AVE,2026-02-18 21:43:32,2026-02-15,2026,2,February,19,Sunday,True,Evening
38,PSHI-2026-02-I-133881,2,02/15/2026 07:12 PM,2026-02-15 18:21:00,,Assisted clinical staff with agitated patient.,Hershey - Dispatched To: HMC - Main Hospital > HMC - Main Hospital,2026-02-18 21:43:32,2026-02-15,2026,2,February,18,Sunday,True,Evening
39,26ALtemp0005,3,02/15/2026 07:11 PM,2026-02-15 19:00:00,02/15/2026 07:08 PM,Student reported being physically assaulted by a known person,SPRUCE HALL,2026-02-18 21:43:32,2026-02-15,2026,2,February,19,Sunday,True,Evening
40,2026-00002055,2,02/15/2026 04:28 PM,2025-10-01 00:00:00,02/11/2026 11:59 PM,Student reported fraudulent charges,BRUMBAUGH HALL,2026-02-18 21:43:32,2025-10-01,2025,10,October,0,Wednesday,False,Late Night
41,PSHI-2026-02-I-133879,2,02/15/2026 03:44 PM,2026-02-15 15:03:00,,Assisted clinical staff with visitor issue.,Hershey - Dispatched To: HMC - Emergency Department > HMC - Emergency Department,2026-02-18 21:43:32,2026-02-15,2026,2,February,15,Sunday,True,Afternoon
42,2026-00002049,2,02/15/2026 02:23 PM,2026-02-14 23:20:00,02/15/2026 02:40 PM,Student reported being harassed,KATZ BLDG,2026-02-18 21:43:32,2026-02-14,2026,2,February,23,Saturday,True,Late Night
43,PSHI-2026-02-I-133876,2,02/15/2026 02:14 PM,2026-02-15 11:40:00,,,Hershey - Dispatched To: HMC - Main Hospital - 1 - Security Operations Center > HMC - Main Hospital - 1 - Security Operations Center,2026-02-18 21:43:32,2026-02-15,2026,2,February,11,Sunday,True,Morning
44,PSHI-2026-02-I-133872,2,02/15/2026 01:19 PM,2026-02-15 12:09:00,,,Hershey - Dispatched To: HMC - Parking Lot - Lot M1 > HMC - Parking Lot - Lot M1,2026-02-18 21:43:32,2026-02-15,2026,2,February,12,Sunday,True,Afternoon
45,PSHI-2026-02-I-133870,2,02/15/2026 11:15 AM,2026-02-15 11:10:00,,Patient left care prior to discharge.,Hershey - Dispatched To: HMC - Emergency Department > HMC - Emergency Department,2026-02-18 21:43:32,2026-02-15,2026,2,February,11,Sunday,True,Morning
46,PSHI-2026-02-I-133869,2,02/15/2026 10:09 AM,2026-02-15 10:08:00,,Received court documents.,Hershey - Dispatched To: HMC - Children's Hospital - 7 > HMC - Children's Hospital - 7,2026-02-18 21:43:32,2026-02-15,2026,2,February,10,Sunday,True,Morning
47,PSHI-2026-02-I-133868,2,02/15/2026 10:09 AM,2026-02-15 08:38:00,,AED quarterly inspections.,Hershey - Dispatched To: HMC - Main Hospital > HMC - Main Hospital,2026-02-18 21:43:32,2026-02-15,2026,2,February,8,Sunday,True,Morning
48,2026-00002045,2,02/15/2026 09:23 AM,2026-02-15 09:20:00,02/15/2026 10:30 AM,Visitor reported being assaulted by a known person,HASTINGS RD & UNIVERSITY DR,2026-02-18 21:43:32,2026-02-15,2026,2,February,9,Sunday,True,Morning
49,PSHI-2026-02-I-133866,2,02/15/2026 09:02 AM,2026-02-15 08:58:00,,,Hershey - Dispatched To: HMC - Main Hospital - 1 - Cashier's Office > HMC - Main Hospital - 1 - Cashier's Office,2026-02-18 21:43:32,2026-02-15,2026,2,February,8,Sunday,True,Morning
50,PSHI-2026-02-I-133864,2,02/15/2026 07:06 AM,2026-02-14 17:13:00,,Assisted clinical staff with agitated visitor.,Hershey - Dispatched To: HMC - Children's Hospital - 3 > HMC - Children's Hospital - 3,2026-02-18 21:43:32,2026-02-14,2026,2,February,17,Saturday,True,Evening
51,PSHI-2026-02-I-133855,2,02/15/2026 04:04 AM,2026-02-15 03:41:00,,Assisted clinical staff with agitated patient.,Hershey - Dispatched To: HMC - Emergency Department > HMC - Emergency Department,2026-02-18 21:43:32,2026-02-15,2026,2,February,3,Sunday,True,Late Night
52,2026-00002040,2,02/15/2026 03:48 AM,2026-02-15 03:48:00,02/15/2026 03:59 AM,A vehicle stop investigation revealed the operator to be driving under the influence of  alcohol,W COLLEGE AVE & N BURROWES RD,2026-02-18 21:43:32,2026-02-15,2026,2,February,3,Sunday,True,Late Night
53,PSHI-2026-02-I-133854,2,02/15/2026 03:19 AM,2026-02-15 02:50:00,,Assisted clinical staff with agitated patient.,Hershey - Dispatched To: HMC - Emergency Department > HMC - Emergency Department,2026-02-18 21:43:32,2026-02-15,2026,2,February,2,Sunday,True,Late Night
54,PSHI-2026-02-I-133853,2,02/15/2026 02:23 AM,2026-02-15 02:08:00,,,Hershey - Dispatched To: HMC - Emergency Department > HMC - Emergency Department,2026-02-18 21:43:32,2026-02-15,2026,2,February,2,Sunday,True,Late Night
55,2026-00002034,2,02/15/2026 01:41 AM,2026-02-15 01:41:00,02/15/2026 02:27 AM,Underage student observed highly intoxicated,SIMMONS HALL,2026-02-18 21:43:32,2026-02-15,2026,2,February,1,Sunday,True,Late Night
56,2026-00002033,2,02/15/2026 01:28 AM,2026-02-15 01:10:00,02/15/2026 01:27 AM,Employee reported persons trespassing inside a restricted area,BEAVER STADIUM,2026-02-18 21:43:32,2026-02-15,2026,2,February,1,Sunday,True,Late Night
57,PSHI-2026-02-I-133851,2,02/14/2026 10:52 PM,2026-02-14 21:21:00,,,Hershey - Dispatched To: HMC - Emergency Department > HMC - Emergency Department,2026-02-18 21:43:32,2026-02-14,2026,2,February,21,Saturday,True,Evening
58,2026-00002019,2,02/14/2026 10:15 PM,2026-02-14 22:15:00,02/14/2026 10:38 PM,Visitor expressed concern for a student,HIBBS HALL,2026-02-18 21:43:32,2026-02-14,2026,2,February,22,Saturday,True,Late Night
59,2026-00002020,2,02/14/2026 10:13 PM,2026-02-14 22:13:00,02/14/2026 10:32 PM,Student observed highly intoxicated and transported to the hospital,SIMMONS HALL,2026-02-18 21:43:32,2026-02-14,2026,2,February,22,Saturday,True,Late Night
60,26ERtemp0003,5,02/14/2026 09:03 PM,2026-02-14 21:03:00,02/14/2026 09:30 PM,Resident Assistant reported a suspicious odor,NIAGARA HALL,2026-02-18 21:43:32,2026-02-14,2026,2,February,21,Saturday,True,Evening
61,2026-00002016,2,02/14/2026 09:01 PM,2026-02-09 00:00:00,02/14/2026 09:00 PM,Student reported being harassed,THOMPSON HALL,2026-02-18 21:43:32,2026-02-09,2026,2,February,0,Monday,False,Late Night
62,2026-00002015,2,02/14/2026 08:29 PM,2026-02-14 20:25:00,02/14/2026 08:42 PM,Resident Assistant reported a suspicious odor,TENER HALL,2026-02-18 21:43:32,2026-02-14,2026,2,February,20,Saturday,True,Evening
63,2026-00002014,2,02/14/2026 08:25 PM,2026-02-14 18:00:00,02/14/2026 06:45 PM,Student reported the theft of their unsecured personal property,INTRAMURAL BLDG,2026-02-18 21:43:32,2026-02-14,2026,2,February,18,Saturday,True,Evening
64,PSHI-2026-02-I-133849,2,02/14/2026 08:17 PM,2026-02-14 18:47:00,,Assisted clinical staff with agitated patient.,Hershey - Dispatched To: HMC - Emergency Department > HMC - Emergency Department,2026-02-18 21:43:32,2026-02-14,2026,2,February,18,Saturday,True,Evening
65,PSHI-2026-02-I-133847,2,02/14/2026 05:52 PM,2026-02-14 16:45:00,,Assisted clinical staff with agitated patient.,Hershey - Dispatched To: HMC - Children's Hospital - 3 > HMC - Children's Hospital - 3,2026-02-18 21:43:32,2026-02-14,2026,2,February,16,Saturday,True,Afternoon
66,PSHI-2026-02-I-133842,2,02/14/2026 03:06 PM,2026-02-14 14:51:00,,Assisted clinical staff with agitated patient.,Hershey - Dispatched To: HMC - Emergency Department > HMC - Emergency Department,2026-02-18 21:43:32,2026-02-14,2026,2,February,14,Saturday,True,Afternoon
67,26ALtemp0004,3,02/14/2026 02:55 PM,2026-02-14 14:55:00,02/14/2026 04:40 PM,Visitor reported a concern for a student,SPRUCE HALL,2026-02-18 21:43:32,2026-02-14,2026,2,February,14,Saturday,True,Afternoon
68,PSHI-2026-02-I-133840,2,02/14/2026 02:35 PM,2026-02-14 14:21:00,,,Hershey - Dispatched To: HMC - Main Hospital - 1 - Cashier's Office > HMC - Main Hospital - 1 - Cashier's Office,2026-02-18 21:43:32,2026-02-14,2026,2,February,14,Saturday,True,Afternoon
69,2026-00002006,2,02/14/2026 01:03 PM,2026-02-14 03:00:00,02/14/2026 07:00 AM,Student reported the theft of University property,ROBINSON HALL,2026-02-18 21:43:32,2026-02-14,2026,2,February,3,Saturday,True,Late Night
70,2026-00002005,2,02/14/2026 12:32 PM,2026-02-14 12:25:00,02/14/2026 12:32 PM,Student reported the theft of unsecured personal property,CHEMICAL AND BIOMEDICAL ENGINEERING BLDG,2026-02-18 21:43:32,2026-02-14,2026,2,February,12,Saturday,True,Afternoon
71,26ABTemp0007,2,02/14/2026 12:16 PM,2026-02-14 12:16:00,02/14/2026 12:35 PM,Assisted the ambulance with a medical emergency,PHYSICAL EDUCATION BUILDING,2026-02-18 21:43:32,2026-02-14,2026,2,February,12,Saturday,True,Afternoon
72,26ABTemp0006,2,02/14/2026 11:18 AM,2026-02-14 11:36:00,,Employee reported a suspicious activity,LIONS GATE AT PENN STATE ABINGTON,2026-02-18 21:43:32,2026-02-14,2026,2,February,11,Saturday,True,Morning
73,26BKTemp0002,4,02/14/2026 11:07 AM,2026-02-14 10:37:00,02/14/2026 10:47 AM,Assisted an outside law enforcement agency with an investigation,HILLVALE AVE & SPOHN RD,2026-02-18 21:43:32,2026-02-14,2026,2,February,10,Saturday,True,Morning
74,PSHI-2026-02-I-133831,2,02/14/2026 10:13 AM,2026-02-14 10:04:00,,,Hershey - Dispatched To: HMC - Centerview Parking Garage > HMC - Centerview Parking Garage,2026-02-18 21:43:32,2026-02-14,2026,2,February,10,Saturday,True,Morning
75,PSHI-2026-02-I-133830,2,02/14/2026 09:46 AM,2026-02-14 09:10:00,,,Hershey - Dispatched To: HMC - Main Hospital - 3 - Acute Care > HMC - Main Hospital - 3 - Acute Care,2026-02-18 21:43:32,2026-02-14,2026,2,February,9,Saturday,True,Morning
76,26ALtemp0003,3,02/14/2026 09:29 AM,2026-02-13 17:00:00,02/14/2026 09:00 AM,Employee reported damage to University property,OAK HALL,2026-02-18 21:43:32,2026-02-13,2026,2,February,17,Friday,False,Evening
77,PSHI-2026-02-I-133827,2,02/14/2026 09:25 AM,2026-02-14 09:21:00,,Assisted staff with stolen property.,Hershey - Dispatched To: HMC - Main Hospital - 1 - Security Operations Center > HMC - Main Hospital - 1 - Security Operations Center,2026-02-18 21:43:32,2026-02-14,2026,2,February,9,Saturday,True,Morning
78,2026-00001998,2,02/14/2026 08:09 AM,2026-02-14 08:09:00,02/14/2026 08:49 AM,Student observed highly intoxicated,ATHERTON HALL,2026-02-18 21:43:32,2026-02-14,2026,2,February,8,Saturday,True,Morning
79,26MAtemp0002,17,02/14/2026 06:01 AM,2026-02-14 05:26:00,02/14/2026 05:29 AM,Student reported theft of their unattended personal property,MONT ALTO HALL,2026-02-18 21:43:32,2026-02-14,2026,2,February,5,Saturday,True,Morning
80,PSHI-2026-02-I-133819,2,02/14/2026 04:55 AM,2026-02-14 03:43:00,,Assisted clinical staff with agitated patient.,Hershey - Dispatched To: HMC - Emergency Department > HMC - Emergency Department,2026-02-18 21:43:32,2026-02-14,2026,2,February,3,Saturday,True,Late Night
82,2026-00001995,2,02/14/2026 03:30 AM,2026-02-14 03:30:00,02/14/2026 04:28 AM,Underage student observed highly intoxicated and transported to the hospital,EARLE HALL,2026-02-18 21:43:32,2026-02-14,2026,2,February,3,Saturday,True,Late Night
83,2026-00001994,2,02/14/2026 03:27 AM,2026-02-14 03:27:00,02/14/2026 03:48 AM,Underage student observed highly intoxicated and transported to the hospital,HIBBS HALL,2026-02-18 21:43:32,2026-02-14,2026,2,February,3,Saturday,True,Late Night
84,2026-00001993,2,02/14/2026 03:05 AM,2026-02-14 03:05:00,02/14/2026 03:32 AM,Student reported damage to University property,HASTINGS HALL,2026-02-18 21:43:32,2026-02-14,2026,2,February,3,Saturday,True,Late Night
86,2026-00001990,2,02/14/2026 02:28 AM,2026-02-14 02:28:00,02/14/2026 03:05 AM,Underage student observed highly intoxicated,SPROUL HALL,2026-02-18 21:43:32,2026-02-14,2026,2,February,2,Saturday,True,Late Night
87,PSHI-2026-02-I-133814,2,02/14/2026 01:23 AM,2026-02-14 00:15:00,,Assisted clinical staff with agitated patient.,Hershey - Dispatched To: HMC - Main Hospital > HMC - Main Hospital,2026-02-18 21:43:32,2026-02-14,2026,2,February,0,Saturday,True,Late Night
88,PSHI-2026-02-I-133813,2,02/14/2026 01:22 AM,2026-02-14 00:48:00,,,Hershey - Dispatched To: HMC - Main Hospital > HMC - Main Hospital,2026-02-18 21:43:32,2026-02-14,2026,2,February,0,Saturday,True,Late Night
89,PSHI-2026-02-I-133810,2,02/13/2026 10:41 PM,2026-02-13 22:20:00,,Assisted LE with access to patient.,Hershey - Dispatched To: HMC - Main Hospital - 4 - Neuroscience Integrated Care Unit East > HMC - Main Hospital - 4 - Neuroscience Integrated Care Unit East,2026-02-18 21:43:32,2026-02-13,2026,2,February,22,Friday,False,Late Night
90,PSHI-2026-02-I-133808,2,02/13/2026 10:30 PM,2026-02-13 21:26:00,,Assisted clinical staff with agitated patient.,Hershey - Dispatched To: HMC - Main Hospital > HMC - Main Hospital,2026-02-18 21:43:32,2026-02-13,2026,2,February,21,Friday,False,Evening
91,2026-00001981,2,02/13/2026 10:25 PM,2026-02-13 22:25:00,,Student reported theft of unattended personal property,MARTIN HALL,2026-02-18 21:43:32,2026-02-13,2026,2,February,22,Friday,False,Late Night
92,2026-00001975,2,02/13/2026 09:45 PM,2026-02-13 21:35:00,02/13/2026 09:45 PM,Visitor reported hit and run vehicle crash,PARK AVE & STADIUM WEST RD,2026-02-18 21:43:32,2026-02-13,2026,2,February,21,Friday,False,Evening
93,2026-00001973,2,02/13/2026 09:40 PM,2026-02-13 21:40:00,02/13/2026 10:00 PM,Assisted outside law enforcement agency with an investigation,E CALDER WAY & HETZEL ST,2026-02-18 21:43:32,2026-02-13,2026,2,February,21,Friday,False,Evening
94,PSHI-2026-02-I-133805,2,02/13/2026 09:34 PM,2026-02-13 18:50:00,,Assisted clinical staff with agitated patient.,Hershey - Dispatched To: HMC - Emergency Department > HMC - Emergency Department,2026-02-18 21:43:32,2026-02-13,2026,2,February,18,Friday,False,Evening
95,2026-00001961,2,02/13/2026 06:44 PM,2026-02-13 18:44:00,02/13/2026 07:01 PM,Employee reported a one vehicle accident with no injuries,EAST PARKING DECK,2026-02-18 21:43:32,2026-02-13,2026,2,February,18,Friday,False,Evening
96,2026-00001960,2,02/13/2026 06:41 PM,2026-02-13 18:41:00,,Assisted outside law enforcement agency with an investigation,UNIVERSITY SUPPORT BLDG I,2026-02-18 21:43:32,2026-02-13,2026,2,February,18,Friday,False,Evening
97,2026-00001959,2,02/13/2026 06:15 PM,2026-02-13 18:15:00,02/13/2026 06:44 PM,Employee reported a one vehicle accident with no injuries,EAST PARKING DECK,2026-02-18 21:43:32,2026-02-13,2026,2,February,18,Friday,False,Evening
98,PSHI-2026-02-I-133799,2,02/13/2026 05:48 PM,2026-02-13 17:39:00,,,Hershey - Dispatched To: HMC - Main Hospital - 1 - Cashier's Office > HMC - Main Hospital - 1 - Cashier's Office,2026-02-18 21:43:32,2026-02-13,2026,2,February,17,Friday,False,Evening
99,PSHI-2026-02-I-133798,2,02/13/2026 05:35 PM,2026-02-13 17:06:00,,Assisted clinical staff with agitated visitor.,Hershey - Dispatched To: HMC - Children's Hospital - 4 - PIMCU > HMC - Children's Hospital - 4 - PIMCU,2026-02-18 21:43:32,2026-02-13,2026,2,February,17,Friday,False,Evening
100,PSHI-2026-02-I-133797,2,02/13/2026 05:23 PM,2026-02-14 16:00:00,,Assisted clinical staff with agitated patient.,Hershey - Dispatched To: HMC Off-Site - PSMG - Elizabethtown - PSMG > HMC Off-Site - PSMG - Elizabethtown - PSMG,2026-02-18 21:43:32,2026-02-14,2026,2,February,16,Saturday,True,Afternoon
101,2026-00001958,2,02/13/2026 04:59 PM,2026-02-13 16:59:00,02/13/2026 05:38 PM,Employee reported smoke or fire condition,SPARKS BLDG,2026-02-18 21:43:32,2026-02-13,2026,2,February,16,Friday,False,Afternoon
102,2026-00001954,2,02/13/2026 03:33 PM,2026-02-13 15:33:00,02/13/2026 04:15 PM,Two vehicle crash with no injuries,RIDER BLDG,2026-02-18 21:43:32,2026-02-13,2026,2,February,15,Friday,False,Afternoon
103,PSHI-2026-02-I-133793,2,02/13/2026 03:31 PM,2026-02-13 14:34:00,,,Hershey - Dispatched To: HMC - UPC-1 > HMC - UPC-1,2026-02-18 21:43:32,2026-02-13,2026,2,February,14,Friday,False,Afternoon
104,PSHI-2026-02-I-133792,2,02/13/2026 02:40 PM,2026-02-13 13:59:00,,Assisted clinical staff with agitated patient.,Hershey - Dispatched To: HMC - Main Hospital  > HMC - Main Hospital,2026-02-18 21:43:32,2026-02-13,2026,2,February,13,Friday,False,Afternoon
105,2026-00001953,2,02/13/2026 02:08 PM,2026-02-13 14:08:00,02/13/2026 02:28 PM,Student reported theft of unattended university property,BRILL HALL,2026-02-18 21:43:32,2026-02-13,2026,2,February,14,Friday,False,Afternoon
106,PSHI-2026-02-I-133783,2,02/13/2026 11:43 AM,2026-02-13 11:20:00,,Assisted clinical staff with agitated visitor.,Hershey - Dispatched To: HMC - Emergency Department > HMC - Emergency Department,2026-02-18 21:43:32,2026-02-13,2026,2,February,11,Friday,False,Morning
107,PSHI-2026-02-I-133782,2,02/13/2026 11:40 AM,2026-02-13 11:31:00,,,Hershey - Dispatched To: HMC - Main Hospital > HMC - Main Hospital,2026-02-18 21:43:32,2026-02-13,2026,2,February,11,Friday,False,Morning
108,PSHI-2026-02-I-133779,2,02/13/2026 11:26 AM,2026-02-13 11:21:00,,Visitor fall.,Hershey - Dispatched To: HMC - Main Hospital - 1 - Rotunda Cafe > HMC - Main Hospital - 1 - Rotunda Cafe,2026-02-18 21:43:32,2026-02-13,2026,2,February,11,Friday,False,Morning
109,PSHI-2026-02-I-133778,2,02/13/2026 11:24 AM,2026-02-13 10:45:00,,,Hershey - Dispatched To: HMC - Main Hospital - 4 - Neuro > HMC - Main Hospital - 4 - Neuro,2026-02-18 21:43:32,2026-02-13,2026,2,February,10,Friday,False,Morning
110,2026-00001946,2,02/13/2026 10:53 AM,2026-02-13 10:53:00,02/13/2026 11:21 AM,Employee reported concern for a student,STUDENT HEALTH CENTER,2026-02-18 21:43:32,2026-02-13,2026,2,February,10,Friday,False,Morning
111,PSHI-2026-02-I-133776,2,02/13/2026 10:35 AM,2026-02-13 10:07:00,,,Hershey - Dispatched To: HMC - Centerview Parking Garage > HMC - Centerview Parking Garage,2026-02-18 21:43:32,2026-02-13,2026,2,February,10,Friday,False,Morning
112,PSHI-2026-02-I-133775,2,02/13/2026 10:09 AM,2026-02-13 09:57:00,,,Hershey - Dispatched To: HMC - Main Hospital - 3 > HMC - Main Hospital - 3,2026-02-18 21:43:32,2026-02-13,2026,2,February,9,Friday,False,Morning
113,PSHI-2026-02-I-133774,2,02/13/2026 10:01 AM,2026-02-13 09:27:00,,,Hershey - Dispatched To: HMC - UPC-1 > HMC - UPC-1,2026-02-18 21:43:32,2026-02-13,2026,2,February,9,Friday,False,Morning
114,PSHI-2026-02-I-133770,2,02/13/2026 08:07 AM,2026-02-13 07:40:00,,,Hershey - Dispatched To: HMC - Main Hospital - 1 - Security Operations Center > HMC - Main Hospital - 1 - Security Operations Center,2026-02-18 21:43:32,2026-02-13,2026,2,February,7,Friday,False,Morning
115,PSHI-2026-02-I-133767,2,02/13/2026 06:20 AM,2026-02-13 06:09:00,,Patient left care prior to discharge.,Hershey - Dispatched To: HMC - Emergency Department > HMC - Emergency Department,2026-02-18 21:43:32,2026-02-13,2026,2,February,6,Friday,False,Morning
116,PSHI-2026-02-I-133766,2,02/13/2026 05:45 AM,2026-02-12 18:23:00,,Visitor mismatch to the sex offender registry.,Hershey - Reported Location: HMC - Children's Hospital,2026-02-18 21:43:32,2026-02-12,2026,2,February,18,Thursday,False,Evening
117,26ERtemp0002,5,02/13/2026 12:00 AM,2026-02-13 00:00:00,02/13/2026 12:10 AM,Resident Assistant reported a suspicious odor,NIAGARA HALL,2026-02-18 21:43:32,2026-02-13,2026,2,February,0,Friday,False,Late Night
118,26ABTemp0003,2,02/13/2026 12:00 AM,2026-02-13 10:03:00,02/13/2026 10:19 AM,Employee reported a fire alarm activation,LIONS GATE AT PENN STATE ABINGTON,2026-02-18 21:43:32,2026-02-13,2026,2,February,10,Friday,False,Morning
119,2026-00001929,2,02/12/2026 08:39 PM,2026-02-12 20:39:00,02/12/2026 08:57 PM,"Employee reported the odor of marijuana, origin not located",TENER HALL,2026-02-18 21:43:32,2026-02-12,2026,2,February,20,Thursday,False,Evening
120,PSHI-2026-02-I-133760,2,02/12/2026 08:03 PM,2026-02-12 18:53:00,,Assisted clinical staff with agitated patient.,Hershey - Dispatched To: HMC - Emergency Department > HMC - Emergency Department,2026-02-18 21:43:32,2026-02-12,2026,2,February,18,Thursday,False,Evening
121,PSHI-2026-02-I-133759,2,02/12/2026 06:48 PM,2026-02-12 17:52:00,,Assisted clinical staff with agitated patient.,Hershey - Dispatched To: HMC - Emergency Department > HMC - Emergency Department,2026-02-18 21:43:32,2026-02-12,2026,2,February,17,Thursday,False,Evening
123,2026-00001917,2,02/12/2026 04:41 PM,2026-02-12 05:30:00,02/12/2026 04:30 PM,Employee reported suspicious activity,PHYSICAL PLANT BLDG,2026-02-18 21:43:32,2026-02-12,2026,2,February,5,Thursday,False,Morning
124,PSHI-2026-02-I-133752,2,02/12/2026 04:23 PM,2026-02-12 16:00:00,,Assisted clinical staff with agitated patient.,Hershey - Dispatched To: HMC - Emergency Department > HMC - Emergency Department,2026-02-18 21:43:32,2026-02-12,2026,2,February,16,Thursday,False,Afternoon
125,PSHI-2026-02-I-133750,2,02/12/2026 02:46 PM,2026-02-12 14:33:00,,,Hershey - Dispatched To: HMC - Emergency Department > HMC - Emergency Department,2026-02-18 21:43:32,2026-02-12,2026,2,February,14,Thursday,False,Afternoon
126,2026-00001915,2,02/12/2026 02:36 PM,2026-02-12 14:27:00,02/12/2026 03:01 PM,"Employee reported the odor of marijuana, origin not located",TENER HALL,2026-02-18 21:43:32,2026-02-12,2026,2,February,14,Thursday,False,Afternoon
128,2026-00001913,2,02/12/2026 02:00 PM,2026-01-26 13:00:00,01/26/2026 03:00 PM,Employee reported a university policy violation,NITTANY APT,2026-02-18 21:43:32,2026-01-26,2026,1,January,13,Monday,False,Afternoon
129,2026-00001912,2,02/12/2026 01:45 PM,2026-02-09 00:00:00,02/12/2026 01:45 PM,Student reported being harassed,UNKNOWN ON CAMPUS PROPERTY,2026-02-18 21:43:32,2026-02-09,2026,2,February,0,Monday,False,Late Night
130,PSHI-2026-02-I-133745,2,02/12/2026 12:23 PM,2026-02-12 11:39:00,,Assisted clinical staff with agitated patient.,Hershey - Dispatched To: HMC - Emergency Department > HMC - Emergency Department,2026-02-18 21:43:32,2026-02-12,2026,2,February,11,Thursday,False,Morning
131,26ALtemp0002,3,02/12/2026 12:05 PM,2026-02-12 11:50:00,,Employee reported suspicious activity,PORT SKY,2026-02-18 21:43:32,2026-02-12,2026,2,February,11,Thursday,False,Morning
132,PSHI-2026-02-I-133744,2,02/12/2026 11:01 AM,2026-02-12 10:30:00,,Assisted clinical staff with agitated patient.,Hershey - Dispatched To: HMC - Emergency Department > HMC - Emergency Department,2026-02-18 21:43:32,2026-02-12,2026,2,February,10,Thursday,False,Morning
133,2026-00001907,2,02/12/2026 10:49 AM,2026-02-11 11:15:00,02/11/2026 03:00 PM,Visitor reported the theft of their unattended personal property,HOLUBA HALL,2026-02-18 21:43:32,2026-02-11,2026,2,February,11,Wednesday,False,Morning
134,PSHI-2026-02-I-133743,2,02/12/2026 10:31 AM,2026-02-12 09:48:00,,,Hershey - Dispatched To: HMC - UPC-2 - 1 - Dialysis > HMC - UPC-2 - 1 - Dialysis,2026-02-18 21:43:32,2026-02-12,2026,2,February,9,Thursday,False,Morning
135,PSHI-2026-02-I-133742,2,02/12/2026 09:54 AM,2026-02-12 09:10:00,,Assisted clinical staff with a visitor issue.,Hershey - Dispatched To: HMC - Emergency Department > HMC - Emergency Department,2026-02-18 21:43:32,2026-02-12,2026,2,February,9,Thursday,False,Morning
136,PSHI-2026-02-I-133741,2,02/12/2026 09:26 AM,2026-02-12 09:00:00,,Victim of violence receiving treatment.,Hershey - Dispatched To: HMC - Emergency Department > HMC - Emergency Department,2026-02-18 21:43:32,2026-02-12,2026,2,February,9,Thursday,False,Morning
137,2026-00001901,2,02/12/2026 09:25 AM,2026-02-12 09:21:00,02/12/2026 10:05 AM,Employee reported a university policy violation,SIMMONS HALL,2026-02-18 21:43:32,2026-02-12,2026,2,February,9,Thursday,False,Morning
139,PSHI-2026-02-I-133737,2,02/12/2026 08:17 AM,2026-02-12 08:04:00,,Assisted LE with access to forensic kit.,Hershey - Dispatched To: HMC - Emergency Department > HMC - Emergency Department,2026-02-18 21:43:32,2026-02-12,2026,2,February,8,Thursday,False,Morning
140,26HNtemp0001,15,02/12/2026 08:00 AM,2026-02-10 00:00:00,02/12/2026 08:00 AM,Employee requested assistance with an administrative matter,6585 MCKINLEY ST,2026-02-18 21:43:32,2026-02-10,2026,2,February,0,Tuesday,False,Late Night
141,PSHI-2026-02-I-133731,2,02/12/2026 03:22 AM,2026-02-12 02:54:00,,Intervened in patient elopement.,Hershey - Dispatched To: HMC - Emergency Department > HMC - Emergency Department,2026-02-18 21:43:32,2026-02-12,2026,2,February,2,Thursday,False,Late Night
142,26BRtemp0001,6,02/12/2026 02:29 AM,2026-02-12 02:29:00,02/12/2026 02:49 AM,Employee reported a concern for a student,HARMONY HALL,2026-02-18 21:43:32,2026-02-12,2026,2,February,2,Thursday,False,Late Night
143,PSHI-2026-02-I-133729,2,02/12/2026 01:26 AM,2026-02-11 11:57:00,,Patient left care prior to discharge process being completed.,Hershey - Reported Location: HMC - Emergency Department - 1 - Emergency Department,2026-02-18 21:43:32,2026-02-11,2026,2,February,11,Wednesday,False,Morning
144,26ALtemp0001,3,02/12/2026 12:48 AM,2026-02-12 00:48:00,,Assisted the ambulance with a medical emergency,OAK HALL,2026-02-18 21:43:32,2026-02-12,2026,2,February,0,Thursday,False,Late Night
145,26HNtemp0002,15,02/11/2026 11:55 PM,2026-02-11 23:55:00,02/12/2026 12:05 AM,Assisted Law Enfoecement agency with an investigation,PA-93 & WOODBINE ST,2026-02-18 21:43:32,2026-02-11,2026,2,February,23,Wednesday,False,Late Night
146,PSHI-2026-02-I-133727,2,02/11/2026 11:27 PM,2026-02-11 20:58:00,,Assisted clinical staff with agitated patient.,Hershey - Dispatched To: HMC - Main Hospital - 4 - Acute Care > HMC - Main Hospital - 4 - Acute Care,2026-02-18 21:43:32,2026-02-11,2026,2,February,20,Wednesday,False,Evening
147,PSHI-2026-02-I-133728,2,02/11/2026 11:27 PM,2026-02-11 22:03:00,,,Hershey - Dispatched To: HMC - Emergency Department > HMC - Emergency Department,2026-02-18 21:43:32,2026-02-11,2026,2,February,22,Wednesday,False,Late Night
148,PSHI-2026-02-I-133725,2,02/11/2026 10:56 PM,2026-02-11 19:35:00,,Assisted clinical staff with agitated patient.,Hershey - Dispatched To: HMC - Main Hospital - 4 - Acute Care > HMC - Main Hospital - 4 - Acute Care,2026-02-18 21:43:32,2026-02-11,2026,2,February,19,Wednesday,False,Evening
149,2026-00001891,2,02/11/2026 09:45 PM,2026-02-11 21:45:00,02/12/2026 12:50 AM,Employee reported disorderly persons,MCKEAN RD & BIGLER RD,2026-02-18 21:43:32,2026-02-11,2026,2,February,21,Wednesday,False,Evening
150,PSHI-2026-02-I-133719,2,02/11/2026 09:35 PM,2026-02-11 20:42:00,,Assisted clinical staff with agitated patient.,Hershey - Dispatched To: HMC - Emergency Department > HMC - Emergency Department,2026-02-18 21:43:32,2026-02-11,2026,2,February,20,Wednesday,False,Evening
151,2026-00001885,2,02/11/2026 07:53 PM,2026-02-11 19:53:00,02/11/2026 08:30 PM,Students reported disorderly persons,PATTERSON HALL,2026-02-18 21:43:32,2026-02-11,2026,2,February,19,Wednesday,False,Evening
152,2026-00001880,2,02/11/2026 06:20 PM,2026-02-11 18:20:00,02/11/2026 06:53 PM,Visitor reported suspicious activity,UNIVERSITY SUPPORT BLDG I,2026-02-18 21:43:32,2026-02-11,2026,2,February,18,Wednesday,False,Evening
153,26ERtemp0001,5,02/11/2026 05:31 PM,2026-02-11 17:31:00,02/11/2026 05:50 PM,Assisted the fire department with a reported fire,SENAT HALL,2026-02-18 21:43:32,2026-02-11,2026,2,February,17,Wednesday,False,Evening
154,PSHI-2026-02-I-133714,2,02/11/2026 05:08 PM,2026-02-11 16:40:00,,Theft of wallet.,Hershey - Dispatched To: HMC - UPC-1 > HMC - UPC-1,2026-02-18 21:43:32,2026-02-11,2026,2,February,16,Wednesday,False,Afternoon
155,26ABTMP00001,2,02/11/2026 04:56 PM,2026-02-11 16:50:00,02/11/2026 04:56 PM,Assisted an ambulance with a medical emergency,SUTHERLAND BUILDING,2026-02-18 21:43:32,2026-02-11,2026,2,February,16,Wednesday,False,Afternoon
157,PSHI-2026-02-I-133704,2,02/11/2026 01:34 PM,2026-02-11 13:20:00,,Vetted suspicious activity.,Hershey - Dispatched To: COM - College of Medicine - 1 > COM - College of Medicine - 1,2026-02-18 21:43:32,2026-02-11,2026,2,February,13,Wednesday,False,Afternoon
158,PSHI-2026-02-I-133703,2,02/11/2026 12:40 PM,2026-02-11 12:16:00,,Assisted clinical staff with agitated patient.,Hershey - Dispatched To: HMC - Main Hospital - 4 - Acute Care > HMC - Main Hospital - 4 - Acute Care,2026-02-18 21:43:32,2026-02-11,2026,2,February,12,Wednesday,False,Afternoon
159,PSHI-2026-02-I-133702,2,02/11/2026 12:13 PM,2026-02-11 10:55:00,,Assisted clinical staff with agitated patient.,Hershey - Dispatched To: HMC - Main Hospital - 4 - Acute Care > HMC - Main Hospital - 4 - Acute Care,2026-02-18 21:43:32,2026-02-11,2026,2,February,10,Wednesday,False,Morning
160,26MAtemp0001,17,02/11/2026 12:05 PM,2026-02-09 19:40:00,02/10/2026 12:30 AM,Assisted an employee with an administrative matter,MULTI-PURPOSE BUILDING,2026-02-18 21:43:32,2026-02-09,2026,2,February,19,Monday,False,Evening
162,PSHI-2026-02-I-133698,2,02/11/2026 11:10 AM,2026-02-11 22:41:00,,Property damage,Hershey - Dispatched To: HMC - Main Hospital > HMC - Main Hospital,2026-02-18 21:43:32,2026-02-11,2026,2,February,22,Wednesday,False,Late Night
163,PSHI-2026-02-I-133697,2,02/11/2026 11:09 AM,2026-02-11 22:05:00,,Assisted clinical staff with agitated patient.,Hershey - Dispatched To: HMC - Main Hospital - 6 - Acute Care > HMC - Main Hospital - 6 - Acute Care,2026-02-18 21:43:32,2026-02-11,2026,2,February,22,Wednesday,False,Late Night
164,PSHI-2026-02-I-133696,2,02/11/2026 10:56 AM,2026-02-11 08:01:00,,Assisted clinical staff with agitated patient.,Hershey - Dispatched To: HMC - Main Hospital - 4 > HMC - Main Hospital - 4,2026-02-18 21:43:32,2026-02-11,2026,2,February,8,Wednesday,False,Morning
165,PSHI-2026-02-I-133695,2,02/11/2026 10:53 AM,2026-02-11 08:40:00,,Theft of items.,Hershey - Dispatched To: COM - Basic Science - 7 > COM - Basic Science - 7,2026-02-18 21:43:32,2026-02-11,2026,2,February,8,Wednesday,False,Morning
166,2026-00001870,2,02/11/2026 10:22 AM,2026-02-11 10:22:00,,Student reported the loss or theft of their unsecured personal property,HIESTER HALL,2026-02-18 21:43:32,2026-02-11,2026,2,February,10,Wednesday,False,Morning
167,2026-00001867,2,02/11/2026 09:50 AM,2026-02-05 05:00:00,02/11/2026 09:50 AM,Employee reported the loss of their unsecured personal property,INTRAMURAL BLDG,2026-02-18 21:43:32,2026-02-05,2026,2,February,5,Thursday,False,Morning
168,PSHI-2026-02-I-133691,2,02/11/2026 09:35 AM,2026-02-11 09:20:00,,Assisted clinical staff with agitated patient.,Hershey - Dispatched To: HMC - Children's Hospital > HMC - Children's Hospital,2026-02-18 21:43:32,2026-02-11,2026,2,February,9,Wednesday,False,Morning
169,2026-00001864,2,02/11/2026 09:13 AM,2026-02-11 09:13:00,02/11/2026 09:32 AM,Assisted the fire department with a reported fire alarm,MINUTEMAN LN,2026-02-18 21:43:32,2026-02-11,2026,2,February,9,Wednesday,False,Morning
170,26BKtemp0001,4,02/11/2026 09:02 AM,2026-02-11 09:02:00,,Employee reported parking concern,FACULTY STAFF VISITOR LOT B1- BERKS,2026-02-18 21:43:32,2026-02-11,2026,2,February,9,Wednesday,False,Morning
171,2026-00001862,2,02/11/2026 08:30 AM,2026-02-11 08:13:00,02/11/2026 08:48 AM,Employee reported a two vehicle crash with no injury,SHORTLIDGE RD & EISENHOWER RD,2026-02-18 21:43:32,2026-02-11,2026,2,February,8,Wednesday,False,Morning
172,PSHI-2026-02-I-133686,2,02/11/2026 04:17 AM,2026-02-10 22:59:00,,Visitor match to the sex offender registry.,Hershey - Dispatched To: HMC - Children's Hospital > HMC - Children's Hospital,2026-02-18 21:43:32,2026-02-10,2026,2,February,22,Tuesday,False,Late Night
174,PSHI-2026-02-I-133684,2,02/11/2026 04:08 AM,2026-02-10 23:15:00,,Vetted visitor through lobby management software.,Hershey - Dispatched To: HMC - Main Hospital - 1 - Main Information Desk > HMC - Main Hospital - 1 - Main Information Desk,2026-02-18 21:43:32,2026-02-10,2026,2,February,23,Tuesday,False,Late Night
175,PSHI-2026-02-I-133679,2,02/11/2026 12:58 AM,2026-02-11 00:13:00,,Victim of violence receiving treatment.,Hershey - Dispatched To: HMC - Emergency Department > HMC - Emergency Department,2026-02-18 21:43:32,2026-02-11,2026,2,February,0,Wednesday,False,Late Night
176,PSHI-2026-02-I-133678,2,02/11/2026 12:55 AM,2026-02-10 07:51:00,,Assisted clinical staff with agitated patient.,Hershey - Dispatched To: HMC - Main Hospital > HMC - Main Hospital,2026-02-18 21:43:32,2026-02-10,2026,2,February,7,Tuesday,False,Morning
177,PSHI-2026-02-I-133677,2,02/11/2026 12:17 AM,2026-02-10 23:25:00,,Assisted clinical staff with agitated patient.,Hershey - Dispatched To: HMC - Main Hospital > HMC - Main Hospital,2026-02-18 21:43:32,2026-02-10,2026,2,February,23,Tuesday,False,Late Night
178,26AL00070,3,02/10/2026 11:43 PM,2026-02-10 23:23:00,02/10/2026 11:33 PM,Student reported a suspicious odor,CEDAR HALL,2026-02-18 21:43:32,2026-02-10,2026,2,February,23,Tuesday,False,Late Night
179,26ER00046,5,02/10/2026 10:45 PM,2026-02-10 22:45:00,,Student reported the theft of University property,NIAGARA HALL,2026-02-18 21:43:32,2026-02-10,2026,2,February,22,Tuesday,False,Late Night
180,26HB00068,13,02/10/2026 09:30 PM,2026-02-10 21:30:00,02/10/2026 09:40 PM,Student requested assistance with a personal matter,OLMSTED BUILDING,2026-02-18 21:43:32,2026-02-10,2026,2,February,21,Tuesday,False,Evening
181,26UP00696,1,02/10/2026 07:07 PM,2026-02-10 19:07:00,02/10/2026 07:25 PM,Student reported suspicious activity,PATTERSON HALL,2026-02-18 21:43:32,2026-02-10,2026,2,February,19,Tuesday,False,Evening
182,26UP00695,1,02/10/2026 06:42 PM,2026-02-10 18:42:00,02/10/2026 07:15 PM,Employee reported a University policy violation,WILLARD BLDG,2026-02-18 21:43:32,2026-02-10,2026,2,February,18,Tuesday,False,Evening
183,26UP00693,1,02/10/2026 04:25 PM,2026-02-10 16:25:00,02/10/2026 05:00 PM,Student reported suspicious person,NITTANY PARKING,2026-02-18 21:43:32,2026-02-10,2026,2,February,16,Tuesday,False,Afternoon
184,26AB00054,2,02/10/2026 03:56 PM,2026-02-10 14:45:00,02/10/2026 03:05 PM,Student reported the loss or theft of their unattended personal property,WOODLAND BUILDING,2026-02-18 21:43:32,2026-02-10,2026,2,February,14,Tuesday,False,Afternoon
185,PSHI-2026-02-I-133660,2,02/10/2026 03:45 PM,2026-02-10 15:52:00,,Cashiers office escort.,Hershey - Dispatched To: HMC - Main Hospital - 1 - Cashier's Office > HMC - Main Hospital - 1 - Cashier's Office,2026-02-18 21:43:32,2026-02-10,2026,2,February,15,Tuesday,False,Afternoon
186,PSHI-2026-02-I-133659,2,02/10/2026 03:37 PM,2026-02-10 14:00:00,,Provider received scam DEA call.,Hershey - Dispatched To: HMC - Main Hospital - 1 - Security Operations Center > HMC - Main Hospital - 1 - Security Operations Center,2026-02-18 21:43:32,2026-02-10,2026,2,February,14,Tuesday,False,Afternoon
187,26UP00691,1,02/10/2026 02:33 PM,2026-02-10 14:33:00,02/10/2026 03:21 PM,Employee reported abandoned property,WESTGATE BLDG,2026-02-18 21:43:32,2026-02-10,2026,2,February,14,Tuesday,False,Afternoon
188,PSHI-2026-02-I-133650,2,02/10/2026 02:18 PM,2026-02-10 14:04:00,,Visitor fall.,Hershey - Dispatched To: HMC - UPC-1 > HMC - UPC-1,2026-02-18 21:43:32,2026-02-10,2026,2,February,14,Tuesday,False,Afternoon
189,26UP00690,1,02/10/2026 01:38 PM,2026-02-10 13:38:00,02/10/2026 02:38 PM,Employee requested assistance with a personal matter,RED A (BUS DEPOT) LOT,2026-02-18 21:43:32,2026-02-10,2026,2,February,13,Tuesday,False,Afternoon
190,26UP00689,1,02/10/2026 01:36 PM,2026-02-10 13:36:00,02/10/2026 03:30 PM,Officer conducted a pre-employment background investigation,UNIVERSITY SUPPORT BLDG I,2026-02-18 21:43:32,2026-02-10,2026,2,February,13,Tuesday,False,Afternoon
191,26UP00688,1,02/10/2026 01:28 PM,2026-02-10 13:28:00,02/10/2026 01:44 PM,Visitor reported suspicious activity/persons,MILLENNIUM SCIENCE COMPLEX,2026-02-18 21:43:32,2026-02-10,2026,2,February,13,Tuesday,False,Afternoon
192,26UP00687,1,02/10/2026 12:45 PM,2026-02-10 12:45:00,02/10/2026 01:15 PM,Student reported the loss of their unattended personal property,AG SCIENCE AND INDUSTRIES,2026-02-18 21:43:32,2026-02-10,2026,2,February,12,Tuesday,False,Afternoon
193,26AB00055,2,02/10/2026 12:25 PM,2026-02-10 11:54:00,02/10/2026 11:55 AM,Student reported being harassed,LOT G - ABINGTON,2026-02-18 21:43:32,2026-02-10,2026,2,February,11,Tuesday,False,Morning
194,26BK00033,4,02/10/2026 12:17 PM,2025-08-01 00:00:00,02/10/2026 12:55 PM,Received this department's copy of a Protection From Abuse (PFA) order,LUERSSEN SCIENCE BUILDING,2026-02-18 21:43:32,2025-08-01,2025,8,August,0,Friday,False,Late Night
195,26AL00069,3,02/10/2026 12:13 PM,2026-02-10 10:05:00,02/10/2026 12:10 PM,Student reported a hit and run vehicle crash,HAWTHORN LOT - ALTOONA,2026-02-18 21:43:32,2026-02-10,2026,2,February,10,Tuesday,False,Morning
196,26UP00686,1,02/10/2026 12:08 PM,2026-02-10 12:00:00,02/10/2026 12:08 PM,Employee reported a two vehicle crash with no injuries,YELLOW R AG ADMIN LOT,2026-02-18 21:43:32,2026-02-10,2026,2,February,12,Tuesday,False,Afternoon
197,26BW00031,7,02/10/2026 11:45 AM,2026-02-10 11:45:00,02/10/2026 11:50 AM,Employee requested assistance with an administrative matter,COMMONS & ATHLETIC CENTER,2026-02-18 21:43:32,2026-02-10,2026,2,February,11,Tuesday,False,Morning
198,26BW00030,7,02/10/2026 10:27 AM,2026-02-10 06:37:00,02/10/2026 06:38 AM,Employee reported accidental damage to University property,MAIN BUILDING,2026-02-18 21:43:32,2026-02-10,2026,2,February,6,Tuesday,False,Morning
199,PSHI-2026-02-I-133646,2,02/10/2026 10:22 AM,2026-02-10 10:02:00,,Assisted clinical staff with complex social issue involving patient.,Hershey - Dispatched To: HMC - Children's Hospital > HMC - Children's Hospital,2026-02-18 21:43:32,2026-02-10,2026,2,February,10,Tuesday,False,Morning
200,PSHI-2026-02-I-133643,2,02/10/2026 08:20 AM,2026-02-10 08:17:00,,Medical marijuana safekeeping.,Hershey - Dispatched To: HMC - Children's Hospital - 3 > HMC - Children's Hospital - 3,2026-02-18 21:43:32,2026-02-10,2026,2,February,8,Tuesday,False,Morning
201,PSHI-2026-02-I-133638,2,02/10/2026 02:30 AM,2026-02-10 01:38:00,,Visitor mismatch to the sex offender registry.,Hershey - Dispatched To: HMC - Children's Hospital > HMC - Children's Hospital,2026-02-18 21:43:32,2026-02-10,2026,2,February,1,Tuesday,False,Late Night
202,PSHI-2026-02-I-133635,2,02/10/2026 12:34 AM,2026-02-09 22:30:00,,Assisted clinical staff with agitated patient.,Hershey - Dispatched To: HMC - Children's Hospital - 5 > HMC - Children's Hospital - 5,2026-02-18 21:43:32,2026-02-09,2026,2,February,22,Monday,False,Late Night
205,26BK00032,4,02/09/2026 11:24 PM,2026-02-09 23:07:00,02/10/2026 12:30 AM,Students reported being harassed,POPLAR HALL,2026-02-18 21:43:32,2026-02-09,2026,2,February,23,Monday,False,Late Night
206,26UP00685,1,02/09/2026 09:50 PM,2026-02-09 21:50:00,02/10/2026 12:38 AM,Assisted the fire department with a reported fire,SHULZE HALL,2026-02-18 21:43:32,2026-02-09,2026,2,February,21,Monday,False,Evening
207,26AB00053,2,02/09/2026 09:15 PM,2026-02-09 21:00:00,02/09/2026 09:40 PM,Employee reported a fire alarm activation,LIONS GATE AT PENN STATE ABINGTON,2026-02-18 21:43:32,2026-02-09,2026,2,February,21,Monday,False,Evening
208,PSHI-2026-02-I-133624,2,02/09/2026 08:31 PM,2026-02-09 18:14:00,,Assisted staff with employee problem.,Hershey - Dispatched To: HMC - Children's Hospital > HMC - Children's Hospital,2026-02-18 21:43:32,2026-02-09,2026,2,February,18,Monday,False,Evening
209,26BW00029,7,02/09/2026 07:35 PM,2026-02-09 19:27:00,02/09/2026 08:02 PM,Student reported being harassed,EDWARD S J TOMEZSKO CLASSROOM BUILDING,2026-02-18 21:43:32,2026-02-09,2026,2,February,19,Monday,False,Evening
210,PSHI-2026-02-I-133616,2,02/09/2026 05:16 PM,2026-02-09 17:00:00,,Court order received.,Hershey - Dispatched To: HMC - Main Hospital - 1 - Security Operations Center > HMC - Main Hospital - 1 - Security Operations Center,2026-02-18 21:43:32,2026-02-09,2026,2,February,17,Monday,False,Evening
211,26YK00006,23,02/09/2026 05:12 PM,2025-09-14 00:00:00,,Employee reported a student was indecently assaulted by a known person at a University sponsored location,HESHEYPARK DR,2026-02-18 21:43:32,2025-09-14,2025,9,September,0,Sunday,True,Late Night
212,26UP00682,1,02/09/2026 04:43 PM,2026-01-12 00:00:00,01/29/2026 12:00 AM,Employee reported being harassed,BOUCKE BLDG,2026-02-18 21:43:32,2026-01-12,2026,1,January,0,Monday,False,Late Night
213,26HB00067,13,02/09/2026 04:28 PM,2026-02-09 16:28:00,02/09/2026 05:00 PM,Assisted the ambulance with a medical emergency,FALCON HALL,2026-02-18 21:43:32,2026-02-09,2026,2,February,16,Monday,False,Afternoon
214,PSHI-2026-02-I-133615,2,02/09/2026 04:24 PM,2026-02-09 16:10:00,,Safe keeping of medical marijuana.,Hershey - Dispatched To: HMC - Children's Hospital - 3 > HMC - Children's Hospital - 3,2026-02-18 21:43:32,2026-02-09,2026,2,February,16,Monday,False,Afternoon
215,26BK00031,4,02/09/2026 04:20 PM,2026-02-09 15:00:00,02/09/2026 03:30 PM,Student requested assistance with a personal matter,GREENWICH ST,2026-02-18 21:43:32,2026-02-09,2026,2,February,15,Monday,False,Afternoon
216,26UP00683,1,02/09/2026 04:19 PM,2025-02-05 16:15:00,02/09/2026 04:19 PM,Student reported the loss or theft of their unattended personal property,WHITE BLDG,2026-02-18 21:43:32,2025-02-05,2025,2,February,16,Wednesday,False,Afternoon
217,26UP00680,1,02/09/2026 03:55 PM,2026-02-04 15:55:00,02/05/2026 02:00 PM,Employee reported a concern for a student,UNIVERSITY SUPPORT BLDG I,2026-02-18 21:43:32,2026-02-04,2026,2,February,15,Wednesday,False,Afternoon
218,26UP00678,1,02/09/2026 03:36 PM,2026-02-08 03:26:00,02/08/2026 04:17 AM,Visitor reported disorderly persons,BEAVER HALL,2026-02-18 21:43:32,2026-02-08,2026,2,February,3,Sunday,True,Late Night
219,26UP00679,1,02/09/2026 02:56 PM,2026-02-07 16:47:00,02/09/2026 02:56 PM,Visitor reported a hit and run vehicle crash,EAST PARKING DECK,2026-02-18 21:43:32,2026-02-07,2026,2,February,16,Saturday,True,Afternoon
220,PSHI-2026-02-I-133607,2,02/09/2026 02:32 PM,2026-02-06 14:00:00,,Assisted clinical staff with agitated patient.,"Hershey - Reported Location: HMC Off-Site - PSCMG - Mechanicsburg - 335 Lambs Gap Rd, Mechanicsburg PA 17050 - PSCMG",2026-02-18 21:43:32,2026-02-06,2026,2,February,14,Friday,False,Afternoon
221,PSHI-2026-02-I-133606,2,02/09/2026 02:24 PM,2026-02-09 14:05:00,,Team de-escalation plan for agitated patient.,Hershey - Dispatched To: HMC - Emergency Department > HMC - Emergency Department,2026-02-18 21:43:32,2026-02-09,2026,2,February,14,Monday,False,Afternoon
222,26BW00028,7,02/09/2026 02:09 PM,2026-02-02 00:00:00,02/09/2026 02:12 PM,Employee reported the theft of University property,VAIRO LIBRARY,2026-02-18 21:43:32,2026-02-02,2026,2,February,0,Monday,False,Late Night
223,PSHI-2026-02-I-133602,2,02/09/2026 02:03 PM,2026-02-06 14:01:00,,,Hershey - Reported Location: HMC - Parking Lot - Lot M2,2026-02-18 21:43:32,2026-02-06,2026,2,February,14,Friday,False,Afternoon
224,26UP00677,1,02/09/2026 01:46 PM,2026-02-09 10:55:00,02/09/2026 03:00 PM,Student reported a hit and run vehicle crash,HUB PARKING DECK,2026-02-18 21:43:32,2026-02-09,2026,2,February,10,Monday,False,Morning
225,26BW00027,7,02/09/2026 01:06 PM,2026-02-09 13:06:00,02/09/2026 01:15 PM,Student reported suspicious activity,MAIN BUILDING LOT - BRANDYWINE,2026-02-18 21:43:32,2026-02-09,2026,2,February,13,Monday,False,Afternoon
226,26HB00065,13,02/09/2026 11:42 AM,2026-02-09 11:42:00,02/09/2026 12:15 PM,Student reported a two vehicle crash with no injuries,LOWER OLMSTED WEST LOT - HARRISBURG,2026-02-18 21:43:32,2026-02-09,2026,2,February,11,Monday,False,Morning
227,PSHI-2026-02-I-133592,2,02/09/2026 11:00 AM,2026-02-09 10:33:00,,Received court documents.,Hershey - Dispatched To: HMC - Children's Hospital > HMC - Children's Hospital,2026-02-18 21:43:32,2026-02-09,2026,2,February,10,Monday,False,Morning
228,26BW00026,7,02/09/2026 09:52 AM,2026-02-09 09:52:00,02/09/2026 10:19 AM,Visitor  reported a one vehicle crash with no injuries,CAMPUS DR & N MIDDLETOWN RD,2026-02-18 21:43:32,2026-02-09,2026,2,February,9,Monday,False,Morning
229,26UP00674,1,02/09/2026 09:37 AM,2026-02-07 00:00:00,02/09/2026 09:37 AM,Assisted an outside law enforcement agency with an investigation,OFF CAMPUS FRATERNITY,2026-02-18 21:43:32,2026-02-07,2026,2,February,0,Saturday,True,Late Night
230,PSHI-2026-02-I-133589,2,02/09/2026 09:27 AM,2026-02-09 09:04:00,,Assisted staff with employee problem.,Hershey - Dispatched To: HMC - Main Hospital - 1 > HMC - Main Hospital - 1,2026-02-18 21:43:32,2026-02-09,2026,2,February,9,Monday,False,Morning
231,26AB00052,2,02/09/2026 05:53 AM,2026-02-09 05:32:00,02/09/2026 05:34 AM,Assisted an outside law enforcement agency with an investigation,ROBERTS AVE & WELDON AVE,2026-02-18 21:43:32,2026-02-09,2026,2,February,5,Monday,False,Morning
232,26HB00064,13,02/09/2026 04:00 AM,2026-02-09 03:57:00,02/09/2026 04:10 AM,Employee reported a fire alarm activation,CONOY HOUSE,2026-02-18 21:43:32,2026-02-09,2026,2,February,3,Monday,False,Late Night
233,PSHI-2026-02-I-133581,2,02/09/2026 03:48 AM,2026-02-09 03:31:00,,Assisted LE with access to patient.,Hershey - Dispatched To: HMC - Emergency Department > HMC - Emergency Department,2026-02-18 21:43:32,2026-02-09,2026,2,February,3,Monday,False,Late Night
234,26UP00673,1,02/09/2026 03:47 AM,2026-02-09 03:47:00,02/09/2026 04:40 AM,Visitor reported a traffic concern regarding a vehicle,FOX HOLLOW RD & E PARK AVE,2026-02-18 21:43:32,2026-02-09,2026,2,February,3,Monday,False,Late Night
235,PSHI-2026-02-I-133580,2,02/09/2026 03:25 AM,2026-02-08 22:36:00,,Team de-escalation for agitated patient.,Hershey - Dispatched To: HMC - Main Hospital > HMC - Main Hospital,2026-02-18 21:43:32,2026-02-08,2026,2,February,22,Sunday,True,Late Night
236,PSHI-2026-02-I-133578,2,02/09/2026 01:44 AM,2026-02-09 00:46:00,,Assisted clinical staff with agitated patient.,Hershey - Dispatched To: HMC - Main Hospital > HMC - Main Hospital,2026-02-18 21:43:32,2026-02-09,2026,2,February,0,Monday,False,Late Night
237,PSHI-2026-02-I-133577,2,02/09/2026 01:07 AM,2026-02-09 00:46:00,,Report made in error.,Hershey - Dispatched To: HMC - Main Hospital - 6 - Acute Care > HMC - Main Hospital - 6 - Acute Care,2026-02-18 21:43:32,2026-02-09,2026,2,February,0,Monday,False,Late Night
238,PSHI-2026-02-I-133576,2,02/09/2026 12:17 AM,2026-02-08 23:00:00,,Assisted LE with access to patient.,Hershey - Dispatched To: HMC - Main Hospital > HMC - Main Hospital,2026-02-18 21:43:32,2026-02-08,2026,2,February,23,Sunday,True,Late Night
239,PSHI-2026-02-I-133575,2,02/08/2026 11:50 PM,2026-02-09 23:09:00,,Patient threatened staff member.,Hershey - Dispatched To: HMC - Main Hospital - 4 - Acute Care > HMC - Main Hospital - 4 - Acute Care,2026-02-18 21:43:32,2026-02-09,2026,2,February,23,Monday,False,Late Night
241,26SL00015,19,02/08/2026 11:28 PM,2026-02-08 23:28:00,02/08/2026 11:49 PM,Student requested assistance with a civil matter,NITTANY APARTMENTS III,2026-02-18 21:43:32,2026-02-08,2026,2,February,23,Sunday,True,Late Night
242,PSHI-2026-02-I-133573,2,02/08/2026 10:44 PM,2026-02-08 18:04:00,,Assisted clinical staff with agitated patient.,Hershey - Dispatched To: HMC - Main Hospital - 6 - Medicine > HMC - Main Hospital - 6 - Medicine,2026-02-18 21:43:32,2026-02-08,2026,2,February,18,Sunday,True,Evening
243,PSHI-2026-02-I-133571,2,02/08/2026 10:23 PM,2026-02-08 20:08:00,,Assisted clinical staff with agitated patient.,Hershey - Dispatched To: HMC - Main Hospital - 4 - Acute Care > HMC - Main Hospital - 4 - Acute Care,2026-02-18 21:43:32,2026-02-08,2026,2,February,20,Sunday,True,Evening
244,PSHI-2026-02-I-133570,2,02/08/2026 10:06 PM,2026-02-08 21:22:00,,Assisted staff with a visitor issue.,Hershey - Dispatched To: HMC - Main Hospital > HMC - Main Hospital,2026-02-18 21:43:32,2026-02-08,2026,2,February,21,Sunday,True,Evening
245,26HB00063,13,02/08/2026 10:00 PM,2026-02-08 22:00:00,02/08/2026 10:30 PM,Student reported being harassed,UNKNOWN LOCATION,2026-02-18 21:43:32,2026-02-08,2026,2,February,22,Sunday,True,Late Night
246,26UP00672,1,02/08/2026 09:22 PM,2026-02-08 21:22:00,02/08/2026 11:03 PM,Assisted the fire department with a reported fire alarm activation,PALLADINO HALL,2026-02-18 21:43:32,2026-02-08,2026,2,February,21,Sunday,True,Evening
247,PSHI-2026-02-I-133567,2,02/08/2026 05:45 PM,2026-02-08 17:30:00,,Assisted clinical staff with agitated patient.,Hershey - Dispatched To: HMC - Main Hospital - 6 - Medicine > HMC - Main Hospital - 6 - Medicine,2026-02-18 21:43:32,2026-02-08,2026,2,February,17,Sunday,True,Evening
248,PSHI-2026-02-I-133565,2,02/08/2026 04:49 PM,2026-02-08 15:50:00,,Assisted staff with video policy enforcement.,Hershey - Dispatched To: HMC - Emergency Department > HMC - Emergency Department,2026-02-18 21:43:32,2026-02-08,2026,2,February,15,Sunday,True,Afternoon
249,26AB00051,2,02/08/2026 03:49 PM,2026-02-08 15:49:00,02/08/2026 04:15 PM,Employee reported a fire alarm activation,LIONS GATE AT PENN STATE ABINGTON,2026-02-18 21:43:32,2026-02-08,2026,2,February,15,Sunday,True,Afternoon
250,26BR00007,6,02/08/2026 03:19 PM,2026-02-08 15:19:00,,Visitor reported suspicious activity,UNIVERSITY DR,2026-02-18 21:43:32,2026-02-08,2026,2,February,15,Sunday,True,Afternoon
251,PSHI-2026-02-I-133563,2,02/08/2026 03:17 PM,2026-02-08 14:12:00,,Assisted staff with employee problem.,Hershey - Dispatched To: HMC - Main Hospital - 1 - HVICCU > HMC - Main Hospital - 1 - HVICCU,2026-02-18 21:43:32,2026-02-08,2026,2,February,14,Sunday,True,Afternoon
252,26BK00030,4,02/08/2026 11:48 AM,2026-02-08 11:45:00,02/08/2026 12:04 PM,Assisted an outside law enforcement agency with an investigation,PAPERMILL RD,2026-02-18 21:43:32,2026-02-08,2026,2,February,11,Sunday,True,Morning
253,26HB00062,13,02/08/2026 11:20 AM,2026-02-08 11:20:00,02/09/2026 11:40 AM,Student reported a concern for another student,OLMSTED BUILDING,2026-02-18 21:43:32,2026-02-08,2026,2,February,11,Sunday,True,Morning
254,26HN00009,15,02/08/2026 09:35 AM,2026-02-08 09:35:00,,Employee reported a fire alarm activation,DINING HALL,2026-02-18 21:43:32,2026-02-08,2026,2,February,9,Sunday,True,Morning
255,26UP00670,1,02/08/2026 07:06 AM,2026-02-08 05:06:00,02/08/2026 07:06 AM,Underage visitor observed highly intoxicated and transported to the hospital,HALLER HALL,2026-02-18 21:43:32,2026-02-08,2026,2,February,5,Sunday,True,Morning
256,26UP00669,1,02/08/2026 02:50 AM,2026-02-08 02:50:00,02/08/2026 03:55 AM,Underage student observed highly intoxicated,HIESTER HALL,2026-02-18 21:43:32,2026-02-08,2026,2,February,2,Sunday,True,Late Night
257,26UP00667,1,02/08/2026 02:32 AM,2026-02-08 02:32:00,02/08/2026 03:00 AM,Underage student observed highly intoxicated,PENNYPACKER HALL,2026-02-18 21:43:32,2026-02-08,2026,2,February,2,Sunday,True,Late Night
258,PSHI-2026-02-I-133554,2,02/08/2026 02:26 AM,2026-02-07 18:40:00,,Assisted clinical staff with agitated patient.,Hershey - Dispatched To: HMC - Main Hospital - 6 - Acute Care > HMC - Main Hospital - 6 - Acute Care,2026-02-18 21:43:32,2026-02-07,2026,2,February,18,Saturday,True,Evening
259,PSHI-2026-02-I-133555,2,02/08/2026 02:26 AM,2026-02-07 20:52:00,,Assisted clinical staff with agitated patient.,Hershey - Dispatched To: HMC - Main Hospital - 4 - Neuro > HMC - Main Hospital - 4 - Neuro,2026-02-18 21:43:32,2026-02-07,2026,2,February,20,Saturday,True,Evening
260,26UP00671,1,02/08/2026 01:21 AM,2026-02-08 01:21:00,02/08/2026 01:50 AM,Student reported a concern for another student,PINCHOT HALL,2026-02-18 21:43:32,2026-02-08,2026,2,February,1,Sunday,True,Late Night
261,26UP00666,1,02/08/2026 12:52 AM,2026-02-08 00:52:00,02/08/2026 01:15 AM,Resident Assistant reported the odor of marijuana,STONE HALL,2026-02-18 21:43:32,2026-02-08,2026,2,February,0,Sunday,True,Late Night
262,PSHI-2026-02-I-133553,2,02/08/2026 12:32 AM,2026-02-07 09:36:00,,Assisted clinical staff with agitated patient.,Hershey - Dispatched To: HMC - Main Hospital > HMC - Main Hospital,2026-02-18 21:43:32,2026-02-07,2026,2,February,9,Saturday,True,Morning
263,26ER00045,5,02/08/2026 12:28 AM,2026-02-08 00:28:00,02/08/2026 01:00 AM,Assisted Residence Life staff with a University policy violation,ELLIOTT HALL,2026-02-18 21:43:32,2026-02-08,2026,2,February,0,Sunday,True,Late Night
264,26UP00664,1,02/07/2026 11:59 PM,2026-02-07 21:00:00,02/08/2026 09:15 PM,Visitor observed highly intoxicated,BRYCE JORDAN CENTER,2026-02-18 21:43:32,2026-02-07,2026,2,February,21,Saturday,True,Evening
265,26UP00665,1,02/07/2026 11:55 PM,2026-02-07 22:30:00,02/08/2026 11:00 PM,Employee reported the theft of their unattended personal property,BRYCE JORDAN CENTER,2026-02-18 21:43:32,2026-02-07,2026,2,February,22,Saturday,True,Late Night
266,26UP00663,1,02/07/2026 11:49 PM,2026-02-07 22:30:00,02/07/2026 11:44 PM,Visitor reported being harassed,BRYCE JORDAN CENTER,2026-02-18 21:43:32,2026-02-07,2026,2,February,22,Saturday,True,Late Night
267,26UP00662,1,02/07/2026 11:35 PM,2026-02-07 23:35:00,02/08/2026 12:05 AM,Visitor reported a two vehicle crash with no injuries,COMMUTER JORDAN EAST 1 LOT,2026-02-18 21:43:32,2026-02-07,2026,2,February,23,Saturday,True,Late Night
268,PSHI-2026-02-I-133550,2,02/07/2026 11:28 PM,2026-02-07 22:03:00,,Rolling domestic assault on campus.,Hershey - Dispatched To: HMC - Emergency Department > HMC - Emergency Department,2026-02-18 21:43:32,2026-02-07,2026,2,February,22,Saturday,True,Late Night
269,PSHI-2026-02-I-133545,2,02/07/2026 10:01 PM,2026-02-07 18:50:00,,Assisted clinical staff with agitated patient.,Hershey - Dispatched To: HMC - Main Hospital > HMC - Main Hospital,2026-02-18 21:43:32,2026-02-07,2026,2,February,18,Saturday,True,Evening
270,26UP00658,1,02/07/2026 10:00 PM,2026-02-07 22:00:00,02/07/2026 10:35 PM,Visitor reported a concern for another person,BRYCE JORDAN CENTER,2026-02-18 21:43:32,2026-02-07,2026,2,February,22,Saturday,True,Late Night
271,26UP00655,1,02/07/2026 09:30 PM,2026-02-07 21:20:00,02/07/2026 09:35 PM,Visitor observed highly intoxicated,BRYCE JORDAN CENTER,2026-02-18 21:43:32,2026-02-07,2026,2,February,21,Saturday,True,Evening
272,26UP00656,1,02/07/2026 09:29 PM,2026-02-07 21:29:00,02/07/2026 11:15 PM,Assisted the fire department with a reported fire alarm activation,LUBERT BLDG,2026-02-18 21:43:32,2026-02-07,2026,2,February,21,Saturday,True,Evening
273,26UP00654,1,02/07/2026 09:29 PM,2026-02-07 15:00:00,02/07/2026 09:00 PM,Assisted an outside law enforcement agency with an investigation,BRYCE JORDAN CENTER,2026-02-18 21:43:32,2026-02-07,2026,2,February,15,Saturday,True,Afternoon
274,26UP00657,1,02/07/2026 09:06 PM,2026-02-07 21:06:00,02/07/2026 10:20 PM,Visitor observed highly intoxicated and transported to the hospital,BRYCE JORDAN CENTER,2026-02-18 21:43:32,2026-02-07,2026,2,February,21,Saturday,True,Evening
275,26UP00653,1,02/07/2026 08:56 PM,2026-02-07 12:00:00,02/07/2026 08:30 PM,Visitor reported a hit and run vehicle crash,HUB PARKING DECK,2026-02-18 21:43:32,2026-02-07,2026,2,February,12,Saturday,True,Afternoon
276,26UP00652,1,02/07/2026 08:47 PM,2026-02-07 20:35:00,02/07/2026 08:57 PM,Underage visitor observed highly intoxicated and transported to the hospital,BRYCE JORDAN CENTER,2026-02-18 21:43:32,2026-02-07,2026,2,February,20,Saturday,True,Evening
277,26BW00025,7,02/07/2026 08:35 PM,2026-02-07 20:35:00,02/07/2026 08:42 PM,Student reported a fire alarm activation,ORCHARD HALL,2026-02-18 21:43:32,2026-02-07,2026,2,February,20,Saturday,True,Evening
278,PSHI-2026-02-I-133543,2,02/07/2026 07:04 PM,2026-02-07 18:38:00,,Victim of violence receiving treatment.,Hershey - Dispatched To: HMC - Emergency Department > HMC - Emergency Department,2026-02-18 21:43:32,2026-02-07,2026,2,February,18,Saturday,True,Evening
279,26BR00006,6,02/07/2026 06:56 PM,2026-02-07 18:55:00,02/07/2026 07:29 PM,Student reported a suspicious odor,HARMONY HALL,2026-02-18 21:43:32,2026-02-07,2026,2,February,18,Saturday,True,Evening
280,PSHI-2026-02-I-133537,2,02/07/2026 04:54 PM,2026-02-07 16:07:00,,Assisted clinical staff with agitated patient.,Hershey - Dispatched To: HMC - Emergency Department > HMC - Emergency Department,2026-02-18 21:43:32,2026-02-07,2026,2,February,16,Saturday,True,Afternoon
282,26AB00048,2,02/07/2026 02:17 PM,2026-02-07 14:17:00,02/07/2026 02:59 PM,Employee reported a fire alarm activation,LIONS GATE AT PENN STATE ABINGTON,2026-02-18 21:43:32,2026-02-07,2026,2,February,14,Saturday,True,Afternoon
283,26UP00651,1,02/07/2026 01:28 PM,2026-02-07 13:28:00,02/07/2026 02:00 PM,Visitor requested assistance in locating a student,GEARY HALL,2026-02-18 21:43:32,2026-02-07,2026,2,February,13,Saturday,True,Afternoon
284,26UP00650,1,02/07/2026 01:25 PM,2026-02-07 13:25:00,02/07/2026 02:04 PM,Employee reported a one vehicle crash with no injuries,EAST PARKING DECK,2026-02-18 21:43:32,2026-02-07,2026,2,February,13,Saturday,True,Afternoon
285,26UP00649,1,02/07/2026 12:27 PM,2026-02-06 14:45:00,02/06/2026 03:10 PM,Student requested assistance with a personal matter,MCALLISTER BLDG,2026-02-18 21:43:32,2026-02-06,2026,2,February,14,Friday,False,Afternoon
286,PSHI-2026-02-I-133521,2,02/07/2026 09:30 AM,2026-02-07 05:41:00,,Assisted clinical staff with actively eloping patient.,Hershey - Dispatched To: HMC - Main Hospital > HMC - Main Hospital,2026-02-18 21:43:32,2026-02-07,2026,2,February,5,Saturday,True,Morning
287,26AB00047,2,02/07/2026 05:48 AM,2026-02-07 03:00:00,02/07/2026 06:40 AM,Student reported disorderly persons,LIONS GATE AT PENN STATE ABINGTON,2026-02-18 21:43:32,2026-02-07,2026,2,February,3,Saturday,True,Late Night
288,26UP00648,1,02/07/2026 04:45 AM,2026-02-07 04:45:00,02/07/2026 05:25 AM,Underage student observed highly intoxicated and transported to the hospital,ROBINSON HALL,2026-02-18 21:43:32,2026-02-07,2026,2,February,4,Saturday,True,Late Night
289,26UP00647,1,02/07/2026 04:45 AM,2026-02-07 04:45:00,02/07/2026 06:03 AM,A vehicle stop investigation revealed the operator to be driving under the influence of alcohol,BIGLER RD & EISENHOWER RD,2026-02-18 21:43:32,2026-02-07,2026,2,February,4,Saturday,True,Late Night
290,26UP00646,1,02/07/2026 03:29 AM,2026-02-07 03:29:00,02/07/2026 04:01 AM,Student observed highly intoxicated,MCKEAN HALL,2026-02-18 21:43:32,2026-02-07,2026,2,February,3,Saturday,True,Late Night
291,26UP00645,1,02/07/2026 03:08 AM,2026-02-07 03:08:00,02/07/2026 03:33 AM,Student observed highly intoxicated and transported to the hospital,HIBBS HALL,2026-02-18 21:43:32,2026-02-07,2026,2,February,3,Saturday,True,Late Night
292,26UP00643,1,02/07/2026 02:43 AM,2026-02-07 02:43:00,02/07/2026 05:43 AM,Student reported being physically assaulted by an identified person,SHORTLIDGE RD & POLLOCK RD,2026-02-18 21:43:32,2026-02-07,2026,2,February,2,Saturday,True,Late Night
293,26AL00068,3,02/07/2026 02:22 AM,2026-02-07 02:22:00,02/07/2026 04:22 AM,A vehicle stop investigation revealed the operator to be driving under the influence of alcohol,CEDAR LOT - PCE - ALTOONA,2026-02-18 21:43:32,2026-02-07,2026,2,February,2,Saturday,True,Late Night
294,PSHI-2026-02-I-133519,2,02/07/2026 02:04 AM,2026-02-06 23:27:00,,Assisted clinical staff with agitated patient.,Hershey - Dispatched To: HMC - Main Hospital - 5 - Acute Care > HMC - Main Hospital - 5 - Acute Care,2026-02-18 21:43:32,2026-02-06,2026,2,February,23,Friday,False,Late Night
295,PSHI-2026-02-I-133518,2,02/07/2026 01:59 AM,2026-02-06 23:19:00,,Assisted clinical staff with agitated patient.,Hershey - Dispatched To: HMC - Main Hospital - 6 - Acute Care > HMC - Main Hospital - 6 - Acute Care,2026-02-18 21:43:32,2026-02-06,2026,2,February,23,Friday,False,Late Night
296,26UP00638,1,02/07/2026 01:26 AM,2026-02-07 01:16:00,02/07/2026 01:26 AM,Student observed highly intoxicated,MCKEAN HALL,2026-02-18 21:43:32,2026-02-07,2026,2,February,1,Saturday,True,Late Night
297,26UP00684,1,02/07/2026 01:00 AM,2026-02-09 19:48:00,02/09/2026 08:53 PM,Received this department's copy of a Protection From Abuse (PFA) order,UNIVERSITY SUPPORT BLDG I,2026-02-18 21:43:32,2026-02-09,2026,2,February,19,Monday,False,Evening
298,26UP00637,1,02/07/2026 12:50 AM,2026-02-07 00:50:00,02/07/2026 01:11 AM,Student observed highly intoxicated and transported to the hospital,STUART HALL,2026-02-18 21:43:32,2026-02-07,2026,2,February,0,Saturday,True,Late Night
299,26HB00060,13,02/07/2026 12:30 AM,2026-02-07 00:30:00,02/07/2026 01:40 AM,Assisted an outside law enforcement agency with an investigation,W MAIN ST & N CATHERINE ST,2026-02-18 21:43:32,2026-02-07,2026,2,February,0,Saturday,True,Late Night
300,PSHI-2026-02-I-133516,2,02/07/2026 12:12 AM,2026-02-06 22:20:00,,Assisted clinical staff with a visitor issue.,Hershey - Dispatched To: HMC - Children's Hospital - 4 - PICU > HMC - Children's Hospital - 4 - PICU,2026-02-18 21:43:32,2026-02-06,2026,2,February,22,Friday,False,Late Night
301,26UP00634,1,02/06/2026 11:42 PM,2026-02-06 23:42:00,02/06/2026 11:55 PM,"Resident Assistant reported the odor of marijuana, origin not located",PACKER HALL,2026-02-18 21:43:32,2026-02-06,2026,2,February,23,Friday,False,Late Night
302,26UP00632,1,02/06/2026 11:36 PM,2026-02-06 23:36:00,02/07/2026 12:16 AM,Identified occupants in possession of marijuana and drug paraphernalia,RUNKLE HALL,2026-02-18 21:43:32,2026-02-06,2026,2,February,23,Friday,False,Late Night
303,26UP00631,1,02/06/2026 11:17 PM,2026-02-06 23:17:00,02/07/2026 11:32 PM,"Resident Assistant reported the odor of marijuana, origin not located",MIFFLIN HALL,2026-02-18 21:43:32,2026-02-06,2026,2,February,23,Friday,False,Late Night
304,26UP00630,1,02/06/2026 11:08 PM,2026-02-06 22:16:00,02/06/2026 11:08 PM,Student reported damage to University property,GEARY HALL,2026-02-18 21:43:32,2026-02-06,2026,2,February,22,Friday,False,Late Night
305,26HB00059,13,02/06/2026 10:01 PM,2026-02-06 21:00:00,02/06/2026 09:30 PM,"Student reported the odor of marijuana, origin not located",MAHANOY HOUSE,2026-02-18 21:43:32,2026-02-06,2026,2,February,21,Friday,False,Evening
306,PSHI-2026-02-I-133509,2,02/06/2026 09:54 PM,2026-02-06 21:47:00,,Assisted clinical staff with an escort.,Hershey - Dispatched To: HMC - Emergency Department - 1 - ED Obs Unit > HMC - Emergency Department - 1 - ED Obs Unit,2026-02-18 21:43:32,2026-02-06,2026,2,February,21,Friday,False,Evening
307,26UP00625,1,02/06/2026 09:53 PM,2026-02-06 21:53:00,02/06/2026 10:39 PM,Student observed highly intoxicated and transported to the hospital,MCKEE HALL,2026-02-18 21:43:32,2026-02-06,2026,2,February,21,Friday,False,Evening
308,26UP00623,1,02/06/2026 08:29 PM,2026-02-06 20:29:00,02/06/2026 10:14 PM,Visitor reported a concern for another person,E COLLEGE AVE,2026-02-18 21:43:32,2026-02-06,2026,2,February,20,Friday,False,Evening
309,26UP00619,1,02/06/2026 06:52 PM,2026-02-05 00:00:00,02/06/2026 06:52 PM,Assisted an outside law enforcement agency with an investigation,UNIVERSITY SUPPORT BLDG I,2026-02-18 21:43:32,2026-02-05,2026,2,February,0,Thursday,False,Late Night
310,PSHI-2026-02-I-133506,2,02/06/2026 05:34 PM,2026-02-06 16:52:00,,Vendor damaged property.,Hershey - Dispatched To: HMC and COM - Central Plant > HMC and COM - Central Plant,2026-02-18 21:43:32,2026-02-06,2026,2,February,16,Friday,False,Afternoon
311,26UP00615,1,02/06/2026 05:07 PM,2026-02-06 17:07:00,02/06/2026 05:40 PM,Employee reported a concern for another student,STUDENT HEALTH CENTER,2026-02-18 21:43:32,2026-02-06,2026,2,February,17,Friday,False,Evening
312,26AL00065,3,02/06/2026 04:42 PM,2026-02-06 16:19:00,02/06/2026 04:54 PM,Assisted an outside law enforcement agency with an investigation,E PLEASANT VALLEY BLVD & GRANT ST,2026-02-18 21:43:32,2026-02-06,2026,2,February,16,Friday,False,Afternoon
313,26UP00616,1,02/06/2026 04:42 PM,2026-02-06 08:00:00,02/06/2026 04:00 PM,Employee reported being harassed,N BURROWES RD,2026-02-18 21:43:32,2026-02-06,2026,2,February,8,Friday,False,Morning
314,PSHI-2026-02-I-133504,2,02/06/2026 04:21 PM,2026-02-06 15:44:00,,Assisted clinical staff with a visitor issue.,Hershey - Dispatched To: HMC - Main Hospital - 3 - HVI\HVOC > HMC - Main Hospital - 3 - HVI\HVOC,2026-02-18 21:43:32,2026-02-06,2026,2,February,15,Friday,False,Afternoon
315,26BK00029,4,02/06/2026 03:29 PM,2026-02-05 18:00:00,02/05/2026 07:00 PM,Student reported lost property,PERKINS STUDENT CENTER,2026-02-18 21:43:32,2026-02-05,2026,2,February,18,Thursday,False,Evening
316,26SL00014,19,02/06/2026 03:11 PM,2026-02-06 15:11:00,02/06/2026 03:33 PM,Assisted an outside law enforcement agency with an investigation,E MAIN ST,2026-02-18 21:43:32,2026-02-06,2026,2,February,15,Friday,False,Afternoon
317,26UP00612,1,02/06/2026 03:05 PM,2026-02-06 15:05:00,02/06/2026 03:40 PM,Student reported suspicious activity,STUART HALL,2026-02-18 21:43:32,2026-02-06,2026,2,February,15,Friday,False,Afternoon
318,26ER00044,5,02/06/2026 03:03 PM,2026-02-05 00:00:00,02/05/2026 11:59 PM,Student reported being harassed,REED BUILDING,2026-02-18 21:43:32,2026-02-05,2026,2,February,0,Thursday,False,Late Night
319,PSHI-2026-02-I-133496,2,02/06/2026 02:26 PM,2026-02-06 13:37:00,,Assisted clinical staff with agitated patient.,Hershey - Dispatched To: HMC - Emergency Department > HMC - Emergency Department,2026-02-18 21:43:32,2026-02-06,2026,2,February,13,Friday,False,Afternoon
320,26HB00058,13,02/06/2026 01:53 PM,2026-02-06 13:53:00,02/06/2026 02:16 PM,"Student reported the odor of marijuana, origin not located",MAHANOY HOUSE,2026-02-18 21:43:32,2026-02-06,2026,2,February,13,Friday,False,Afternoon
321,26AL00064,3,02/06/2026 01:34 PM,2026-02-06 13:34:00,02/06/2026 02:03 PM,Student requested assistance with a personal matter,GRANDVIEW RD,2026-02-18 21:43:32,2026-02-06,2026,2,February,13,Friday,False,Afternoon
322,26UP00611,1,02/06/2026 01:12 PM,2026-02-06 13:12:00,02/06/2026 01:52 PM,Student reported a two vehicle crash with no injuries,POWER PLANT,2026-02-18 21:43:32,2026-02-06,2026,2,February,13,Friday,False,Afternoon
323,26UP00610,1,02/06/2026 01:03 PM,2026-02-06 13:03:00,02/06/2026 01:41 PM,Assisted the fire department with a reported fire alarm activation,RESEARCH DR,2026-02-18 21:43:32,2026-02-06,2026,2,February,13,Friday,False,Afternoon
324,PSHI-2026-02-I-133491,2,02/06/2026 12:27 PM,2026-02-05 19:27:00,,Vendor and visitor issue resolved.,Hershey - Dispatched To: HMC - Children's Hospital > HMC - Children's Hospital,2026-02-18 21:43:32,2026-02-05,2026,2,February,19,Thursday,False,Evening
325,26HB00057,13,02/06/2026 11:00 AM,2026-02-06 11:00:00,02/06/2026 12:51 PM,Assisted a employee with a personal matter,STUDENT ENRICHMENT CENTER,2026-02-18 21:43:32,2026-02-06,2026,2,February,11,Friday,False,Morning
326,26BK00028,4,02/06/2026 10:19 AM,2026-02-06 10:19:00,,Employee reported a parking concern,FACULTY STAFF VISITOR LOT B1 - BERKS,2026-02-18 21:43:32,2026-02-06,2026,2,February,10,Friday,False,Morning
327,26BK00027,4,02/06/2026 09:36 AM,2026-02-06 09:36:00,,Employee reported a parking concern,FACULTY STAFF VISITOR LOT B2 - BERKS,2026-02-18 21:43:32,2026-02-06,2026,2,February,9,Friday,False,Morning
328,PSHI-2026-02-I-133486,2,02/06/2026 09:23 AM,2026-02-06 09:12:00,,Assisted clinical staff with agitated patient.,Hershey - Dispatched To: HMC - Emergency Department > HMC - Emergency Department,2026-02-18 21:43:32,2026-02-06,2026,2,February,9,Friday,False,Morning
329,26AB00046,2,02/06/2026 09:12 AM,2026-02-06 09:00:00,02/06/2026 09:30 AM,"Employee reported the odor of marijuana, origin not located",LIONS GATE AT PENN STATE ABINGTON,2026-02-18 21:43:32,2026-02-06,2026,2,February,9,Friday,False,Morning
330,26AL00063,3,02/06/2026 09:01 AM,2026-02-06 09:10:00,02/06/2026 09:14 AM,Assisted an outside law enforcement agency with an investigation,BROADWAY & E PENN AVE,2026-02-18 21:43:32,2026-02-06,2026,2,February,9,Friday,False,Morning
331,26UP00609,1,02/06/2026 07:44 AM,2026-02-06 06:15:00,,Employee reported a suspicious odor,ORANGE A KATZ LOT,2026-02-18 21:43:32,2026-02-06,2026,2,February,6,Friday,False,Morning
332,26UP00608,1,02/06/2026 07:38 AM,2026-02-06 07:38:00,02/06/2026 08:30 AM,Visitor reported a two vehicle crash with no injuries,HOSPITAL DR,2026-02-18 21:43:32,2026-02-06,2026,2,February,7,Friday,False,Morning
333,PSHI-2026-02-I-133481,2,02/06/2026 05:24 AM,2026-02-06 05:13:00,,Assisted clinical staff with agitated patient.,Hershey - Dispatched To: HMC - Main Hospital > HMC - Main Hospital,2026-02-18 21:43:32,2026-02-06,2026,2,February,5,Friday,False,Morning
334,PSHI-2026-02-I-133479,2,02/06/2026 04:36 AM,2026-02-06 03:50:00,,Visitor medical emergency.,Hershey - Dispatched To: HMC - Emergency Department > HMC - Emergency Department,2026-02-18 21:43:32,2026-02-06,2026,2,February,3,Friday,False,Late Night
335,26UP00607,1,02/06/2026 03:51 AM,2026-02-06 03:51:00,02/06/2026 05:22 AM,Assisted an outside law enforcement agency with an investigation,HETZEL ST,2026-02-18 21:43:32,2026-02-06,2026,2,February,3,Friday,False,Late Night
336,26UP00606,1,02/06/2026 02:43 AM,2026-02-06 02:43:00,02/06/2026 03:09 AM,Underage student observed highly intoxicated and transported to the hospital,TENER HALL,2026-02-18 21:43:32,2026-02-06,2026,2,February,2,Friday,False,Late Night
337,PSHI-2026-02-I-133477,2,02/06/2026 02:09 AM,2026-02-06 00:30:00,,Assisted Law Enforcement with an intrusion alarm that was set off by cleaning crew.,Hershey - Dispatched To: HMC - 15 Hope Drive - HOSC > HMC - 15 Hope Drive - HOSC,2026-02-18 21:43:32,2026-02-06,2026,2,February,0,Friday,False,Late Night
338,PSHI-2026-02-I-133475,2,02/06/2026 12:38 AM,2026-02-06 21:54:00,,Walk of life.,Hershey - Dispatched To: HMC - Children's Hospital - 4 > HMC - Children's Hospital - 4,2026-02-18 21:43:32,2026-02-06,2026,2,February,21,Friday,False,Evening
339,26UP00602,1,02/06/2026 12:11 AM,2026-02-06 00:11:00,02/06/2026 12:30 AM,Student observed highly intoxicated and transported to the hospital,MCELWAIN HALL,2026-02-18 21:43:32,2026-02-06,2026,2,February,0,Friday,False,Late Night
340,PSHI-2026-02-I-133467,2,02/05/2026 10:38 PM,2026-02-05 21:12:00,,Visitor mismatch to the sex offender registry.,Hershey - Dispatched To: HMC - Children's Hospital > HMC - Children's Hospital,2026-02-18 21:43:32,2026-02-05,2026,2,February,21,Thursday,False,Evening
341,PSHI-2026-02-I-133465,2,02/05/2026 08:51 PM,2026-02-05 18:25:00,,Safekeeping of Patient Medications.,Hershey - Dispatched To: HMC - Children's Hospital > HMC - Children's Hospital,2026-02-18 21:43:32,2026-02-05,2026,2,February,18,Thursday,False,Evening
342,26HB00055,13,02/05/2026 08:40 PM,2026-02-05 20:40:00,02/05/2026 10:45 PM,Employee reported abandoned property,OLMSTED BUILDING,2026-02-18 21:43:32,2026-02-05,2026,2,February,20,Thursday,False,Evening
343,26HN00007,15,02/05/2026 07:23 PM,2026-02-04 12:00:00,02/04/2026 06:15 PM,Student reported being harassed,BUTLER BLDG,2026-02-18 21:43:32,2026-02-04,2026,2,February,12,Wednesday,False,Afternoon
344,26UP00592,1,02/05/2026 06:21 PM,2026-02-05 18:21:00,02/05/2026 07:06 PM,Student reported suspicious odor,HOLMES HALL,2026-02-18 21:43:32,2026-02-05,2026,2,February,18,Thursday,False,Evening
345,26UP00591,1,02/05/2026 06:14 PM,2026-01-10 00:00:00,02/05/2026 07:38 PM,Student reported the theft of their unsecured / unattended personal property,CHACE HALL,2026-02-18 21:43:32,2026-01-10,2026,1,January,0,Saturday,True,Late Night
346,26HN00008,15,02/05/2026 06:09 PM,2026-02-05 18:09:00,02/05/2026 06:15 PM,Employee reported a suspicious odor,KOSTOS BUILDING,2026-02-18 21:43:32,2026-02-05,2026,2,February,18,Thursday,False,Evening
347,26UP00590,1,02/05/2026 05:54 PM,2026-01-30 00:00:00,01/31/2026 12:00 AM,Assisted an outside agency with a reported Clery crime at an off campus location,ON CAMPUS PROPERTY,2026-02-18 21:43:32,2026-01-30,2026,1,January,0,Friday,False,Late Night
348,26AB00045,2,02/05/2026 04:55 PM,2026-02-05 16:55:00,02/05/2026 05:25 PM,Employee reported a fire alarm activation,LIONS GATE AT PENN STATE ABINGTON,2026-02-18 21:43:32,2026-02-05,2026,2,February,16,Thursday,False,Afternoon
349,PSHI-2026-02-I-133459,2,02/05/2026 04:28 PM,2026-02-05 15:45:00,,Assisted clinical staff with agitated patient.,Hershey - Dispatched To: HMC - Main Hospital - 2 > HMC - Main Hospital - 2,2026-02-18 21:43:32,2026-02-05,2026,2,February,15,Thursday,False,Afternoon
350,PSHI-2026-02-I-133458,2,02/05/2026 04:15 PM,2026-02-05 12:58:00,,Assisted clinical staff with agitated visitor.,"Hershey - Dispatched To: HMC Off-Site - PSMG - Camp Hill, Specialties - PSMG > HMC Off-Site - PSMG - Camp Hill, Specialties - PSMG",2026-02-18 21:43:32,2026-02-05,2026,2,February,12,Thursday,False,Afternoon
351,PSHI-2026-02-I-133457,2,02/05/2026 04:15 PM,2026-02-05 16:04:00,,Assisted patient with property related matter.,Hershey - Dispatched To: HMC - Main Hospital - 1 - Cashier's Office > HMC - Main Hospital - 1 - Cashier's Office,2026-02-18 21:43:32,2026-02-05,2026,2,February,16,Thursday,False,Afternoon
352,26LV00003,16,02/05/2026 04:15 PM,2026-02-05 09:00:00,02/05/2026 11:00 AM,Student reported a hit and run vehicle crash,STUDENT PARKING LOT - LEHIGH VALLEY,2026-02-18 21:43:32,2026-02-05,2026,2,February,9,Thursday,False,Morning
353,26DS00002,9,02/05/2026 04:09 PM,2026-02-05 16:09:00,02/05/2026 06:00 PM,Student reported a concerning odor,COLLEGE PL & E DUBOIS AVE,2026-02-18 21:43:32,2026-02-05,2026,2,February,16,Thursday,False,Afternoon
354,PSHI-2026-02-I-133455,2,02/05/2026 03:57 PM,2026-02-05 13:52:00,,Asset and equipment accountability audit.,Hershey - Reported Location: HMC - Children's Hospital - 7 - Women's Health Post/Antepartum,2026-02-18 21:43:32,2026-02-05,2026,2,February,13,Thursday,False,Afternoon
355,26BW00023,7,02/05/2026 03:33 PM,2026-02-04 09:45:00,02/05/2026 03:55 PM,Employee reported a concern for another student,VAIRO LIBRARY,2026-02-18 21:43:32,2026-02-04,2026,2,February,9,Wednesday,False,Morning
356,26UP00588,1,02/05/2026 02:34 PM,2026-02-05 13:31:00,02/05/2026 03:30 PM,Student reported a bicycle crash with injuries,WILLARD BLDG,2026-02-18 21:43:32,2026-02-05,2026,2,February,13,Thursday,False,Afternoon
357,26UP00586,1,02/05/2026 02:19 PM,2026-02-04 16:19:00,02/04/2026 05:00 PM,Employee reported suspicious activity,UNIVERSITY SUPPORT BLDG I,2026-02-18 21:43:32,2026-02-04,2026,2,February,16,Wednesday,False,Afternoon
358,PSHI-2026-02-I-133450,2,02/05/2026 02:17 PM,2026-02-05 13:46:00,,Assisted clinical staff with an agitated patient.,Hershey - Dispatched To: HMC - Emergency Department > HMC - Emergency Department,2026-02-18 21:43:32,2026-02-05,2026,2,February,13,Thursday,False,Afternoon
359,PSHI-2026-02-I-133448,2,02/05/2026 01:23 PM,2026-02-05 11:01:00,,Property related matter.,Hershey - Dispatched To: HMC - Centerview Parking Garage > HMC - Centerview Parking Garage,2026-02-18 21:43:32,2026-02-05,2026,2,February,11,Thursday,False,Morning
360,26AL00062,3,02/05/2026 01:13 PM,2026-02-05 10:02:00,02/05/2026 10:04 AM,Employee reported a hit and run vehicle crash,ROSSMAN PARK,2026-02-18 21:43:32,2026-02-05,2026,2,February,10,Thursday,False,Morning
361,26UP00585,1,02/05/2026 12:11 PM,2026-01-31 13:10:00,01/31/2026 03:07 PM,Visitor reported the theft of their unattended personal property,COMMUTER JORDAN EAST 2 LOT,2026-02-18 21:43:32,2026-01-31,2026,1,January,13,Saturday,True,Afternoon
362,26UP00583,1,02/05/2026 11:48 AM,2026-02-04 14:15:00,,Student reported a two vehicle crash with no injuries,EAST PARKING DECK,2026-02-18 21:43:32,2026-02-04,2026,2,February,14,Wednesday,False,Afternoon
363,26UP00582,1,02/05/2026 11:24 AM,2026-02-05 01:45:00,02/05/2026 10:30 AM,Employee reported damage to University property,HASTINGS HALL,2026-02-18 21:43:32,2026-02-05,2026,2,February,1,Thursday,False,Late Night
364,26AL00061,3,02/05/2026 11:17 AM,2026-02-05 11:17:00,02/05/2026 11:22 AM,Employee reported a parking concern,RIDER LOT - ALTOONA,2026-02-18 21:43:32,2026-02-05,2026,2,February,11,Thursday,False,Morning
365,26AL00060,3,02/05/2026 10:56 AM,2026-02-05 10:55:00,02/05/2026 11:15 AM,Employee reported a two vehicle crash with no injuries,RIDER LOT - ALTOONA,2026-02-18 21:43:32,2026-02-05,2026,2,February,10,Thursday,False,Morning
366,26AL00059,3,02/05/2026 10:39 AM,2026-02-05 10:39:00,02/05/2026 10:50 AM,Visitor requested assistance with an administrative matter,POPLAR BLDG,2026-02-18 21:43:32,2026-02-05,2026,2,February,10,Thursday,False,Morning
367,26ER00043,5,02/05/2026 08:20 AM,2026-02-05 08:19:00,02/05/2026 08:30 AM,Employee reported a fire alarm activation,SENAT HALL,2026-02-18 21:43:32,2026-02-05,2026,2,February,8,Thursday,False,Morning
368,26UP00581,1,02/05/2026 08:12 AM,2026-02-05 08:12:00,02/05/2026 03:50 PM,Student requested assistance with a personal matter,UNIVERSITY SUPPORT BLDG I,2026-02-18 21:43:32,2026-02-05,2026,2,February,8,Thursday,False,Morning
369,26BK00026,4,02/05/2026 07:50 AM,2026-02-05 07:50:00,,Employee reported a burglary alarm activation,PERKINS STUDENT CENTER,2026-02-18 21:43:32,2026-02-05,2026,2,February,7,Thursday,False,Morning
371,26UP00580,1,02/05/2026 05:36 AM,2026-02-05 05:36:00,02/05/2026 06:05 AM,Student stopped and found in possession of drug paraphernalia,E PARK AVE & HOSPITAL DR,2026-02-18 21:43:32,2026-02-05,2026,2,February,5,Thursday,False,Morning
372,26UP00579,1,02/05/2026 02:06 AM,2026-02-05 01:30:00,02/05/2026 02:45 AM,Underage student observed highly intoxicated,HIESTER HALL,2026-02-18 21:43:32,2026-02-05,2026,2,February,1,Thursday,False,Late Night
373,26UP00578,1,02/05/2026 01:20 AM,2026-02-04 23:00:00,02/05/2026 02:38 AM,Student reported a concern for another student,BEAVER HALL,2026-02-18 21:43:32,2026-02-04,2026,2,February,23,Wednesday,False,Late Night
375,PSHI-2026-02-I-133423,2,02/05/2026 12:34 AM,2026-02-04 23:45:00,,Assisted clinical staff with agitated patient.,Hershey - Dispatched To: HMC - Main Hospital - 6 - Acute Care > HMC - Main Hospital - 6 - Acute Care,2026-02-18 21:43:32,2026-02-04,2026,2,February,23,Wednesday,False,Late Night
376,26UP00577,1,02/05/2026 12:27 AM,2026-02-05 00:27:00,02/05/2026 01:00 AM,Underage student observed highly intoxicated,PENNYPACKER HALL,2026-02-18 21:43:32,2026-02-05,2026,2,February,0,Thursday,False,Late Night
377,26HB00054,13,02/04/2026 10:45 PM,2026-02-04 22:45:00,02/05/2026 12:10 AM,Student requested assistance with a civil matter,MAHANOY HOUSE,2026-02-18 21:43:32,2026-02-04,2026,2,February,22,Wednesday,False,Late Night
378,26AB00044,2,02/04/2026 10:15 PM,2026-02-04 22:15:00,02/04/2026 11:50 PM,Employee reported a concerning odor/gas leak,LARES BUILDING,2026-02-18 21:43:32,2026-02-04,2026,2,February,22,Wednesday,False,Late Night
379,26AB00043,2,02/04/2026 09:47 PM,2026-02-04 21:47:00,02/04/2026 10:01 PM,Employee reported a fire alarm activation,LIONS GATE AT PENN STATE ABINGTON,2026-02-18 21:43:32,2026-02-04,2026,2,February,21,Wednesday,False,Evening
380,26UP00574,1,02/04/2026 08:19 PM,2026-02-04 20:19:00,02/04/2026 08:56 PM,Employee reported damage to University property,STUART HALL,2026-02-18 21:43:32,2026-02-04,2026,2,February,20,Wednesday,False,Evening
381,26WS00005,22,02/04/2026 07:34 PM,2026-02-04 19:30:00,,Employee reported a two vehicle crash with no injuries,RIDGE VIEW DR,2026-02-18 21:43:32,2026-02-04,2026,2,February,19,Wednesday,False,Evening
382,26AB00042,2,02/04/2026 07:12 PM,2026-02-04 19:12:00,02/04/2026 07:25 PM,Employee reported a fire alarm activation,LIONS GATE AT PENN STATE ABINGTON,2026-02-18 21:43:32,2026-02-04,2026,2,February,19,Wednesday,False,Evening
383,PSHI-2026-02-I-133415,2,02/04/2026 04:49 PM,2026-02-04 14:50:00,,Property related matter.,Hershey - Dispatched To: HMC - Parking Lot - Lot J > HMC - Parking Lot - Lot J,2026-02-18 21:43:32,2026-02-04,2026,2,February,14,Wednesday,False,Afternoon
384,26BK00025,4,02/04/2026 04:40 PM,2026-02-04 13:00:00,02/04/2026 03:00 PM,Student reported being harassed,LUERSSEN SCIENCE BUILDING,2026-02-18 21:43:32,2026-02-04,2026,2,February,13,Wednesday,False,Afternoon
385,26UP00572,1,02/04/2026 04:04 PM,2025-08-30 12:00:00,08/30/2025 06:00 PM,Student reported they were indecently assaulted by a known person at a University Building,BEAVER STADIUM,2026-02-18 21:43:32,2025-08-30,2025,8,August,12,Saturday,True,Afternoon
386,26UP00571,1,02/04/2026 03:53 PM,2026-02-04 15:53:00,02/04/2026 03:59 PM,Employee requested assistance with a civil matter,HUB PARKING DECK,2026-02-18 21:43:32,2026-02-04,2026,2,February,15,Wednesday,False,Afternoon
387,PSHI-2026-02-I-133413,2,02/04/2026 03:45 PM,2026-02-04 15:10:00,,Assisted clinical staff with agitated patient.,Hershey - Dispatched To: HPD - Emergency Department > HPD - Emergency Department,2026-02-18 21:43:32,2026-02-04,2026,2,February,15,Wednesday,False,Afternoon
388,PSHI-2026-02-I-133411,2,02/04/2026 02:45 PM,2026-02-04 13:53:00,,Assisted clinical staff with agitated patient.,Hershey - Dispatched To: HMC - Emergency Department > HMC - Emergency Department,2026-02-18 21:43:32,2026-02-04,2026,2,February,13,Wednesday,False,Afternoon
389,26HB00053,13,02/04/2026 02:26 PM,2026-02-04 14:26:00,,Student reported a two vehicle crash with no injuries,1ST ST & OLMSTEAD DR,2026-02-18 21:43:32,2026-02-04,2026,2,February,14,Wednesday,False,Afternoon
390,26BK00024,4,02/04/2026 01:47 PM,2026-02-04 13:47:00,02/04/2026 02:05 PM,Employee reported a parking concern,FACULTY STAFF VISITOR LOT B1 - BERKS,2026-02-18 21:43:32,2026-02-04,2026,2,February,13,Wednesday,False,Afternoon
391,26AB00041,2,02/04/2026 01:43 PM,2026-02-04 13:43:00,02/04/2026 02:17 PM,Employee reported a parking concern,LOT G - ABINGTON,2026-02-18 21:43:32,2026-02-04,2026,2,February,13,Wednesday,False,Afternoon
392,PSHI-2026-02-I-133409,2,02/04/2026 01:21 PM,2026-02-04 12:15:00,,Patient punched security officer.,Hershey - Dispatched To: HMC - Emergency Department > HMC - Emergency Department,2026-02-18 21:43:32,2026-02-04,2026,2,February,12,Wednesday,False,Afternoon
393,PSHI-2026-02-I-133408,2,02/04/2026 12:59 PM,2026-02-04 12:46:00,,Visitor match to the sex offender registry.,Hershey - Dispatched To: HMC - Children's Hospital - 1 - Children's Hospital Main Information Desk > HMC - Children's Hospital - 1 - Children's Hospital Main Information Desk,2026-02-18 21:43:32,2026-02-04,2026,2,February,12,Wednesday,False,Afternoon
394,26WS00004,22,02/04/2026 12:34 PM,2026-02-04 12:30:00,02/04/2026 01:06 PM,Assisted the ambulance with a medical emergency,STUDENT STUDY - LEARNING CENTER,2026-02-18 21:43:32,2026-02-04,2026,2,February,12,Wednesday,False,Afternoon
395,26UP00570,1,02/04/2026 11:30 AM,2026-02-04 11:30:00,02/04/2026 01:59 PM,Assisted the ambulance with a medical emergency,RESEARCH DR,2026-02-18 21:43:32,2026-02-04,2026,2,February,11,Wednesday,False,Morning
396,26UP00569,1,02/04/2026 11:23 AM,2026-02-04 11:23:00,02/04/2026 12:55 PM,Assisted an outside law enforcement agency with an investigation,E PARK AVE & HOSPITAL DR,2026-02-18 21:43:32,2026-02-04,2026,2,February,11,Wednesday,False,Morning
397,26UP00568,1,02/04/2026 11:18 AM,2026-02-04 09:40:00,02/04/2026 11:20 AM,Student reported a hit and run vehicle crash,NITTANY PARKING,2026-02-18 21:43:32,2026-02-04,2026,2,February,9,Wednesday,False,Morning
398,26AL00058,3,02/04/2026 11:07 AM,2026-02-04 11:07:00,02/04/2026 11:18 AM,Employee reported an alarm activation,SLEP STUDENT CENTER,2026-02-18 21:43:32,2026-02-04,2026,2,February,11,Wednesday,False,Morning
399,26UP00567,1,02/04/2026 10:56 AM,2026-02-04 10:41:00,,Employee reported theft of services,EAST PARKING DECK,2026-02-18 21:43:32,2026-02-04,2026,2,February,10,Wednesday,False,Morning
400,PSHI-2026-02-I-133403,2,02/04/2026 09:27 AM,2026-02-04 07:52:00,,Vehicle incident.,Hershey - Dispatched To: HMC - 30 Hope Drive > HMC - 30 Hope Drive,2026-02-18 21:43:32,2026-02-04,2026,2,February,7,Wednesday,False,Morning
401,26BW00022,7,02/04/2026 09:20 AM,2026-02-04 09:20:00,02/04/2026 09:25 AM,Employee reported unsafe conditions,VAIRO PARKING LOT - BRANDYWINE,2026-02-18 21:43:32,2026-02-04,2026,2,February,9,Wednesday,False,Morning
402,26ER00042,5,02/04/2026 08:28 AM,2026-02-04 08:28:00,,Employee reported suspicious activity,COLLEGE DR,2026-02-18 21:43:32,2026-02-04,2026,2,February,8,Wednesday,False,Morning
403,26BW00021,7,02/04/2026 03:11 AM,2026-02-04 03:11:00,02/04/2026 03:52 AM,Student requested assistance with a civil matter,ORCHARD HALL,2026-02-18 21:43:32,2026-02-04,2026,2,February,3,Wednesday,False,Late Night
404,PSHI-2026-02-I-133394,2,02/04/2026 01:26 AM,2026-02-04 00:47:00,,Assisted clinical staff with agitated visitor,Hershey - Dispatched To: HMC - Emergency Department > HMC - Emergency Department,2026-02-18 21:43:32,2026-02-04,2026,2,February,0,Wednesday,False,Late Night
405,PSHI-2026-02-I-133393,2,02/04/2026 01:21 AM,2026-02-04 00:23:00,,Assisted clinical staff with an agitated patient.,Hershey - Dispatched To: HMC - Main Hospital > HMC - Main Hospital,2026-02-18 21:43:32,2026-02-04,2026,2,February,0,Wednesday,False,Late Night
406,PSHI-2026-02-I-133392,2,02/04/2026 01:13 AM,2026-02-03 22:25:00,,Assisted clinical staff with an agitated patient.,Hershey - Dispatched To: HMC - Emergency Department > HMC - Emergency Department,2026-02-18 21:43:32,2026-02-03,2026,2,February,22,Tuesday,False,Late Night
407,26HB00052,13,02/03/2026 11:40 PM,2026-02-03 23:45:00,02/03/2026 11:59 PM,Assisted an outside law enforcement agency with an investigation,E HIGH ST,2026-02-18 21:43:32,2026-02-03,2026,2,February,23,Tuesday,False,Late Night
408,PSHI-2026-02-I-133389,2,02/03/2026 11:34 PM,2026-02-02 21:05:00,,Assisted clinical staff with a patient stand-by.,Hershey - Dispatched To: HMC - Emergency Department > HMC - Emergency Department,2026-02-18 21:43:32,2026-02-02,2026,2,February,21,Monday,False,Evening
409,26BW00020,7,02/03/2026 11:19 PM,2026-02-03 23:19:00,02/03/2026 11:30 PM,Employee reported an intrusion alarm activation,MAIN BUILDING,2026-02-18 21:43:32,2026-02-03,2026,2,February,23,Tuesday,False,Late Night
410,26AL00057,3,02/03/2026 08:45 PM,2026-02-03 20:45:00,02/03/2026 09:10 PM,Assisted the ambulance with a medical emergency,CEDAR HALL,2026-02-18 21:43:32,2026-02-03,2026,2,February,20,Tuesday,False,Evening
411,26UP00564,1,02/03/2026 08:36 PM,2026-02-03 20:36:00,02/03/2026 11:08 PM,Assisted an outside law enforcement agency with an investigation,KIRKBRIDE DR,2026-02-18 21:43:32,2026-02-03,2026,2,February,20,Tuesday,False,Evening
412,PSHI-2026-02-I-133383,2,02/03/2026 08:04 PM,2026-02-03 18:37:00,,Assisted clinical staff with agitated patient.,Hershey - Dispatched To: HMC - Main Hospital > HMC - Main Hospital,2026-02-18 21:43:32,2026-02-03,2026,2,February,18,Tuesday,False,Evening
413,PSHI-2026-02-I-133382,2,02/03/2026 07:45 PM,2026-02-03 18:40:00,,Assisted clinical staff with an agitated patient.,Hershey - Dispatched To: HMC - Emergency Department > HMC - Emergency Department,2026-02-18 21:43:32,2026-02-03,2026,2,February,18,Tuesday,False,Evening
414,26BK00023,4,02/03/2026 05:49 PM,2026-01-28 00:00:00,02/03/2026 05:49 PM,Student reported being harassed,AMBER HALL,2026-02-18 21:43:32,2026-01-28,2026,1,January,0,Wednesday,False,Late Night
415,26BW00024,7,02/03/2026 05:00 PM,2026-02-03 17:00:00,02/03/2026 05:15 PM,Assisted an outside law enforcement agency with an investigation,COMMONS & ATHLETIC CENTER,2026-02-18 21:43:32,2026-02-03,2026,2,February,17,Tuesday,False,Evening
416,26BW00019,7,02/03/2026 04:44 PM,2026-01-12 00:00:00,02/03/2026 06:32 PM,Student reported being harassed,MAIN BUILDING,2026-02-18 21:43:32,2026-01-12,2026,1,January,0,Monday,False,Late Night
417,PSHI-2026-02-I-133377,2,02/03/2026 04:34 PM,2026-02-03 13:12:00,,Release/return of personal property to patient.,Hershey - Dispatched To: HMC - Emergency Department - 1 - Emergency Department > HMC - Emergency Department - 1 - Emergency Department,2026-02-18 21:43:32,2026-02-03,2026,2,February,13,Tuesday,False,Afternoon
418,26SL00013,19,02/03/2026 04:11 PM,2026-02-03 16:07:00,02/03/2026 05:30 PM,Assisted an outside law enforcement agency with an investigation,PA-61,2026-02-18 21:43:32,2026-02-03,2026,2,February,16,Tuesday,False,Afternoon
419,26UP00563,1,02/03/2026 03:46 PM,2025-12-23 16:00:00,01/21/2026 04:00 PM,Student reported the theft of University property,HAMMOND BLDG,2026-02-18 21:43:32,2025-12-23,2025,12,December,16,Tuesday,False,Afternoon
420,26UP00562,1,02/03/2026 03:44 PM,2026-02-03 15:44:00,02/03/2026 04:23 PM,Student reported damage to personal property,GRUBB HALL,2026-02-18 21:43:32,2026-02-03,2026,2,February,15,Tuesday,False,Afternoon
421,26BK00022,4,02/03/2026 03:09 PM,2026-02-03 15:09:00,02/03/2026 04:20 PM,Assisted an outside law enforcement agency with an investigation,PA-12 & US-422,2026-02-18 21:43:32,2026-02-03,2026,2,February,15,Tuesday,False,Afternoon
422,26AL00056,3,02/03/2026 02:49 PM,2026-02-03 14:49:00,02/03/2026 03:20 PM,Employee reported a two vehicle crash with no injuries,MAPLE HALL LOT,2026-02-18 21:43:32,2026-02-03,2026,2,February,14,Tuesday,False,Afternoon
423,26UP00559,1,02/03/2026 02:31 PM,2026-02-02 14:15:00,02/02/2026 02:20 PM,Student reported a hit and run vehicle crash,HUB ROBESON CULTURAL CENTER,2026-02-18 21:43:32,2026-02-02,2026,2,February,14,Monday,False,Afternoon
424,26UP00561,1,02/03/2026 02:12 PM,2026-01-28 08:12:00,02/03/2026 02:52 PM,Employee reported unauthorized/fraudulent activity on a University account,HUB ROBESON CULTURAL CENTER,2026-02-18 21:43:32,2026-01-28,2026,1,January,8,Wednesday,False,Morning
425,PSHI-2026-02-I-133374,2,02/03/2026 02:03 PM,2026-02-03 12:31:00,,Vehicle incident.,Hershey - Dispatched To: HMC - Parking Lot - Lot G > HMC - Parking Lot - Lot G,2026-02-18 21:43:32,2026-02-03,2026,2,February,12,Tuesday,False,Afternoon
426,PSHI-2026-02-I-133373,2,02/03/2026 02:01 PM,2026-02-03 13:45:00,,Assisted clinical staff with a patient stand-by.,Hershey - Dispatched To: HMC - Emergency Department > HMC - Emergency Department,2026-02-18 21:43:32,2026-02-03,2026,2,February,13,Tuesday,False,Afternoon
427,26AL00055,3,02/03/2026 01:27 PM,2026-02-03 13:27:00,02/03/2026 02:00 PM,Employee reported an alarm activation,CEDAR HALL,2026-02-18 21:43:32,2026-02-03,2026,2,February,13,Tuesday,False,Afternoon
428,26UP00557,1,02/03/2026 01:06 PM,2026-01-29 14:49:00,,Assisted an employee with an administrative matter,UNIVERSITY SUPPORT BLDG I,2026-02-18 21:43:32,2026-01-29,2026,1,January,14,Thursday,False,Afternoon
429,26UP00555,1,02/03/2026 12:17 PM,2026-02-02 04:00:00,02/03/2026 12:42 PM,Employee reported being harassed,MUELLER LAB,2026-02-18 21:43:32,2026-02-02,2026,2,February,4,Monday,False,Late Night
430,26UP00556,1,02/03/2026 12:11 PM,2026-02-03 12:11:00,02/03/2026 01:08 PM,Visitor reported a University policy violation,WILLARD BLDG,2026-02-18 21:43:32,2026-02-03,2026,2,February,12,Tuesday,False,Afternoon
431,PSHI-2026-02-I-133367,2,02/03/2026 12:05 PM,2026-02-03 12:04:00,,Dismissal letter.,Hershey - Reported Location: HMC Off-Site - PSMG - Cocoa Outpatient Center - PSMG,2026-02-18 21:43:32,2026-02-03,2026,2,February,12,Tuesday,False,Afternoon
432,26GV00001,12,02/03/2026 11:49 AM,2026-01-29 00:00:00,,Visitor observed urinating in public,GREAT VALLEY GRADUATE CENTER,2026-02-18 21:43:32,2026-01-29,2026,1,January,0,Thursday,False,Late Night
433,PSHI-2026-02-I-133366,2,02/03/2026 11:32 AM,2026-02-03 11:04:00,,Assisted clinical staff with an agitated patient.,Hershey - Dispatched To: HMC - Main Hospital - 6 - MIMCU > HMC - Main Hospital - 6 - MIMCU,2026-02-18 21:43:32,2026-02-03,2026,2,February,11,Tuesday,False,Morning
434,26AL00054,3,02/03/2026 11:09 AM,2026-02-03 11:09:00,02/03/2026 12:16 PM,Student reported a hit and run vehicle crash,IVY LOT - GIV - ALTOONA,2026-02-18 21:43:32,2026-02-03,2026,2,February,11,Tuesday,False,Morning
435,26SL00012,19,02/03/2026 10:53 AM,2026-02-03 10:53:00,02/03/2026 11:20 AM,Assisted an outside law enforcement agency with an investigation,W MAIN ST,2026-02-18 21:43:32,2026-02-03,2026,2,February,10,Tuesday,False,Morning
436,26UP00552,1,02/03/2026 09:11 AM,2026-02-02 20:00:00,02/02/2026 09:00 PM,Student requested assistance with an administrative matter,WARTIK LAB,2026-02-18 21:43:32,2026-02-02,2026,2,February,20,Monday,False,Evening
437,PSHI-2026-02-I-133362,2,02/03/2026 09:02 AM,2026-02-03 08:45:00,,Assisted clinical staff with an agitated patient.,Hershey - Dispatched To: HMC - Emergency Department > HMC - Emergency Department,2026-02-18 21:43:32,2026-02-03,2026,2,February,8,Tuesday,False,Morning
438,26AL00053,3,02/03/2026 07:51 AM,2026-02-03 07:51:00,02/03/2026 09:28 AM,Assisted an outside law enforcement agency with an investigation,N 7TH AVE,2026-02-18 21:43:32,2026-02-03,2026,2,February,7,Tuesday,False,Morning
439,PSHI-2026-02-I-133357,2,02/03/2026 05:49 AM,1945-09-02 17:38:00,,Assisted clinical staff with an agitated patient.,Hershey - Dispatched To: HMC - Main Hospital - 4 - Neuro > HMC - Main Hospital - 4 - Neuro,2026-02-18 21:43:32,1945-09-02,1945,9,September,17,Sunday,True,Evening
440,26AB00040,2,02/03/2026 03:50 AM,2026-02-03 03:40:00,02/03/2026 03:45 AM,Employee reported a fire alarm activation,LIONS GATE AT PENN STATE ABINGTON,2026-02-18 21:43:32,2026-02-03,2026,2,February,3,Tuesday,False,Late Night
441,26UP00550,1,02/03/2026 01:51 AM,2026-02-03 01:51:00,02/03/2026 02:45 AM,Underage students observed highly intoxicated,MARTIN HALL,2026-02-18 21:43:32,2026-02-03,2026,2,February,1,Tuesday,False,Late Night
442,26UP00546,1,02/02/2026 11:31 PM,2026-02-02 23:31:00,02/02/2026 11:53 PM,Student observed highly intoxicated and transported to the hospital,BEAVER HALL,2026-02-18 21:43:32,2026-02-02,2026,2,February,23,Monday,False,Late Night
443,PSHI-2026-02-I-133352,2,02/02/2026 10:28 PM,2026-02-02 18:54:00,,Team deescalation plan for agitated patient.,Hershey - Dispatched To: HMC - Main Hospital - 6 - MIMCU > HMC - Main Hospital - 6 - MIMCU,2026-02-18 21:43:32,2026-02-02,2026,2,February,18,Monday,False,Evening
444,26UP00539,1,02/02/2026 10:03 PM,2026-02-02 21:20:00,02/02/2026 10:20 PM,Student requested assistance with a civil matter,NITTANY APT,2026-02-18 21:43:32,2026-02-02,2026,2,February,21,Monday,False,Evening
445,PSHI-2026-02-I-133348,2,02/02/2026 10:02 PM,2026-02-02 18:17:00,,Assisted clinical staff with an agitated visitor and patient.,Hershey - Dispatched To: HMC - Main Hospital > HMC - Main Hospital,2026-02-18 21:43:32,2026-02-02,2026,2,February,18,Monday,False,Evening
446,PSHI-2026-02-I-133345,2,02/02/2026 08:23 PM,2026-02-02 20:00:00,,Assisted clinical staff with an agitated patient.,Hershey - Dispatched To: HMC - Emergency Department > HMC - Emergency Department,2026-02-18 21:43:32,2026-02-02,2026,2,February,20,Monday,False,Evening
447,26AL00052,3,02/02/2026 08:06 PM,2026-02-02 20:06:00,02/02/2026 08:23 PM,Employee reported an alarm activation,KAZMAIER FAMILY BLDG,2026-02-18 21:43:32,2026-02-02,2026,2,February,20,Monday,False,Evening
448,26UP00537,1,02/02/2026 07:53 PM,2026-02-01 10:45:00,02/01/2026 11:48 AM,Visitor reported disorderly persons,PEGULA ICE ARENA,2026-02-18 21:43:32,2026-02-01,2026,2,February,10,Sunday,True,Morning
449,26UP00536,1,02/02/2026 06:38 PM,2026-02-02 17:30:00,02/02/2026 06:30 PM,Student reported being harassed,INTRAMURAL BLDG,2026-02-18 21:43:32,2026-02-02,2026,2,February,17,Monday,False,Evening
450,26UP00535,1,02/02/2026 06:08 PM,2026-02-02 18:08:00,02/02/2026 06:29 PM,Assisted the fire department with a reported fire alarm activation,BEAVER STADIUM,2026-02-18 21:43:32,2026-02-02,2026,2,February,18,Monday,False,Evening
452,PSHI-2026-02-I-133342,2,02/02/2026 05:28 PM,2026-02-02 11:20:00,,Property related matter.,Hershey - Dispatched To: HMC - Parking Lot - Lot H > HMC - Parking Lot - Lot H,2026-02-18 21:43:32,2026-02-02,2026,2,February,11,Monday,False,Morning
453,PSHI-2026-02-I-133341,2,02/02/2026 05:28 PM,2026-02-03 11:00:00,,Assisted law enforcement with access to a patient.,Hershey - Dispatched To: HMC - Emergency Department > HMC - Emergency Department,2026-02-18 21:43:32,2026-02-03,2026,2,February,11,Tuesday,False,Morning
454,PSHI-2026-02-I-133343,2,02/02/2026 05:28 PM,2026-02-02 16:51:00,,Assisted clinical staff with an agitated patient.,Hershey - Dispatched To: HMC - Emergency Department > HMC - Emergency Department,2026-02-18 21:43:32,2026-02-02,2026,2,February,16,Monday,False,Afternoon
455,PSHI-2026-02-I-133340,2,02/02/2026 04:48 PM,2026-02-02 15:20:00,,Assisted clinical staff with a visitor issue.,Hershey - Dispatched To: HMC - Main Hospital - 2 - South PACU > HMC - Main Hospital - 2 - South PACU,2026-02-18 21:43:32,2026-02-02,2026,2,February,15,Monday,False,Afternoon
456,26UP00533,1,02/02/2026 04:42 PM,2026-02-02 16:42:00,02/02/2026 04:45 PM,Assisted an outside law enforcement agency with an investigation,EARLYSTOWN RD,2026-02-18 21:43:32,2026-02-02,2026,2,February,16,Monday,False,Afternoon
457,PSHI-2026-02-I-133338,2,02/02/2026 03:15 PM,2026-02-02 14:20:00,,Assisted clinical staff with an agitated visitor issue.,Hershey - Dispatched To: HMC - UPC-2 - 3 - Surgery Specialties > HMC - UPC-2 - 3 - Surgery Specialties,2026-02-18 21:43:32,2026-02-02,2026,2,February,14,Monday,False,Afternoon
458,26UP00532,1,02/02/2026 02:52 PM,2022-09-02 14:52:00,05/02/2023 02:52 PM,Assisted an outside law enforcement agency with an investigation,UNIVERSITY SUPPORT BLDG I,2026-02-18 21:43:32,2022-09-02,2022,9,September,14,Friday,False,Afternoon
459,26SL00011,19,02/02/2026 12:30 PM,2026-02-02 12:30:00,02/02/2026 12:40 PM,Employee reported a parking concern,CLASSROOM BUILDING PARKING LOT - SCHUYLKILL,2026-02-18 21:43:32,2026-02-02,2026,2,February,12,Monday,False,Afternoon
460,26UP00531,1,02/02/2026 12:10 PM,2026-01-29 08:00:00,01/29/2026 11:09 AM,Student reported the loss or theft of their unsecured personal property,HOSLER BLDG,2026-02-18 21:43:32,2026-01-29,2026,1,January,8,Thursday,False,Morning
461,26HB00045,13,02/02/2026 11:46 AM,2025-08-18 00:00:00,02/02/2026 10:34 AM,Employee reported a concern for another student,STUDENT ENRICHMENT CENTER,2026-02-18 21:43:32,2025-08-18,2025,8,August,0,Monday,False,Late Night
462,26UP00530,1,02/02/2026 10:04 AM,2026-01-31 19:30:00,01/31/2026 08:19 PM,Student reported a suspicious odor,BEAVER HALL,2026-02-18 21:43:32,2026-01-31,2026,1,January,19,Saturday,True,Evening
463,PSHI-2026-02-I-133335,2,02/02/2026 09:57 AM,2026-01-30 09:42:00,,Property related matter (damage).,Hershey - Reported Location: HMC - Parking Lot - Lot M1,2026-02-18 21:43:32,2026-01-30,2026,1,January,9,Friday,False,Morning
464,PSHI-2026-02-I-133334,2,02/02/2026 09:37 AM,2026-01-13 14:33:00,,Visitor fall at Lime Spring Specialties Clinic.,"Hershey - Reported Location: HMC Off-Site - PSMG - Lime Spring Adult Specialties, Noll Drive Lancaster - PSMG",2026-02-18 21:43:32,2026-01-13,2026,1,January,14,Tuesday,False,Afternoon
465,PSHI-2026-02-I-133333,2,02/02/2026 09:31 AM,2026-02-02 08:37:00,,Assisted clinical staff with an agitated patient.,Hershey - Dispatched To: HMC - Emergency Department > HMC - Emergency Department,2026-02-18 21:43:32,2026-02-02,2026,2,February,8,Monday,False,Morning
466,PSHI-2026-02-I-133332,2,02/02/2026 09:23 AM,2026-02-02 06:35:00,,Assisted clinical staff with a visitor issue.,Hershey - Dispatched To: HMC - Main Hospital - 7 - PSCI > HMC - Main Hospital - 7 - PSCI,2026-02-18 21:43:32,2026-02-02,2026,2,February,6,Monday,False,Morning
467,PSHI-2026-02-I-133331,2,02/02/2026 09:23 AM,2026-02-06 07:48:00,,Assisted clinical staff with agitated patient.,Hershey - Dispatched To: HMC - Main Hospital - 6 - Acute Care > HMC - Main Hospital - 6 - Acute Care,2026-02-18 21:43:32,2026-02-06,2026,2,February,7,Friday,False,Morning
468,26AB00039,2,02/02/2026 09:21 AM,2026-02-02 09:21:00,02/02/2026 09:49 AM,Employee reported a concern for a student,WOODLAND BUILDING,2026-02-18 21:43:32,2026-02-02,2026,2,February,9,Monday,False,Morning
469,26SL00010,19,02/02/2026 08:40 AM,2026-02-02 08:40:00,02/02/2026 08:46 AM,Assisted the ambulance with a medical emergency,NITTANY APARTMENTS V,2026-02-18 21:43:32,2026-02-02,2026,2,February,8,Monday,False,Morning
470,26UP00528,1,02/02/2026 08:14 AM,2026-02-02 08:00:00,,Employee reported a traffic complaint,EAST PARKING DECK,2026-02-18 21:43:32,2026-02-02,2026,2,February,8,Monday,False,Morning
471,26UP00529,1,02/02/2026 08:01 AM,2026-02-02 08:01:00,02/02/2026 08:30 AM,Visitor reported a concern for a student,BEAVER HALL,2026-02-18 21:43:32,2026-02-02,2026,2,February,8,Monday,False,Morning
472,PSHI-2026-02-I-133326,2,02/02/2026 03:44 AM,2026-02-02 00:41:00,,Visitor mismatch to the sex offender registry.,Hershey - Dispatched To: HMC - Children's Hospital > HMC - Children's Hospital,2026-02-18 21:43:32,2026-02-02,2026,2,February,0,Monday,False,Late Night
474,PSHI-2026-02-I-133324,2,02/02/2026 01:09 AM,2026-02-01 06:22:00,,Patient left clinical treatment prior to discharge. Assisted clinical staff with an agitated patient.,Hershey - Dispatched To: HMC - Emergency Department > HMC - Emergency Department,2026-02-18 21:43:32,2026-02-01,2026,2,February,6,Sunday,True,Morning
475,PSHI-2026-02-I-133322,2,02/02/2026 12:07 AM,2026-02-01 19:40:00,,Vehicle incident involving property damage.,Hershey - Dispatched To: HMC - Centerview Drive Roadway > HMC - Centerview Drive Roadway,2026-02-18 21:43:32,2026-02-01,2026,2,February,19,Sunday,True,Evening
476,26HB00038,13,02/02/2026 12:02 AM,2026-02-02 00:00:00,02/02/2026 12:37 AM,Employee requested assistance with a civil matter,MAHANOY HOUSE,2026-02-18 21:43:32,2026-02-02,2026,2,February,0,Monday,False,Late Night
477,26UP00525,1,02/01/2026 11:28 PM,2026-02-01 20:35:00,02/01/2026 09:00 PM,Student reported the theft of their unattended personal property,STEPHENS HALL,2026-02-18 21:43:32,2026-02-01,2026,2,February,20,Sunday,True,Evening
478,PSHI-2026-02-I-133319,2,02/01/2026 11:03 PM,2026-02-01 21:34:00,,Assisted clinical staff with agitated patient.,Hershey - Dispatched To: HMC - Emergency Department > HMC - Emergency Department,2026-02-18 21:43:32,2026-02-01,2026,2,February,21,Sunday,True,Evening
480,26UP00524,1,02/01/2026 09:25 PM,2026-02-01 20:58:00,,Student reported a two vehicle crash with no injuries,LOT 83 (B) LOT,2026-02-18 21:43:32,2026-02-01,2026,2,February,20,Sunday,True,Evening
481,26UP00518,1,02/01/2026 05:56 PM,2026-01-30 15:45:00,01/30/2026 04:45 PM,Student requested assistance with a personal matter,POLLOCK HALL,2026-02-18 21:43:32,2026-01-30,2026,1,January,15,Friday,False,Afternoon
482,26HB00037,13,02/01/2026 05:25 PM,2025-12-18 15:30:00,02/01/2026 06:00 PM,Students reported being harassed,JUNIATA HOUSE,2026-02-18 21:43:32,2025-12-18,2025,12,December,15,Thursday,False,Afternoon
483,26BW00018,7,02/01/2026 05:02 PM,2026-02-01 17:02:00,02/01/2026 05:11 PM,Assisted the ambulance with a medical emergency,COMMONS & ATHLETIC CENTER,2026-02-18 21:43:32,2026-02-01,2026,2,February,17,Sunday,True,Evening
484,PSHI-2026-02-I-133309,2,02/01/2026 04:22 PM,2026-02-01 16:02:00,,Assisted patient with property related issue.,Hershey - Dispatched To: HMC - Main Hospital > HMC - Main Hospital,2026-02-18 21:43:32,2026-02-01,2026,2,February,16,Sunday,True,Afternoon
485,PSHI-2026-02-I-133306,2,02/01/2026 03:47 PM,2026-02-01 15:16:00,,Assisted patient with property related matter.,Hershey - Dispatched To: HMC - Main Hospital > HMC - Main Hospital,2026-02-18 21:43:32,2026-02-01,2026,2,February,15,Sunday,True,Afternoon
486,PSHI-2026-02-I-133305,2,02/01/2026 03:16 PM,2026-02-01 14:55:00,,Assisted administrative staff with safekeeping of items.,Hershey - Dispatched To: HMC - Main Hospital - 1 - Cashier's Office > HMC - Main Hospital - 1 - Cashier's Office,2026-02-18 21:43:32,2026-02-01,2026,2,February,14,Sunday,True,Afternoon
487,PSHI-2026-02-I-133304,2,02/01/2026 02:53 PM,2026-02-01 14:48:00,,Safekeeping of visitor firearm.,Hershey - Dispatched To: HMC - Main Hospital - 1 - Security Operations Center > HMC - Main Hospital - 1 - Security Operations Center,2026-02-18 21:43:32,2026-02-01,2026,2,February,14,Sunday,True,Afternoon
488,PSHI-2026-02-I-133303,2,02/01/2026 02:29 PM,2026-02-01 14:19:00,,Former patient harassed team via phone.,Hershey - Dispatched To: HMC - Main Hospital - 1 - Security Operations Center > HMC - Main Hospital - 1 - Security Operations Center,2026-02-18 21:43:32,2026-02-01,2026,2,February,14,Sunday,True,Afternoon
489,26UP00516,1,02/01/2026 02:19 PM,2026-02-01 14:19:00,02/01/2026 03:28 PM,Visitor requested the assistance in locating a student,THOMPSON HALL,2026-02-18 21:43:32,2026-02-01,2026,2,February,14,Sunday,True,Afternoon
490,26UP00515,1,02/01/2026 02:03 PM,2026-01-28 00:00:00,01/30/2026 11:59 PM,Student reported damage to their privately owned vehicle,WEST DECK,2026-02-18 21:43:32,2026-01-28,2026,1,January,0,Wednesday,False,Late Night
491,26UP00514,1,02/01/2026 01:41 PM,2026-02-01 13:41:00,02/01/2026 02:15 PM,Student requested assistance with a personal matter,WARING HALL,2026-02-18 21:43:32,2026-02-01,2026,2,February,13,Sunday,True,Afternoon
492,26UP00513,1,02/01/2026 01:39 PM,2025-10-01 00:00:00,02/01/2026 01:39 PM,Student reported a suspicious person,ATHERTON HALL,2026-02-18 21:43:32,2025-10-01,2025,10,October,0,Wednesday,False,Late Night
493,26AB00038,2,02/01/2026 01:14 PM,2026-02-01 13:14:00,02/01/2026 01:32 PM,Employee reported a fire alarm activation,LIONS GATE AT PENN STATE ABINGTON,2026-02-18 21:43:32,2026-02-01,2026,2,February,13,Sunday,True,Afternoon
494,26UP00512,1,02/01/2026 12:40 PM,2026-02-01 12:40:00,02/01/2026 03:50 PM,Student reported a concern for another student,NELSON HALL,2026-02-18 21:43:32,2026-02-01,2026,2,February,12,Sunday,True,Afternoon
495,PSHI-2026-02-I-133299,2,02/01/2026 12:14 PM,2026-02-01 11:15:00,,Patient punched nurse.,Hershey - Dispatched To: HMC - Main Hospital > HMC - Main Hospital,2026-02-18 21:43:32,2026-02-01,2026,2,February,11,Sunday,True,Morning
496,26AB00037,2,02/01/2026 10:55 AM,2026-02-01 10:55:00,02/01/2026 11:12 AM,Employee reported a fire alarm activation,LIONS GATE AT PENN STATE ABINGTON,2026-02-18 21:43:32,2026-02-01,2026,2,February,10,Sunday,True,Morning
497,PSHI-2026-02-I-133297,2,02/01/2026 10:28 AM,2026-02-01 10:16:00,,Assisted patient with property related matter.,Hershey - Dispatched To: HMC - Main Hospital - 1 - Cashier's Office > HMC - Main Hospital - 1 - Cashier's Office,2026-02-18 21:43:32,2026-02-01,2026,2,February,10,Sunday,True,Morning
498,PSHI-2026-02-I-133295,2,02/01/2026 09:16 AM,2026-02-01 06:49:00,,Assisted visitor with a vandalism complaint.,Hershey - Dispatched To: HMC - Centerview Parking Garage > HMC - Centerview Parking Garage,2026-02-18 21:43:32,2026-02-01,2026,2,February,6,Sunday,True,Morning
499,PSHI-2026-02-I-133294,2,02/01/2026 09:12 AM,2026-02-01 06:34:00,,Visitor medical emergency.,Hershey - Dispatched To: HMC - Main Hospital > HMC - Main Hospital,2026-02-18 21:43:32,2026-02-01,2026,2,February,6,Sunday,True,Morning
500,26AB00036,2,02/01/2026 08:18 AM,2026-02-01 08:18:00,02/01/2026 08:50 AM,Employee reported a fire alarm activation,LARES BUILDING,2026-02-18 21:43:32,2026-02-01,2026,2,February,8,Sunday,True,Morning
501,PSHI-2026-02-I-133287,2,02/01/2026 02:23 AM,2026-02-01 01:49:00,,Assisted law enforcement with access to patient.,Hershey - Dispatched To: HMC - Emergency Department > HMC - Emergency Department,2026-02-18 21:43:32,2026-02-01,2026,2,February,1,Sunday,True,Late Night
502,26UP00506,1,02/01/2026 01:51 AM,2026-02-01 01:51:00,,A vehicle stop investigation revealed the operator to be driving under the influence of alcohol,N ATHERTON ST & W PARK AVE,2026-02-18 21:43:32,2026-02-01,2026,2,February,1,Sunday,True,Late Night
503,26UP00511,1,02/01/2026 01:38 AM,2026-02-01 01:38:00,02/01/2026 02:52 AM,Underage student observed highly intoxicated,MCELWAIN HALL,2026-02-18 21:43:32,2026-02-01,2026,2,February,1,Sunday,True,Late Night
504,PSHI-2026-02-I-133284,2,02/01/2026 12:53 AM,2026-01-31 23:59:00,,Assisted clinical staff with unlock.,Hershey - Dispatched To: HMC - Emergency Department > HMC - Emergency Department,2026-02-18 21:43:32,2026-01-31,2026,1,January,23,Saturday,True,Late Night
505,PSHI-2026-01-I-133282,2,01/31/2026 10:15 PM,2026-01-31 20:52:00,,Assisted clinical staff with agitated caller.,Hershey - Dispatched To: HMC - Main Hospital - 1 - Security Operations Center > HMC - Main Hospital - 1 - Security Operations Center,2026-02-18 21:43:32,2026-01-31,2026,1,January,20,Saturday,True,Evening
506,26ER00041,5,01/31/2026 09:33 PM,2026-01-31 21:33:00,01/31/2026 09:42 PM,Employee reported an alarm activation,METZGAR ADMISSIONS & ALUMNI CTR,2026-02-18 21:43:32,2026-01-31,2026,1,January,21,Saturday,True,Evening
507,PSHI-2026-01-I-133281,2,01/31/2026 08:22 PM,2026-01-31 19:30:00,,Assisted clinical staff with agitated patient.,Hershey - Dispatched To: HMC - Emergency Department > HMC - Emergency Department,2026-02-18 21:43:32,2026-01-31,2026,1,January,19,Saturday,True,Evening
508,26UP00500,1,01/31/2026 06:33 PM,2026-01-31 18:33:00,01/31/2026 07:19 PM,Student reported a two vehicle crash with no injuries,E PARK AVE & AMBASSADOR WAY,2026-02-18 21:43:32,2026-01-31,2026,1,January,18,Saturday,True,Evening
509,26UP00499,1,01/31/2026 05:23 PM,2026-01-31 17:23:00,01/31/2026 05:33 PM,Visitor reported a hit and run vehicle crash,FOOTBALL LOT,2026-02-18 21:43:32,2026-01-31,2026,1,January,17,Saturday,True,Evening
510,26UP00497,1,01/31/2026 04:44 PM,2026-01-31 16:12:00,01/31/2026 04:44 PM,Visitor reported being harassed,BEAVER STADIUM,2026-02-18 21:43:32,2026-01-31,2026,1,January,16,Saturday,True,Afternoon
511,26AL00051,3,01/31/2026 03:43 PM,2026-01-31 07:13:00,01/31/2026 07:24 AM,Student reported being harassed,CEDAR HALL,2026-02-18 21:43:32,2026-01-31,2026,1,January,7,Saturday,True,Morning
512,26ER00040,5,01/31/2026 03:07 PM,2026-01-31 15:07:00,01/31/2026 03:15 PM,Employee reported a fire alarm activation,TRIPPE HALL,2026-02-18 21:43:32,2026-01-31,2026,1,January,15,Saturday,True,Afternoon
513,26AB00035,2,01/31/2026 02:57 PM,2026-01-31 14:57:00,01/31/2026 03:10 PM,Student requested assistance with a personal matter,LIONS GATE AT PENN STATE ABINGTON,2026-02-18 21:43:32,2026-01-31,2026,1,January,14,Saturday,True,Afternoon
514,26UP00496,1,01/31/2026 02:17 PM,2026-01-31 13:54:00,01/31/2026 02:20 PM,Officer observed student engaged in disorderly behavior,BEAVER STADIUM,2026-02-18 21:43:32,2026-01-31,2026,1,January,13,Saturday,True,Afternoon
515,26UP00495,1,01/31/2026 02:10 PM,2026-01-31 14:10:00,01/31/2026 02:40 PM,Underage student observed highly intoxicated and transported to the hospital,HOYT HALL,2026-02-18 21:43:32,2026-01-31,2026,1,January,14,Saturday,True,Afternoon
516,26UP00494,1,01/31/2026 01:58 PM,2026-01-31 13:58:00,01/31/2026 02:24 PM,Student observed highly intoxicated,STADIUM WEST RD,2026-02-18 21:43:32,2026-01-31,2026,1,January,13,Saturday,True,Afternoon
517,26UP00493,1,01/31/2026 01:49 PM,2026-01-31 13:49:00,01/31/2026 02:55 PM,Underage student observed highly intoxicated and transported to the hospital,HOYT HALL,2026-02-18 21:43:32,2026-01-31,2026,1,January,13,Saturday,True,Afternoon
518,26UP00492,1,01/31/2026 01:41 PM,2026-01-31 13:41:00,01/31/2026 01:51 PM,Assisted an outside law enforcement agency with an investigation,BEAVER STADIUM,2026-02-18 21:43:32,2026-01-31,2026,1,January,13,Saturday,True,Afternoon
519,26UP00491,1,01/31/2026 12:42 PM,2026-01-31 12:42:00,01/31/2026 04:00 PM,Assisted an employee with an administrative matter,INTRAMURAL BLDG,2026-02-18 21:43:32,2026-01-31,2026,1,January,12,Saturday,True,Afternoon
520,26UP00490,1,01/31/2026 12:19 PM,2026-01-31 12:17:00,01/31/2026 12:18 PM,Employee  reported a one vehicle crash with no injuries,NITTANY PARKING,2026-02-18 21:43:32,2026-01-31,2026,1,January,12,Saturday,True,Afternoon
521,26UP00489,1,01/31/2026 12:05 PM,2026-01-31 12:05:00,01/31/2026 01:40 PM,Underage student observed highly intoxicated and transportedto the hospital,REDIFER HALL,2026-02-18 21:43:32,2026-01-31,2026,1,January,12,Saturday,True,Afternoon
522,26ER00039,5,01/31/2026 11:32 AM,2026-01-31 11:32:00,01/31/2026 11:45 AM,Employee reported a suspicious item,DOBBINS HALL,2026-02-18 21:43:32,2026-01-31,2026,1,January,11,Saturday,True,Morning
523,PSHI-2026-01-I-133264,2,01/31/2026 10:34 AM,2026-01-31 09:20:00,,Property related matter (damage).,Hershey - Dispatched To: HMC - South Parking Garage > HMC - South Parking Garage,2026-02-18 21:43:32,2026-01-31,2026,1,January,9,Saturday,True,Morning
524,26UP00486,1,01/31/2026 10:08 AM,2026-01-31 08:49:00,,Student reported suspicious activity,UNIVERSITY SUPPORT BLDG I,2026-02-18 21:43:32,2026-01-31,2026,1,January,8,Saturday,True,Morning
526,26UP00487,1,01/31/2026 09:12 AM,2026-01-31 09:12:00,01/31/2026 12:45 PM,Assisted an outside law enforcement agency with an investigation,LOGAN AVE,2026-02-18 21:43:32,2026-01-31,2026,1,January,9,Saturday,True,Morning
527,26ER00038,5,01/31/2026 08:53 AM,2026-01-31 08:53:00,01/31/2026 09:30 AM,Employee reported a parking concern,TIFFANY LOT - ERIE,2026-02-18 21:43:32,2026-01-31,2026,1,January,8,Saturday,True,Morning
528,26UP00484,1,01/31/2026 08:24 AM,2026-01-31 08:24:00,,Citations issued/Charges filed on University property by outside law enforcement agencies,BEAVER STADIUM,2026-02-18 21:43:32,2026-01-31,2026,1,January,8,Saturday,True,Morning
529,PSHI-2026-01-I-133261,2,01/31/2026 08:02 AM,2026-01-31 07:45:00,,Assisted switchboard personnel with agitated caller.,Hershey - Dispatched To: HMC - Main Hospital - 1 - Security Operations Center > HMC - Main Hospital - 1 - Security Operations Center,2026-02-18 21:43:32,2026-01-31,2026,1,January,7,Saturday,True,Morning
530,PSHI-2026-01-I-133257,2,01/31/2026 07:01 AM,2026-01-30 17:01:00,,Minor crash on campus.,Hershey - Dispatched To: HMC - UPC-1 > HMC - UPC-1,2026-02-18 21:43:32,2026-01-30,2026,1,January,17,Friday,False,Evening
531,PSHI-2026-01-I-133256,2,01/31/2026 05:59 AM,2026-01-31 05:42:00,,Assisted visitor in locating vehicle.,Hershey -,2026-02-18 21:43:32,2026-01-31,2026,1,January,5,Saturday,True,Morning
532,26UP00483,1,01/31/2026 05:59 AM,2026-01-31 05:59:00,01/31/2026 04:30 PM,The Penn State Bomb Squad provided counter IED support for the Penn State vs Michigan State outdoor ice hockey game,BEAVER STADIUM,2026-02-18 21:43:32,2026-01-31,2026,1,January,5,Saturday,True,Morning
533,26AB00034,2,01/31/2026 05:05 AM,2026-01-31 05:00:00,01/31/2026 05:30 AM,Assisted the ambulance with a medical emergency,LIONS GATE AT PENN STATE ABINGTON,2026-02-18 21:43:32,2026-01-31,2026,1,January,5,Saturday,True,Morning
534,26UP00482,1,01/31/2026 01:36 AM,2026-01-31 01:36:00,,A vehicle stop investigation revealed the operator to be driving under the influence of alcohol,N BURROWES RD,2026-02-18 21:43:32,2026-01-31,2026,1,January,1,Saturday,True,Late Night
535,26AB00033,2,01/31/2026 01:20 AM,2026-01-31 01:15:00,01/31/2026 01:40 AM,Employee reported a fire alarm activation,LIONS GATE AT PENN STATE ABINGTON,2026-02-18 21:43:32,2026-01-31,2026,1,January,1,Saturday,True,Late Night
537,PSHI-2026-01-I-133251,2,01/31/2026 01:13 AM,2026-01-30 19:25:00,,Assisted clinical staff with agitated visitor.,Hershey - Dispatched To: HMC - Main Hospital > HMC - Main Hospital,2026-02-18 21:43:32,2026-01-30,2026,1,January,19,Friday,False,Evening
538,PSHI-2026-01-I-133249,2,01/31/2026 12:46 AM,2026-01-30 18:35:00,,Assisted clinical staff with lost/misplaced personal items.,Hershey - Dispatched To: HMC - Main Hospital - 4 - Ortho > HMC - Main Hospital - 4 - Ortho,2026-02-18 21:43:32,2026-01-30,2026,1,January,18,Friday,False,Evening
539,26UP00480,1,01/31/2026 12:46 AM,2026-01-30 22:30:00,01/31/2026 11:56 PM,Student reported being harassed,EARLE HALL,2026-02-18 21:43:32,2026-01-30,2026,1,January,22,Friday,False,Late Night
540,PSHI-2026-01-I-133248,2,01/31/2026 12:11 AM,2026-01-30 08:52:00,,Investigated possible housing policy violation.,Hershey - Dispatched To: COM - University Manor East > COM - University Manor East,2026-02-18 21:43:32,2026-01-30,2026,1,January,8,Friday,False,Morning
541,26UP00474,1,01/30/2026 06:39 PM,2026-01-30 18:00:00,01/30/2026 07:33 PM,Officer conducted a security inspection,BEAVER STADIUM,2026-02-18 21:43:32,2026-01-30,2026,1,January,18,Friday,False,Evening
542,26UP00475,1,01/30/2026 05:25 PM,2026-01-30 17:25:00,01/30/2026 07:01 PM,Received this department's copy of a Protection From Abuse (PFA) order,UNIVERSITY SUPPORT BLDG I,2026-02-18 21:43:32,2026-01-30,2026,1,January,17,Friday,False,Evening
544,26UP00470,1,01/30/2026 03:18 PM,2026-01-30 15:18:00,01/30/2026 04:00 PM,Assisted a student with a personal matter,STUDENT HEALTH CENTER,2026-02-18 21:43:32,2026-01-30,2026,1,January,15,Friday,False,Afternoon
545,26AL00050,3,01/30/2026 02:51 PM,2026-01-25 22:00:00,,Employee reported damage to University property,OAK HALL,2026-02-18 21:43:32,2026-01-25,2026,1,January,22,Sunday,True,Late Night
546,26UP00469,1,01/30/2026 01:14 PM,2026-01-30 13:14:00,01/30/2026 02:43 PM,Student requested assistance with a personal matter,YOUNG HALL,2026-02-18 21:43:32,2026-01-30,2026,1,January,13,Friday,False,Afternoon
547,26UP00467,1,01/30/2026 01:12 PM,2026-01-30 13:12:00,01/30/2026 01:24 PM,Assisted the ambulance with a medical emergency,INNOVATION BLVD,2026-02-18 21:43:32,2026-01-30,2026,1,January,13,Friday,False,Afternoon
548,26UP00468,1,01/30/2026 12:51 PM,2026-01-30 12:51:00,01/30/2026 01:30 PM,Student requested assistance in locating another student,SIMMONS HALL,2026-02-18 21:43:32,2026-01-30,2026,1,January,12,Friday,False,Afternoon
549,26HB00035,13,01/30/2026 12:07 PM,2025-12-13 00:00:00,12/13/2025 11:59 PM,Employee reported a concern for another student,WOODLAND APPARTMENTS,2026-02-18 21:43:32,2025-12-13,2025,12,December,0,Saturday,True,Late Night
550,PSHI-2026-01-I-133225,2,01/30/2026 12:05 PM,2026-01-30 11:34:00,,Property related matter (damaged door).,Hershey - Dispatched To: HMC - UPC-1 > HMC - UPC-1,2026-02-18 21:43:32,2026-01-30,2026,1,January,11,Friday,False,Morning
551,26AB00032,2,01/30/2026 11:48 AM,2026-01-29 20:00:00,01/30/2026 08:00 AM,Student reported being harassed,LIONS GATE NORTH PARKING LOT - ABINGTON,2026-02-18 21:43:32,2026-01-29,2026,1,January,20,Thursday,False,Evening
552,26BW00016,7,01/30/2026 10:28 AM,2026-01-30 10:27:00,01/30/2026 10:38 AM,Student reported a fire alarm activation,ORCHARD HALL,2026-02-18 21:43:32,2026-01-30,2026,1,January,10,Friday,False,Morning
553,PSHI-2026-01-I-133212,2,01/30/2026 08:44 AM,2026-01-30 08:36:00,,Visitor mismatch to the sex offender registry.,Hershey - Dispatched To: HMC - Main Hospital - 1 - Security Operations Center > HMC - Main Hospital - 1 - Security Operations Center,2026-02-18 21:43:32,2026-01-30,2026,1,January,8,Friday,False,Morning
554,PSHI-2026-01-I-133210,2,01/30/2026 07:40 AM,2026-01-16 07:38:00,,Theft of supplies.,Hershey - Reported Location: HMC - Main Hospital - 6,2026-02-18 21:43:32,2026-01-16,2026,1,January,7,Friday,False,Morning
555,26BW00015,7,01/30/2026 07:19 AM,2026-01-30 07:19:00,01/30/2026 07:24 AM,Employee reported a burglar alarm activation,MAINTENANCE BUILDING OLD,2026-02-18 21:43:32,2026-01-30,2026,1,January,7,Friday,False,Morning
556,26GA00001,11,01/30/2026 04:32 AM,2026-01-30 04:32:00,01/30/2026 04:48 AM,Employee reported a fire alarm activation,RESIDENCE HALL,2026-02-18 21:43:32,2026-01-30,2026,1,January,4,Friday,False,Late Night
557,26UP00464,1,01/30/2026 02:52 AM,2026-01-30 02:45:00,01/30/2026 03:00 AM,Underage student observed highly intoxicated and transported to the hospital,REDIFER HALL,2026-02-18 21:43:32,2026-01-30,2026,1,January,2,Friday,False,Late Night
558,PSHI-2026-01-I-133203,2,01/30/2026 02:48 AM,2026-01-30 01:10:00,,Notification of burglar alarm by alarm company.,Hershey - Dispatched To: HMC Off-Site - PSMG - Mount Joy - PSMG > HMC Off-Site - PSMG - Mount Joy - PSMG,2026-02-18 21:43:32,2026-01-30,2026,1,January,1,Friday,False,Late Night
559,PSHI-2026-01-I-133202,2,01/30/2026 02:02 AM,2026-01-30 01:39:00,,Assisted clinical staff with agitated patient.,Hershey - Dispatched To: HMC - Main Hospital - 5 - Acute Care > HMC - Main Hospital - 5 - Acute Care,2026-02-18 21:43:32,2026-01-30,2026,1,January,1,Friday,False,Late Night
560,PSHI-2026-01-I-133201,2,01/30/2026 12:45 AM,2026-01-29 22:16:00,,Assisted clinical staff with an agitated visitor.,Hershey - Dispatched To: HMC - Main Hospital - 4 - Acute Care > HMC - Main Hospital - 4 - Acute Care,2026-02-18 21:43:32,2026-01-29,2026,1,January,22,Thursday,False,Late Night
561,PSHI-2026-01-I-133200,2,01/30/2026 12:14 AM,2026-01-29 22:53:00,,Assisted clinical staff with an agitated patient.,Hershey - Dispatched To: HMC - Main Hospital - 6 - Acute Care > HMC - Main Hospital - 6 - Acute Care,2026-02-18 21:43:32,2026-01-29,2026,1,January,22,Thursday,False,Late Night
562,PSHI-2026-01-I-133198,2,01/29/2026 11:35 PM,2026-01-29 22:05:00,,Assisted clinical staff with an agitated patient.,Hershey - Dispatched To: HMC - Main Hospital > HMC - Main Hospital,2026-02-18 21:43:32,2026-01-29,2026,1,January,22,Thursday,False,Late Night
563,26UP00452,1,01/29/2026 09:16 PM,2026-01-29 21:16:00,01/29/2026 09:26 PM,Student found in possession of counterfeit identification card,N ATHERTON ST (RAILROAD AVE - WHITE COURSE DR),2026-02-18 21:43:32,2026-01-29,2026,1,January,21,Thursday,False,Evening
564,PSHI-2026-01-I-133194,2,01/29/2026 08:59 PM,2026-01-29 20:37:00,,Assisted law enforcement with an escort.,Hershey - Dispatched To: HMC - Emergency Department > HMC - Emergency Department,2026-02-18 21:43:32,2026-01-29,2026,1,January,20,Thursday,False,Evening
565,PSHI-2026-01-I-133193,2,01/29/2026 08:55 PM,2026-01-29 20:14:00,,Assisted clinical staff with an agitated patient.,Hershey - Dispatched To: HMC - Main Hospital - 6 - Acute Care > HMC - Main Hospital - 6 - Acute Care,2026-02-18 21:43:32,2026-01-29,2026,1,January,20,Thursday,False,Evening
566,26UP00451,1,01/29/2026 08:55 PM,2026-01-29 17:00:00,01/29/2026 08:55 PM,Assisted an outside law enforcement agency with an investigation,BRYCE JORDAN CENTER,2026-02-18 21:43:32,2026-01-29,2026,1,January,17,Thursday,False,Evening
567,26UP00450,1,01/29/2026 08:26 PM,2026-01-29 20:16:00,01/29/2026 08:27 PM,Employee reported abandoned property,OSMOND LAB,2026-02-18 21:43:32,2026-01-29,2026,1,January,20,Thursday,False,Evening
568,PSHI-2026-01-I-133192,2,01/29/2026 07:32 PM,2026-01-29 18:34:00,,Patient harassed staff member.,Hershey - Dispatched To: HMC - 30 Hope Drive - 1 - Radiology East > HMC - 30 Hope Drive - 1 - Radiology East,2026-02-18 21:43:32,2026-01-29,2026,1,January,18,Thursday,False,Evening
569,26UP00449,1,01/29/2026 06:50 PM,2026-01-29 18:50:00,01/29/2026 07:53 PM,Employee reported a two vehicle crash with no injuries,DAUER DR & UNIVERSITY DR,2026-02-18 21:43:32,2026-01-29,2026,1,January,18,Thursday,False,Evening
570,26UP00448,1,01/29/2026 06:31 PM,2026-01-29 18:31:00,01/29/2026 06:51 PM,Visitor reported a two vehicle crash with no injuries,FOOTBALL SHIELDS ADA LOT,2026-02-18 21:43:32,2026-01-29,2026,1,January,18,Thursday,False,Evening
571,26UP00447,1,01/29/2026 06:16 PM,2026-01-29 18:00:00,01/29/2026 06:16 PM,Visitor reported accidental damage to personal property,COMMUTER JORDAN SOUTH LOT,2026-02-18 21:43:32,2026-01-29,2026,1,January,18,Thursday,False,Evening
572,PSHI-2026-01-I-133191,2,01/29/2026 05:28 PM,2026-01-29 16:03:00,,Assisted clinical staff with an agitated patient.,Hershey - Dispatched To: HMC - Main Hospital - 6 - Medicine > HMC - Main Hospital - 6 - Medicine,2026-02-18 21:43:32,2026-01-29,2026,1,January,16,Thursday,False,Afternoon
573,PSHI-2026-01-I-133190,2,01/29/2026 05:25 PM,2026-01-29 15:33:00,,Assisted clinical staff with agitated patient.,Hershey - Dispatched To: HMC - Main Hospital - G - Radiology > HMC - Main Hospital - G - Radiology,2026-02-18 21:43:32,2026-01-29,2026,1,January,15,Thursday,False,Afternoon
574,PSHI-2026-01-I-133187,2,01/29/2026 03:38 PM,2026-01-29 15:18:00,,Assisted visitor with a slip/fall.,Hershey - Dispatched To: HMC - Main Hospital > HMC - Main Hospital,2026-02-18 21:43:32,2026-01-29,2026,1,January,15,Thursday,False,Afternoon
576,26AL00049,3,01/29/2026 01:08 PM,2026-01-29 13:08:00,01/29/2026 01:31 PM,Visitor reported a fire alarm activation,PENN BLDG,2026-02-18 21:43:32,2026-01-29,2026,1,January,13,Thursday,False,Afternoon
577,26BK00021,4,01/29/2026 12:42 PM,2026-01-29 12:42:00,01/29/2026 01:11 PM,Visitor reported a parking concern,FACULTY STAFF VISITOR LOT B1 - BERKS,2026-02-18 21:43:32,2026-01-29,2026,1,January,12,Thursday,False,Afternoon
578,26UP00443,1,01/29/2026 12:21 PM,2026-01-29 12:21:00,01/29/2026 01:27 PM,Officer conducted a security inspection,BRYCE JORDAN CENTER,2026-02-18 21:43:32,2026-01-29,2026,1,January,12,Thursday,False,Afternoon
579,26UP00442,1,01/29/2026 12:06 PM,2026-01-29 12:06:00,01/29/2026 01:05 PM,Assisted an outside law enforcement agency with an investigation,UNIVERSITY SUPPORT BLDG I,2026-02-18 21:43:32,2026-01-29,2026,1,January,12,Thursday,False,Afternoon
580,26UP00441,1,01/29/2026 11:56 AM,2024-06-01 02:56:00,06/13/2024 11:00 PM,Assisted an employee with an administrative matter,SCIENCE PARK RD,2026-02-18 21:43:32,2024-06-01,2024,6,June,2,Saturday,True,Late Night
581,26BK00020,4,01/29/2026 09:50 AM,2026-01-29 09:50:00,,Employee reported a parking concern,RESIDENCE HALL LOT R1 - BERKS,2026-02-18 21:43:32,2026-01-29,2026,1,January,9,Thursday,False,Morning
582,PSHI-2026-01-I-133181,2,01/29/2026 09:35 AM,2026-01-29 09:00:00,,Minor crash on campus.,Hershey - Dispatched To: HMC - 30 Hope Drive > HMC - 30 Hope Drive,2026-02-18 21:43:32,2026-01-29,2026,1,January,9,Thursday,False,Morning
583,26ER00037,5,01/29/2026 09:29 AM,2026-01-29 09:27:00,01/29/2026 09:40 AM,Employee reported a fire alarm activation,TRIPPE HALL,2026-02-18 21:43:32,2026-01-29,2026,1,January,9,Thursday,False,Morning
584,26UP00439,1,01/29/2026 09:09 AM,2026-01-29 09:09:00,01/29/2026 10:00 AM,Officer conducted a pre-employment background investigation,UNIVERSITY SUPPORT BLDG I,2026-02-18 21:43:32,2026-01-29,2026,1,January,9,Thursday,False,Morning
585,26AL00048,3,01/29/2026 08:50 AM,2026-01-29 08:50:00,01/29/2026 09:35 AM,Student requested assistance with a personal matter,GWIN RD & RIDER FARM RD,2026-02-18 21:43:32,2026-01-29,2026,1,January,8,Thursday,False,Morning
586,26ER00036,5,01/29/2026 08:45 AM,2026-01-29 08:40:00,01/29/2026 09:20 AM,Student reported a one vehicle crash with no injuries,TECHNOLOGY DR,2026-02-18 21:43:32,2026-01-29,2026,1,January,8,Thursday,False,Morning
587,26ER00035,5,01/29/2026 07:00 AM,2026-01-29 07:00:00,01/29/2026 07:30 AM,Employee reported a parking concern,ALMY LOT - ERIE,2026-02-18 21:43:32,2026-01-29,2026,1,January,7,Thursday,False,Morning
588,PSHI-2026-01-I-133177,2,01/29/2026 12:36 AM,2026-01-28 23:37:00,,Assisted clinical staff with agitated patient.,Hershey - Dispatched To: HMC - Emergency Department > HMC - Emergency Department,2026-02-18 21:43:32,2026-01-28,2026,1,January,23,Wednesday,False,Late Night
589,26UP00438,1,01/28/2026 11:54 PM,2026-01-28 23:54:00,01/29/2026 12:30 AM,Employee reported a fire alarm activation,STUART HALL,2026-02-18 21:43:32,2026-01-28,2026,1,January,23,Wednesday,False,Late Night
590,26UP00436,1,01/28/2026 10:29 PM,2026-01-28 20:00:00,01/28/2026 08:08 PM,Assisted Residence Life staff with a University policy violation,STUART HALL,2026-02-18 21:43:32,2026-01-28,2026,1,January,20,Wednesday,False,Evening
591,26AL00047,3,01/28/2026 09:57 PM,2026-01-28 21:57:00,01/28/2026 10:08 PM,Employee reported a fire alarm activation,CEDAR HALL,2026-02-18 21:43:32,2026-01-28,2026,1,January,21,Wednesday,False,Evening
592,PSHI-2026-01-I-133173,2,01/28/2026 09:37 PM,2026-01-28 21:24:00,,Property related matter.,Hershey - Dispatched To: HMC - Main Hospital - 1 - Security Operations Center > HMC - Main Hospital - 1 - Security Operations Center,2026-02-18 21:43:32,2026-01-28,2026,1,January,21,Wednesday,False,Evening
593,26ER00034,5,01/28/2026 09:17 PM,2026-01-28 21:17:00,01/28/2026 09:40 PM,Employee reported an alarm activation,CARRIAGE HOUSE,2026-02-18 21:43:32,2026-01-28,2026,1,January,21,Wednesday,False,Evening
594,26UP00434,1,01/28/2026 08:17 PM,2026-01-28 20:17:00,01/28/2026 09:00 PM,Student reported a concern for another student,PENNYPACKER HALL,2026-02-18 21:43:32,2026-01-28,2026,1,January,20,Wednesday,False,Evening
595,26BW00013,7,01/28/2026 08:11 PM,2026-01-28 20:15:00,01/28/2026 08:44 PM,Student reported a fire alarm activation,ORCHARD HALL,2026-02-18 21:43:32,2026-01-28,2026,1,January,20,Wednesday,False,Evening
596,26UP00432,1,01/28/2026 07:54 PM,2026-01-28 01:29:00,01/28/2026 10:36 PM,Student reported suspicious persons,STONE HALL,2026-02-18 21:43:32,2026-01-28,2026,1,January,1,Wednesday,False,Late Night
597,PSHI-2026-01-I-133172,2,01/28/2026 07:44 PM,2026-01-28 18:53:00,,Visitor fall.,Hershey - Dispatched To: HMC - Emergency Department > HMC - Emergency Department,2026-02-18 21:43:32,2026-01-28,2026,1,January,18,Wednesday,False,Evening
598,26UP00431,1,01/28/2026 07:39 PM,2026-01-28 19:39:00,01/28/2026 08:02 PM,Assisted the fire department with a reported fire/smoke condition,EAST PARKING DECK,2026-02-18 21:43:32,2026-01-28,2026,1,January,19,Wednesday,False,Evening
599,26UP00430,1,01/28/2026 07:36 PM,2026-01-28 19:36:00,01/28/2026 07:49 PM,Student reported a fire,WATER RECLAMATION DR,2026-02-18 21:43:32,2026-01-28,2026,1,January,19,Wednesday,False,Evening
600,26UP00429,1,01/28/2026 07:30 PM,2026-01-28 19:30:00,01/28/2026 08:15 PM,Student reported being harassed,STUART HALL,2026-02-18 21:43:32,2026-01-28,2026,1,January,19,Wednesday,False,Evening
601,PSHI-2026-01-I-133168,2,01/28/2026 07:25 PM,2026-01-28 18:12:00,,Safe keeping of a patient's handgun.,Hershey - Dispatched To: HMC - Emergency Department > HMC - Emergency Department,2026-02-18 21:43:32,2026-01-28,2026,1,January,18,Wednesday,False,Evening
602,26AB00031,2,01/28/2026 07:15 PM,2026-01-28 19:15:00,01/28/2026 07:45 PM,Assisted with a fire drill alarm activation,LIONS GATE AT PENN STATE ABINGTON,2026-02-18 21:43:32,2026-01-28,2026,1,January,19,Wednesday,False,Evening
603,26UP00428,1,01/28/2026 06:43 PM,2026-01-28 18:43:00,01/28/2026 07:15 PM,Assisted a student with a personal matter,BEAM HALL,2026-02-18 21:43:32,2026-01-28,2026,1,January,18,Wednesday,False,Evening
604,26ER00033,5,01/28/2026 06:21 PM,2026-01-28 18:21:00,01/28/2026 06:40 PM,Employee reported a parking concern,TIFFANY LOT - ERIE,2026-02-18 21:43:32,2026-01-28,2026,1,January,18,Wednesday,False,Evening
605,PSHI-2026-01-I-133166,2,01/28/2026 05:22 PM,2026-01-28 16:39:00,,Assisted clinical staff with agitated patient.,Hershey - Dispatched To: HMC - Emergency Department > HMC - Emergency Department,2026-02-18 21:43:32,2026-01-28,2026,1,January,16,Wednesday,False,Afternoon
606,26AL00046,3,01/28/2026 05:20 PM,2026-01-28 17:20:00,01/28/2026 05:42 PM,Assisted an outside law enforcement agency with an investigation,JUNIATA GAP RD & ANTRIM LN,2026-02-18 21:43:32,2026-01-28,2026,1,January,17,Wednesday,False,Evening
607,PSHI-2026-01-I-133165,2,01/28/2026 04:52 PM,2026-01-28 16:29:00,,Assisted clinical staff with agitated patient.,Hershey - Dispatched To: HMC - Main Hospital - 5 - Acute Care > HMC - Main Hospital - 5 - Acute Care,2026-02-18 21:43:32,2026-01-28,2026,1,January,16,Wednesday,False,Afternoon
608,PSHI-2026-01-I-133164,2,01/28/2026 04:44 PM,2026-01-28 15:12:00,,Assisted clinical staff with agitated patient.,Hershey - Dispatched To: HMC - Main Hospital - 6 - Acute Care > HMC - Main Hospital - 6 - Acute Care,2026-02-18 21:43:32,2026-01-28,2026,1,January,15,Wednesday,False,Afternoon
609,26UP00423,1,01/28/2026 02:36 PM,2026-01-28 13:36:00,01/28/2026 02:36 PM,Assisted an outside law enforcement agency with an investigation,UNIVERSITY SUPPORT BLDG I,2026-02-18 21:43:32,2026-01-28,2026,1,January,13,Wednesday,False,Afternoon
610,PSHI-2026-01-I-133161,2,01/28/2026 01:58 PM,2026-01-28 13:22:00,,Assisted clinical staff with a property related matter.,Hershey - Dispatched To: HMC - Main Hospital - 2 - Main OR > HMC - Main Hospital - 2 - Main OR,2026-02-18 21:43:32,2026-01-28,2026,1,January,13,Wednesday,False,Afternoon
611,26UP00422,1,01/28/2026 01:35 PM,2026-01-28 13:35:00,01/28/2026 03:07 PM,Employee reported a concern for another student,BOUCKE BLDG,2026-02-18 21:43:32,2026-01-28,2026,1,January,13,Wednesday,False,Afternoon
612,26UP00421,1,01/28/2026 01:14 PM,2026-01-28 13:14:00,01/28/2026 01:55 PM,Visitor reported a concern for another student,ON CAMPUS PROPERTY,2026-02-18 21:43:32,2026-01-28,2026,1,January,13,Wednesday,False,Afternoon
613,PSHI-2026-01-I-133158,2,01/28/2026 01:04 PM,2026-01-28 10:00:00,,Assisted clinical staff with agitated patient.,Hershey - Dispatched To: HMC Off-Site - PSCMG - Cocoa Outpatient Center (Academic Practice Site) > HMC Off-Site - PSCMG - Cocoa Outpatient Center (Academic Practice Site),2026-02-18 21:43:32,2026-01-28,2026,1,January,10,Wednesday,False,Morning
614,26SL00009,19,01/28/2026 12:50 PM,2026-01-27 10:59:00,01/27/2026 11:01 AM,Employee reported a hit and run vehicle crash,UNIVERSITY DR,2026-02-18 21:43:32,2026-01-27,2026,1,January,10,Tuesday,False,Morning
615,26BK00019,4,01/28/2026 12:30 PM,2026-01-28 12:00:00,01/28/2026 12:22 PM,Employee reported the loss or theft of their unattended personal property,FRANCO BUILDING,2026-02-18 21:43:32,2026-01-28,2026,1,January,12,Wednesday,False,Afternoon
616,26AB00030,2,01/28/2026 12:20 PM,2026-01-28 12:20:00,01/28/2026 01:10 PM,Student requested assistance with a personal matter,LOT J - ABINGTON,2026-02-18 21:43:32,2026-01-28,2026,1,January,12,Wednesday,False,Afternoon
617,26YK00004,23,01/28/2026 12:00 PM,2026-01-22 00:01:00,01/23/2026 12:01 AM,Student requested assistance with a personal matter,E BOUNDARY AVE,2026-02-18 21:43:32,2026-01-22,2026,1,January,0,Thursday,False,Late Night
618,PSHI-2026-01-I-133153,2,01/28/2026 11:39 AM,2026-01-28 11:31:00,,Visitor mismatch to the sex offender registry.,Hershey - Dispatched To: HMC - Children's Hospital > HMC - Children's Hospital,2026-02-18 21:43:32,2026-01-28,2026,1,January,11,Wednesday,False,Morning
619,26UP00420,1,01/28/2026 11:18 AM,2025-05-08 11:18:00,07/04/2025 12:00 AM,Visitor reported the theft of their personal property,HARRIS HALL,2026-02-18 21:43:32,2025-05-08,2025,5,May,11,Thursday,False,Morning
620,26UP00419,1,01/28/2026 10:57 AM,2026-01-27 00:00:00,01/27/2026 01:00 AM,Assisted an outside law enforcement agency with an investigation,OFF CAMPUS FRATERNITY,2026-02-18 21:43:32,2026-01-27,2026,1,January,0,Tuesday,False,Late Night
621,26HB00026,13,01/28/2026 10:35 AM,2026-01-27 15:43:00,01/27/2026 04:47 PM,Student requested assistance with a personal matter,CAPITAL UNION BUILDING,2026-02-18 21:43:32,2026-01-27,2026,1,January,15,Tuesday,False,Afternoon
622,26BK00018,4,01/28/2026 10:20 AM,2026-01-27 17:10:00,01/28/2026 08:07 AM,Student reported the theft of their unsecured/unattended personal property,WILLOW HALL,2026-02-18 21:43:32,2026-01-27,2026,1,January,17,Tuesday,False,Evening
623,26UP00418,1,01/28/2026 10:09 AM,2026-01-28 10:09:00,01/28/2026 11:54 AM,Visitor reported being harassed,UNKNOWN LOCATION,2026-02-18 21:43:32,2026-01-28,2026,1,January,10,Wednesday,False,Morning
624,26UP00417,1,01/28/2026 09:08 AM,2026-01-28 09:08:00,01/28/2026 11:00 AM,Assisted an outside law enforcement agency with an investigation,WILLARD BLDG,2026-02-18 21:43:32,2026-01-28,2026,1,January,9,Wednesday,False,Morning
625,26AB00029,2,01/28/2026 07:25 AM,2026-01-28 07:25:00,01/28/2026 07:50 AM,Employee reported a parking concern,WOODLAND BUILDING,2026-02-18 21:43:32,2026-01-28,2026,1,January,7,Wednesday,False,Morning
626,26UP00416,1,01/28/2026 05:13 AM,2026-01-28 05:13:00,01/28/2026 05:55 AM,Assisted the fire department with a reported fire alarm,BEAVER STADIUM,2026-02-18 21:43:32,2026-01-28,2026,1,January,5,Wednesday,False,Morning
627,26UP00415,1,01/28/2026 02:20 AM,2026-01-28 02:20:00,01/28/2026 02:33 AM,Assisted Residence Life staff with a University policy violation,BEAVER HALL,2026-02-18 21:43:32,2026-01-28,2026,1,January,2,Wednesday,False,Late Night
628,26AB00028,2,01/28/2026 01:30 AM,2026-01-28 01:25:00,01/28/2026 02:00 AM,Employee reported a fire alarm activation,LIONS GATE AT PENN STATE ABINGTON,2026-02-18 21:43:32,2026-01-28,2026,1,January,1,Wednesday,False,Late Night
629,PSHI-2026-01-I-133140,2,01/28/2026 12:20 AM,2026-01-27 19:35:00,,"Asset accountability, equipment malfunction.",Hershey - Dispatched To: HMC and COM - Academic Support Building - ASB > HMC and COM - Academic Support Building - ASB,2026-02-18 21:43:32,2026-01-27,2026,1,January,19,Tuesday,False,Evening
630,26BK00017,4,01/27/2026 11:55 PM,2026-01-27 23:55:00,01/28/2026 12:10 AM,Student reported a fire alarm activation,LAUREL HALL,2026-02-18 21:43:32,2026-01-27,2026,1,January,23,Tuesday,False,Late Night
631,26UP00414,1,01/27/2026 11:35 PM,2026-01-27 23:35:00,01/28/2026 12:15 AM,Student requested assistance with a personal matter,IRVIN HALL,2026-02-18 21:43:32,2026-01-27,2026,1,January,23,Tuesday,False,Late Night
632,PSHI-2026-01-I-133137,2,01/27/2026 10:46 PM,2026-01-27 21:45:00,,Assisted clinical staff with agitated patient.,Hershey - Dispatched To: HMC - Emergency Department > HMC - Emergency Department,2026-02-18 21:43:32,2026-01-27,2026,1,January,21,Tuesday,False,Evening
633,26UP00412,1,01/27/2026 08:15 PM,2026-01-27 20:15:00,01/27/2026 10:06 PM,Assisted a visitor with a personal matter,E PARK AVE (BIGLER RD - UNIVERSITY DR),2026-02-18 21:43:32,2026-01-27,2026,1,January,20,Tuesday,False,Evening
634,PSHI-2026-01-I-133129,2,01/27/2026 07:58 PM,2026-01-27 18:55:00,,"Patient left care prior to discharge, welfare check requested.",Hershey - Dispatched To: HMC - Emergency Department > HMC - Emergency Department,2026-02-18 21:43:32,2026-01-27,2026,1,January,18,Tuesday,False,Evening
635,26UP00413,1,01/27/2026 07:56 PM,2026-01-27 16:31:00,01/27/2026 07:00 PM,Employee reported a hit and run vehicle crash,HUB PARKING DECK,2026-02-18 21:43:32,2026-01-27,2026,1,January,16,Tuesday,False,Afternoon
636,26UP00411,1,01/27/2026 07:29 PM,2026-01-27 19:29:00,01/27/2026 07:39 PM,Student requested assistance with a personal matter,LOT 83 (B) LOT,2026-02-18 21:43:32,2026-01-27,2026,1,January,19,Tuesday,False,Evening
637,26UP00410,1,01/27/2026 05:09 PM,2026-01-25 02:00:00,01/25/2026 10:00 AM,Student reported they were sexually assaulted by a known person in a residence hall,SOUTH HALLS RESIDENCE COMPLEX,2026-02-18 21:43:32,2026-01-25,2026,1,January,2,Sunday,True,Late Night
638,26UP00408,1,01/27/2026 05:00 PM,2026-01-25 07:00:00,01/27/2026 05:38 PM,Visitor reported suspicious activity,UNIVERSITY SUPPORT BLDG I,2026-02-18 21:43:32,2026-01-25,2026,1,January,7,Sunday,True,Morning
639,26AB00027,2,01/27/2026 04:45 PM,2026-01-16 00:00:00,01/27/2026 05:00 PM,Employee reported a concern for a student,LIONS GATE AT PENN STATE ABINGTON,2026-02-18 21:43:32,2026-01-16,2026,1,January,0,Friday,False,Late Night
640,26ER00032,5,01/27/2026 03:58 PM,2026-01-24 00:00:00,01/24/2026 11:59 PM,Student reported being physically assaulted by a known person,TRIPPE HALL,2026-02-18 21:43:32,2026-01-24,2026,1,January,0,Saturday,True,Late Night
641,26AL00045,3,01/27/2026 03:11 PM,2026-01-25 00:24:00,01/26/2028 05:15 PM,Student reported a hit and run vehicle crash,HAWTHORN LOT - ALTOONA,2026-02-18 21:43:32,2026-01-25,2026,1,January,0,Sunday,True,Late Night
642,26AB00026,2,01/27/2026 03:11 PM,2026-01-27 15:11:00,01/27/2026 03:25 PM,Employee reported a concern for students,LARES BUILDING,2026-02-18 21:43:32,2026-01-27,2026,1,January,15,Tuesday,False,Afternoon
643,26ER00031,5,01/27/2026 02:44 PM,2026-01-25 12:00:00,01/25/2026 06:00 PM,Student reported they were indecently assaulted by a known person in a residence hall,RESIDENCE HALL COMPLEX,2026-02-18 21:43:32,2026-01-25,2026,1,January,12,Sunday,True,Afternoon
644,PSHI-2026-01-I-133115,2,01/27/2026 02:08 PM,2026-01-27 21:42:00,,Property damage related matter.,Hershey - Dispatched To: HMC - Centerview Parking Garage - 6 > HMC - Centerview Parking Garage - 6,2026-02-18 21:43:32,2026-01-27,2026,1,January,21,Tuesday,False,Evening
645,PSHI-2026-01-I-133113,2,01/27/2026 01:26 PM,2026-01-25 19:09:00,,Minor crash on campus.,Hershey - Dispatched To: HMC - South Parking Garage > HMC - South Parking Garage,2026-02-18 21:43:32,2026-01-25,2026,1,January,19,Sunday,True,Evening
646,26BR00005,6,01/27/2026 12:36 PM,2026-01-25 00:00:00,01/27/2026 05:00 AM,Employee reported damage to University property,UNIVERSITY DR,2026-02-18 21:43:32,2026-01-25,2026,1,January,0,Sunday,True,Late Night
647,26AB00025,2,01/27/2026 12:26 PM,2026-01-27 12:26:00,01/27/2026 12:46 PM,Employee reported a fire alarm activation,LIONS GATE AT PENN STATE ABINGTON,2026-02-18 21:43:32,2026-01-27,2026,1,January,12,Tuesday,False,Afternoon
648,PSHI-2026-01-I-133112,2,01/27/2026 12:11 PM,2026-01-27 08:29:00,,Assisted facilities staff and hospital staff with a water incursion emergency.,Hershey - Dispatched To: HMC - Children's Hospital - G > HMC - Children's Hospital - G,2026-02-18 21:43:32,2026-01-27,2026,1,January,8,Tuesday,False,Morning
649,26AL00044,3,01/27/2026 12:00 PM,2026-01-27 12:55:00,01/27/2026 01:20 PM,Employee reported a parking concern,PENN LOT - GPE - ALTOONA,2026-02-18 21:43:32,2026-01-27,2026,1,January,12,Tuesday,False,Afternoon
650,26AL00043,3,01/27/2026 11:40 AM,2026-01-27 11:40:00,01/27/2026 11:45 AM,Employee reported a parking concern,MAPLE LOT - GMA - ALTOONA,2026-02-18 21:43:32,2026-01-27,2026,1,January,11,Tuesday,False,Morning
651,26AL00042,3,01/27/2026 11:15 AM,2026-01-27 11:15:00,01/27/2026 11:40 AM,Assisted an outside law enforcement agency with an investigation,11TH ST,2026-02-18 21:43:32,2026-01-27,2026,1,January,11,Tuesday,False,Morning
652,26SL00008,19,01/27/2026 10:51 AM,2026-01-27 10:45:00,01/27/2026 11:19 AM,Assisted an outside law enforcement agency with an investigation,PA-61 & UNIVERSITY DR,2026-02-18 21:43:32,2026-01-27,2026,1,January,10,Tuesday,False,Morning
653,PSHI-2026-01-I-133109,2,01/27/2026 10:49 AM,2026-01-27 10:06:00,,Minor crash on campus.,Hershey - Dispatched To: HMC - UPC-1 > HMC - UPC-1,2026-02-18 21:43:32,2026-01-27,2026,1,January,10,Tuesday,False,Morning
654,26BR00004,6,01/27/2026 10:39 AM,2026-01-23 00:00:00,01/27/2026 10:39 AM,Employee reported damage to University property,STUDENT UNION BUILDING,2026-02-18 21:43:32,2026-01-23,2026,1,January,0,Friday,False,Late Night
655,26AL00041,3,01/27/2026 10:38 AM,2026-01-27 10:38:00,01/27/2026 11:00 AM,Employee reported a parking concern,PENN LOT - GPE - ALTOONA,2026-02-18 21:43:32,2026-01-27,2026,1,January,10,Tuesday,False,Morning
656,26UP00406,1,01/27/2026 09:36 AM,2026-01-27 09:36:00,,Assisted an outside law enforcement agency with an investigation,UNIVERSITY DR,2026-02-18 21:43:32,2026-01-27,2026,1,January,9,Tuesday,False,Morning
657,26UP00407,1,01/27/2026 09:34 AM,2026-01-27 09:34:00,01/27/2026 10:41 AM,Employee reported a University policy violation,ERIC J. BARRON INNOVATION HUB BUILDING,2026-02-18 21:43:32,2026-01-27,2026,1,January,9,Tuesday,False,Morning
658,26AB00024,2,01/27/2026 09:00 AM,2026-01-27 09:00:00,01/27/2026 10:00 AM,Employee requested assistance with an administrative matter,LIONS GATE NORTH PARKING LOT - ABINGTON,2026-02-18 21:43:32,2026-01-27,2026,1,January,9,Tuesday,False,Morning
659,26UP00405,1,01/27/2026 08:25 AM,2026-01-20 16:50:00,01/20/2026 05:01 PM,Employee reported the theft of University property,REDIFER HALL,2026-02-18 21:43:32,2026-01-20,2026,1,January,16,Tuesday,False,Afternoon
660,26BW00011,7,01/27/2026 07:25 AM,2026-01-27 07:25:00,01/27/2026 07:48 AM,Assisted the ambulance with a medical emergency,ORCHARD HALL,2026-02-18 21:43:32,2026-01-27,2026,1,January,7,Tuesday,False,Morning
661,26ER00030,5,01/27/2026 06:14 AM,2026-01-27 06:13:00,01/27/2026 06:25 AM,Employee reported a fire alarm activation,PORCUPINE HALL,2026-02-18 21:43:32,2026-01-27,2026,1,January,6,Tuesday,False,Morning
662,26UP00404,1,01/27/2026 02:39 AM,2026-01-27 02:39:00,01/27/2026 02:49 AM,Visitor reported being harassed,UNKNOWN LOCATION,2026-02-18 21:43:32,2026-01-27,2026,1,January,2,Tuesday,False,Late Night
663,PSHI-2026-01-I-133100,2,01/27/2026 01:59 AM,2026-01-27 01:05:00,,Assisted clinical staff with agitated patient.,Hershey - Dispatched To: HMC - Main Hospital > HMC - Main Hospital,2026-02-18 21:43:32,2026-01-27,2026,1,January,1,Tuesday,False,Late Night
664,26AL00040,3,01/27/2026 12:09 AM,2026-01-27 00:09:00,01/27/2026 12:39 AM,Student requested assistance with a personal matter,OAK HALL,2026-02-18 21:43:32,2026-01-27,2026,1,January,0,Tuesday,False,Late Night
665,PSHI-2026-01-I-133094,2,01/26/2026 10:39 PM,2026-01-26 21:40:00,,Assisted clinical staff with agitated patient.,Hershey - Dispatched To: HMC - Main Hospital - 2 - SIMCU > HMC - Main Hospital - 2 - SIMCU,2026-02-18 21:43:32,2026-01-26,2026,1,January,21,Monday,False,Evening
666,PSHI-2026-01-I-133093,2,01/26/2026 10:28 PM,2026-01-17 06:05:00,,Assisted with internal employee issue.,Hershey - Dispatched To: HMC - Main Hospital > HMC - Main Hospital,2026-02-18 21:43:32,2026-01-17,2026,1,January,6,Saturday,True,Morning
667,26UP00403,1,01/26/2026 09:55 PM,2026-01-26 21:55:00,01/26/2026 10:30 PM,Employee reported disorderly persons,EAST PARKING DECK,2026-02-18 21:43:32,2026-01-26,2026,1,January,21,Monday,False,Evening
668,PSHI-2026-01-I-133090,2,01/26/2026 09:51 PM,2026-01-19 22:11:00,,Assisted with employee issue,Hershey - Dispatched To: HMC > HMC,2026-02-18 21:43:32,2026-01-19,2026,1,January,22,Monday,False,Late Night
669,26UP00402,1,01/26/2026 09:36 PM,2026-01-26 21:36:00,01/26/2026 09:50 PM,Assisted an outside law enforcement agency with an investigation,SQUIRREL DR,2026-02-18 21:43:32,2026-01-26,2026,1,January,21,Monday,False,Evening
670,26UP00401,1,01/26/2026 09:07 PM,2026-01-26 21:07:00,01/26/2026 09:44 PM,"Resident Assistant reported the odor of marijuana, origin not located",ATHERTON HALL,2026-02-18 21:43:32,2026-01-26,2026,1,January,21,Monday,False,Evening
671,26UP00400,1,01/26/2026 09:06 PM,2026-01-26 19:20:00,01/26/2026 07:50 PM,Assisted an outside law enforcement agency with an investigation,E COLLEGE AVE & S ALLEN ST,2026-02-18 21:43:32,2026-01-26,2026,1,January,19,Monday,False,Evening
672,26BR00003,6,01/26/2026 08:32 PM,2026-01-26 20:32:00,01/26/2026 08:57 PM,Assisted the ambulance with a medical emergency,HARMONY HALL,2026-02-18 21:43:32,2026-01-26,2026,1,January,20,Monday,False,Evening
673,26ER00029,5,01/26/2026 08:18 PM,2026-01-26 20:18:00,01/26/2026 08:47 PM,Resident Assistant reported the odor of marijuana,NIAGARA HALL,2026-02-18 21:43:32,2026-01-26,2026,1,January,20,Monday,False,Evening
674,26AB00023,2,01/26/2026 07:20 PM,2026-01-26 19:15:00,01/26/2026 07:25 PM,Employee reported a fire alarm activation,LIONS GATE AT PENN STATE ABINGTON,2026-02-18 21:43:32,2026-01-26,2026,1,January,19,Monday,False,Evening
675,26UP00398,1,01/26/2026 03:25 PM,2026-01-26 05:30:00,01/26/2026 05:31 AM,Employee reported a one vehicle accident with no injuries,WATTS HALL,2026-02-18 21:43:32,2026-01-26,2026,1,January,5,Monday,False,Morning
676,26UP00396,1,01/26/2026 03:23 PM,2026-01-22 19:30:00,01/24/2026 06:50 PM,Assisted an outside law enforcement agency with an investigation,E NITTANY AVE,2026-02-18 21:43:32,2026-01-22,2026,1,January,19,Thursday,False,Evening
677,26UP00397,1,01/26/2026 03:08 PM,2026-01-25 16:08:00,01/26/2026 03:46 PM,Employee reported damage to University property,STUART HALL,2026-02-18 21:43:32,2026-01-25,2026,1,January,16,Sunday,True,Afternoon
678,PSHI-2026-01-I-133085,2,01/26/2026 03:00 PM,2026-01-26 14:45:00,,Assisted clinical staff with a visitor not obeying visitor/hospital rules.,Hershey - Dispatched To: HMC - Children's Hospital - 4 - PICU > HMC - Children's Hospital - 4 - PICU,2026-02-18 21:43:32,2026-01-26,2026,1,January,14,Monday,False,Afternoon
679,26UP00395,1,01/26/2026 02:21 PM,2026-01-26 14:21:00,01/26/2026 03:45 PM,Visitor requested assistance in locating a student,MILLER HALL,2026-02-18 21:43:32,2026-01-26,2026,1,January,14,Monday,False,Afternoon
680,26AL00039,3,01/26/2026 02:00 PM,2026-01-26 14:00:00,01/26/2026 02:05 PM,Assisted an employee with an administrative matter,POPLAR BLDG,2026-02-18 21:43:32,2026-01-26,2026,1,January,14,Monday,False,Afternoon
681,PSHI-2026-01-I-133081,2,01/26/2026 01:13 PM,2026-01-22 12:20:00,,Assisted clinical staff with agitated patient.,Hershey - Dispatched To: HMC Off-Site - PSCMG - Cocoa Family Practice - PSCMG > HMC Off-Site - PSCMG - Cocoa Family Practice - PSCMG,2026-02-18 21:43:32,2026-01-22,2026,1,January,12,Thursday,False,Afternoon
682,26HB00025,13,01/26/2026 12:55 PM,2026-01-26 12:55:00,,Assisted an outside law enforcement agency with an investigation,SPRING ST,2026-02-18 21:43:32,2026-01-26,2026,1,January,12,Monday,False,Afternoon
683,PSHI-2026-01-I-133079,2,01/26/2026 12:36 PM,2026-01-26 11:27:00,,Assisted clinical staff with agitated patient.,Hershey - Dispatched To: HMC - Main Hospital - 4 - Acute Care > HMC - Main Hospital - 4 - Acute Care,2026-02-18 21:43:32,2026-01-26,2026,1,January,11,Monday,False,Morning
684,PSHI-2026-01-I-133078,2,01/26/2026 12:13 PM,2026-01-26 11:01:00,,Assisted clinical staff with agitated patient.,Hershey - Dispatched To: HMC - UPC-1 > HMC - UPC-1,2026-02-18 21:43:32,2026-01-26,2026,1,January,11,Monday,False,Morning
686,PSHI-2026-01-I-133068,2,01/26/2026 03:26 AM,2026-01-26 02:03:00,,Assisted facility staff with an infrastructure related alarm.,Hershey - Dispatched To: COM - College of Medicine > COM - College of Medicine,2026-02-18 21:43:32,2026-01-26,2026,1,January,2,Monday,False,Late Night
687,26UP00394,1,01/26/2026 01:55 AM,2026-01-26 00:01:00,01/26/2026 02:32 AM,Employee reported disorderly persons,PACKER HALL,2026-02-18 21:43:32,2026-01-26,2026,1,January,0,Monday,False,Late Night
688,26AL00037,3,01/26/2026 01:49 AM,2026-01-26 01:49:00,01/26/2026 02:00 AM,Employee reported a fire alarm activation,MAPLE HALL,2026-02-18 21:43:32,2026-01-26,2026,1,January,1,Monday,False,Late Night
689,26AL00036,3,01/25/2026 10:34 PM,2026-01-25 22:34:00,01/25/2026 10:45 PM,Employee reported a fire alarm activation,MAPLE HALL,2026-02-18 21:43:32,2026-01-25,2026,1,January,22,Sunday,True,Late Night
690,26ER00028,5,01/25/2026 10:33 PM,2026-01-25 22:33:00,01/25/2026 10:40 PM,Employee reported an alarm activation,METZGAR ADMISSIONS & ALUMNI CTR,2026-02-18 21:43:32,2026-01-25,2026,1,January,22,Sunday,True,Late Night
691,PSHI-2026-01-I-133064,2,01/25/2026 08:13 PM,2026-01-25 19:39:00,,Assisted clinical staff with agitated patient.,Hershey - Dispatched To: HMC - Emergency Department > HMC - Emergency Department,2026-02-18 21:43:32,2026-01-25,2026,1,January,19,Sunday,True,Evening
692,26UP00393,1,01/25/2026 05:10 PM,2026-01-25 16:30:00,01/25/2026 05:10 PM,Assisted the ambulance with a medical emergency,HUB LAWN,2026-02-18 21:43:32,2026-01-25,2026,1,January,16,Sunday,True,Afternoon
693,26AL00038,3,01/25/2026 05:00 PM,2026-01-24 21:04:00,01/25/2026 12:00 PM,Student reported the theft of their unattended personal property,OAK HALL,2026-02-18 21:43:32,2026-01-24,2026,1,January,21,Saturday,True,Evening
694,PSHI-2026-01-I-133061,2,01/25/2026 04:22 PM,2026-01-25 16:12:00,,Assisted clinical staff with an agitated patient.,Hershey - Dispatched To: HMC - Emergency Department > HMC - Emergency Department,2026-02-18 21:43:32,2026-01-25,2026,1,January,16,Sunday,True,Afternoon
695,PSHI-2026-01-I-133060,2,01/25/2026 03:48 PM,2026-01-25 15:26:00,,Assisted clinical staff with a visitor issue.,Hershey - Dispatched To: HMC - Children's Hospital - 3 - Children's MED\SURG > HMC - Children's Hospital - 3 - Children's MED\SURG,2026-02-18 21:43:32,2026-01-25,2026,1,January,15,Sunday,True,Afternoon
696,26UP00392,1,01/25/2026 03:41 PM,2026-01-25 15:41:00,01/25/2026 03:49 PM,Employee reported the reckless operation of vehicles,KATZ BLDG,2026-02-18 21:43:32,2026-01-25,2026,1,January,15,Sunday,True,Afternoon
697,26ER00027,5,01/25/2026 10:50 AM,2026-01-25 10:50:00,01/25/2026 11:00 AM,Visitor requested assistance in locating a student,LAWRENCE HALL,2026-02-18 21:43:32,2026-01-25,2026,1,January,10,Sunday,True,Morning
698,26HB00023,13,01/25/2026 10:44 AM,2026-01-25 10:40:00,01/25/2026 11:10 AM,Assisted the ambulance with a medical emergency,SHERMAN HOUSE,2026-02-18 21:43:32,2026-01-25,2026,1,January,10,Sunday,True,Morning
699,PSHI-2026-01-I-133057,2,01/25/2026 10:28 AM,2026-01-25 09:00:00,,Assisted clinical staff with agitated Patient.,Hershey - Dispatched To: HMC - Emergency Department > HMC - Emergency Department,2026-02-18 21:43:32,2026-01-25,2026,1,January,9,Sunday,True,Morning
700,26UP00391,1,01/25/2026 06:30 AM,2026-01-25 04:35:00,01/25/2026 06:15 AM,Employee reported a person trespassing inside a restricted area,BEAVER STADIUM,2026-02-18 21:43:32,2026-01-25,2026,1,January,4,Sunday,True,Late Night
701,PSHI-2026-01-I-133055,2,01/25/2026 06:26 AM,2026-01-25 06:20:00,,Visitor mismatch to the sex offender registry.,Hershey - Dispatched To: HMC - Children's Hospital > HMC - Children's Hospital,2026-02-18 21:43:32,2026-01-25,2026,1,January,6,Sunday,True,Morning
702,26SL00007,19,01/25/2026 06:11 AM,2026-01-25 06:08:00,,Employee reported a two vehicle crash with no injuries,STUDENT PARKING LOT - SCHUYLKILL,2026-02-18 21:43:32,2026-01-25,2026,1,January,6,Sunday,True,Morning
703,PSHI-2026-01-I-133049,2,01/25/2026 02:49 AM,2026-01-24 04:15:00,,Assisted employee with a domestic issue.,Hershey - Dispatched To: HMC - Main Hospital > HMC - Main Hospital,2026-02-18 21:43:32,2026-01-24,2026,1,January,4,Saturday,True,Late Night
704,26UP00390,1,01/25/2026 12:21 AM,2026-01-25 00:21:00,01/25/2026 12:55 AM,Underage student observed highly intoxicated and transported to the hospital,SNYDER HALL,2026-02-18 21:43:32,2026-01-25,2026,1,January,0,Sunday,True,Late Night
705,26UP00389,1,01/24/2026 09:55 PM,2026-01-24 21:55:00,01/24/2026 10:30 PM,Employee reported unsafe conditions,BEAVER HALL,2026-02-18 21:43:32,2026-01-24,2026,1,January,21,Saturday,True,Evening
706,26BK00016,4,01/24/2026 09:11 PM,2026-01-24 21:11:00,01/24/2026 09:55 PM,Employee reported a fire alarm activation,IVY HALL,2026-02-18 21:43:32,2026-01-24,2026,1,January,21,Saturday,True,Evening
707,26UP00388,1,01/24/2026 08:15 PM,2026-01-19 20:30:00,01/24/2026 08:15 PM,Student reported damage to University property,PINCHOT HALL,2026-02-18 21:43:32,2026-01-19,2026,1,January,20,Monday,False,Evening
708,26SL00006,19,01/24/2026 06:24 PM,2026-01-24 18:14:00,,Assisted an outside law enforcement agency with an investigation,PA-61,2026-02-18 21:43:32,2026-01-24,2026,1,January,18,Saturday,True,Evening
709,PSHI-2026-01-I-133046,2,01/24/2026 05:49 PM,2026-01-24 16:54:00,,Assisted clinical staff with agitated patient.,Hershey - Dispatched To: HMC - Main Hospital - 4 - Neuroscience Integrated Care Unit East > HMC - Main Hospital - 4 - Neuroscience Integrated Care Unit East,2026-02-18 21:43:32,2026-01-24,2026,1,January,16,Saturday,True,Afternoon
710,26UP00387,1,01/24/2026 05:44 PM,2026-01-24 09:44:00,01/24/2026 05:44 PM,Student reported the loss of their unattended personal property,FOREST RESOURCES BLDG,2026-02-18 21:43:32,2026-01-24,2026,1,January,9,Saturday,True,Morning
711,26UP00386,1,01/24/2026 05:29 PM,2026-01-24 17:29:00,01/24/2026 06:00 PM,"Resident Assistant reported the odor of marijuana, origin not located",TENER HALL,2026-02-18 21:43:32,2026-01-24,2026,1,January,17,Saturday,True,Evening
712,26UP00385,1,01/24/2026 04:55 PM,2026-01-24 16:55:00,01/24/2026 05:29 PM,Student requested assistance with a personal matter,WHITE BLDG,2026-02-18 21:43:32,2026-01-24,2026,1,January,16,Saturday,True,Afternoon
713,PSHI-2026-01-I-133044,2,01/24/2026 04:55 PM,2026-01-24 16:36:00,,Assisted clinical staff with a visitor issue.,Hershey - Dispatched To: HMC - Emergency Department > HMC - Emergency Department,2026-02-18 21:43:32,2026-01-24,2026,1,January,16,Saturday,True,Afternoon
714,26UP00384,1,01/24/2026 03:35 PM,2026-01-24 15:35:00,01/24/2026 03:57 PM,"Resident Assistant reported the odor of marijuana, origin not located",SIMMONS HALL,2026-02-18 21:43:32,2026-01-24,2026,1,January,15,Saturday,True,Afternoon
715,26UP00383,1,01/24/2026 03:31 PM,2026-01-23 19:00:00,01/23/2026 11:00 PM,Student reported abandoned property,BRYCE JORDAN CENTER,2026-02-18 21:43:32,2026-01-23,2026,1,January,19,Friday,False,Evening
716,PSHI-2026-01-I-133043,2,01/24/2026 03:26 PM,2026-01-24 14:50:00,,Assisted maintenance staff with an infrastructure issue.,Hershey - Dispatched To: HMC - Main Hospital - 1 - Rotunda Cafe > HMC - Main Hospital - 1 - Rotunda Cafe,2026-02-18 21:43:32,2026-01-24,2026,1,January,14,Saturday,True,Afternoon
717,PSHI-2026-01-I-133041,2,01/24/2026 03:02 PM,2026-01-24 14:28:00,,Assisted clinical staff with agitated patient.,Hershey - Dispatched To: HMC - Emergency Department > HMC - Emergency Department,2026-02-18 21:43:32,2026-01-24,2026,1,January,14,Saturday,True,Afternoon
718,PSHI-2026-01-I-133042,2,01/24/2026 03:02 PM,2026-01-24 14:36:00,,Assisted clinical staff with an agitated patient.,Hershey - Dispatched To: HMC - Emergency Department > HMC - Emergency Department,2026-02-18 21:43:32,2026-01-24,2026,1,January,14,Saturday,True,Afternoon
719,26AB00022,2,01/24/2026 02:00 PM,2026-01-24 14:00:00,01/24/2026 05:59 PM,Employee reported a parking concern,WOODLAND BUILDING,2026-02-18 21:43:32,2026-01-24,2026,1,January,14,Saturday,True,Afternoon
720,26BR00002,6,01/24/2026 01:01 PM,2026-01-20 14:00:00,01/24/2026 04:47 PM,Employee reported a concern for a student,HARMONY HALL,2026-02-18 21:43:32,2026-01-20,2026,1,January,14,Tuesday,False,Afternoon
721,PSHI-2026-01-I-133037,2,01/24/2026 12:23 PM,2026-01-24 12:06:00,,Assisted clinical staff with agitated visitor.,Hershey - Dispatched To: HMC - Emergency Department > HMC - Emergency Department,2026-02-18 21:43:32,2026-01-24,2026,1,January,12,Saturday,True,Afternoon
722,26AB00021,2,01/24/2026 11:56 AM,2025-12-18 11:45:00,12/18/2025 12:00 PM,Assisted an outside law enforcement agency with an investigation,RYDAL RD,2026-02-18 21:43:32,2025-12-18,2025,12,December,11,Thursday,False,Morning
723,26AB00020,2,01/24/2026 11:29 AM,2026-01-24 11:29:00,01/24/2026 11:50 AM,Employee reported a fire alarm activation,LIONS GATE AT PENN STATE ABINGTON,2026-02-18 21:43:32,2026-01-24,2026,1,January,11,Saturday,True,Morning
724,26UP00382,1,01/24/2026 10:48 AM,2026-01-23 10:00:00,01/23/2026 01:00 PM,Student reported the theft of their unattended personal property,ERIC J. BARRON INNOVATION HUB BUILDING,2026-02-18 21:43:32,2026-01-23,2026,1,January,10,Friday,False,Morning
725,PSHI-2026-01-I-133036,2,01/24/2026 10:39 AM,2026-01-24 09:28:00,,Assisted clinical staff with agitated patient.,Hershey - Dispatched To: HMC - Main Hospital - 4 - Neuroscience Integrated Care Unit East > HMC - Main Hospital - 4 - Neuroscience Integrated Care Unit East,2026-02-18 21:43:32,2026-01-24,2026,1,January,9,Saturday,True,Morning
726,PSHI-2026-01-I-133035,2,01/24/2026 10:35 AM,2026-01-23 12:00:00,,Minor crash on campus.,Hershey - Dispatched To: HMC - 30 Hope Drive > HMC - 30 Hope Drive,2026-02-18 21:43:32,2026-01-23,2026,1,January,12,Friday,False,Afternoon
727,PSHI-2026-01-I-133032,2,01/24/2026 10:00 AM,2026-01-24 07:44:00,,Assisted clinical staff with agitated patient.,Hershey - Dispatched To: HMC - Main Hospital - 4 - Neuroscience Integrated Care Unit East > HMC - Main Hospital - 4 - Neuroscience Integrated Care Unit East,2026-02-18 21:43:32,2026-01-24,2026,1,January,7,Saturday,True,Morning
728,26UP00381,1,01/24/2026 08:20 AM,2026-01-24 08:20:00,01/24/2026 08:50 AM,Student reported a two vehicle crash with no injuries,HUB PARKING DECK,2026-02-18 21:43:32,2026-01-24,2026,1,January,8,Saturday,True,Morning
729,26UP00380,1,01/24/2026 06:39 AM,2026-01-24 06:39:00,01/24/2026 07:40 AM,Assisted Residence Life staff with a University policy violation,FINDLAY HALL,2026-02-18 21:43:32,2026-01-24,2026,1,January,6,Saturday,True,Morning
730,PSHI-2026-01-I-133027,2,01/24/2026 06:27 AM,2026-01-24 04:45:00,,Turned over drug paraphernalia to police.,Hershey - Dispatched To: HMC - Emergency Department > HMC - Emergency Department,2026-02-18 21:43:32,2026-01-24,2026,1,January,4,Saturday,True,Late Night
731,26UP00378,1,01/24/2026 05:23 AM,2026-01-24 05:20:00,01/24/2026 05:23 AM,Student reported damage to University property,GEARY HALL,2026-02-18 21:43:32,2026-01-24,2026,1,January,5,Saturday,True,Morning
732,26UP00379,1,01/24/2026 05:13 AM,2026-01-24 05:13:00,01/24/2026 06:28 AM,Student reported persons trespassing inside a residence hall,SNYDER HALL,2026-02-18 21:43:32,2026-01-24,2026,1,January,5,Saturday,True,Morning
733,26UP00377,1,01/24/2026 03:11 AM,2026-01-24 03:11:00,01/24/2025 03:36 AM,Student observed highly intoxicated and transported to the hospital,PINCHOT HALL,2026-02-18 21:43:32,2026-01-24,2026,1,January,3,Saturday,True,Late Night
734,26UP00376,1,01/24/2026 02:59 AM,2026-01-24 02:59:00,01/24/2026 03:17 AM,Underage student observed highly intoxicated and transported to the hospital,BIGLER RD & MILLENNIUM DR,2026-02-18 21:43:32,2026-01-24,2026,1,January,2,Saturday,True,Late Night
735,26UP00375,1,01/24/2026 02:05 AM,2026-01-24 02:00:00,01/24/2026 02:05 AM,Assisted an outside law enforcement agency with an investigation,W COLLEGE AVE,2026-02-18 21:43:32,2026-01-24,2026,1,January,2,Saturday,True,Late Night
736,PSHI-2026-01-I-133022,2,01/24/2026 01:30 AM,2026-01-24 01:24:00,,Visitor mismatch to the sex offender registry.,Hershey - Dispatched To: HMC - Children's Hospital > HMC - Children's Hospital,2026-02-18 21:43:32,2026-01-24,2026,1,January,1,Saturday,True,Late Night
737,26UP00374,1,01/24/2026 01:25 AM,2026-01-24 01:25:00,01/24/2026 02:23 AM,Student observed highly intoxicated and transported to the hospital,EARLE HALL,2026-02-18 21:43:32,2026-01-24,2026,1,January,1,Saturday,True,Late Night
738,26BW00010,7,01/24/2026 01:09 AM,2026-01-24 01:09:00,01/24/2026 12:00 AM,Employee reported an intrusion alarm activation,MAINTENANCE BUILDING NEW,2026-02-18 21:43:32,2026-01-24,2026,1,January,1,Saturday,True,Late Night
739,26ER00026,5,01/24/2026 01:03 AM,2026-01-24 01:03:00,01/24/2026 01:55 AM,Employee reported disorderly persons,TRIPPE HALL,2026-02-18 21:43:32,2026-01-24,2026,1,January,1,Saturday,True,Late Night
740,26ER00025,5,01/24/2026 12:48 AM,2026-01-24 00:48:00,01/24/2026 01:46 AM,Student observed highly intoxicated and transported to the hospital,TRIPPE HALL,2026-02-18 21:43:32,2026-01-24,2026,1,January,0,Saturday,True,Late Night
741,26UP00368,1,01/24/2026 12:06 AM,2026-01-24 00:06:00,,Underage student observed highly intoxicated,CURTIN RD & SHORTLIDGE RD,2026-02-18 21:43:32,2026-01-24,2026,1,January,0,Saturday,True,Late Night
742,26UP00367,1,01/24/2026 12:02 AM,2026-01-24 00:02:00,01/24/2026 12:47 AM,Assisted an outside law enforcement agency with an investigation,W COLLEGE AVE & N PATTERSON ST,2026-02-18 21:43:32,2026-01-24,2026,1,January,0,Saturday,True,Late Night
743,26BW00009,7,01/23/2026 11:41 PM,2026-01-23 23:41:00,01/23/2026 11:59 PM,Employee reported suspicious person,COMMONS & ATHLETIC CENTER,2026-02-18 21:43:32,2026-01-23,2026,1,January,23,Friday,False,Late Night
744,PSHI-2026-01-I-133021,2,01/23/2026 11:21 PM,2026-01-23 19:30:00,,Assisted staff with patient who called 911 repeatedly.,Hershey - Dispatched To: HMC - Main Hospital - 6 - MIMCU > HMC - Main Hospital - 6 - MIMCU,2026-02-18 21:43:32,2026-01-23,2026,1,January,19,Friday,False,Evening
745,26SL00005,19,01/23/2026 11:03 PM,2026-01-23 22:58:00,01/23/2026 11:03 PM,"Resident Assistant reported the odor of marijuana, origin not located",NITTANY APARTMENTS V,2026-02-18 21:43:32,2026-01-23,2026,1,January,22,Friday,False,Late Night
746,26UP00363,1,01/23/2026 11:00 PM,2026-01-23 21:00:00,01/23/2026 11:12 PM,Employee reported suspicious activity,BRYCE JORDAN CENTER,2026-02-18 21:43:32,2026-01-23,2026,1,January,21,Friday,False,Evening
747,PSHI-2026-01-I-133018,2,01/23/2026 10:40 PM,2026-01-23 21:49:00,,Assisted clinical staff with agitated patient.,Hershey - Dispatched To: HMC - Main Hospital - 4 - Neuro > HMC - Main Hospital - 4 - Neuro,2026-02-18 21:43:32,2026-01-23,2026,1,January,21,Friday,False,Evening
748,26UP00354,1,01/23/2026 08:52 PM,2026-01-23 20:52:00,,Underage student observed highly intoxicated,BRYCE JORDAN CENTER,2026-02-18 21:43:32,2026-01-23,2026,1,January,20,Friday,False,Evening
749,26UP00353,1,01/23/2026 08:23 PM,2026-01-23 20:23:00,,Assisted Residence Life staff with a University policy violation,BIGLER HALL,2026-02-18 21:43:32,2026-01-23,2026,1,January,20,Friday,False,Evening
750,26UP00352,1,01/23/2026 07:43 PM,2026-01-23 19:43:00,01/23/2026 07:45 PM,Assisted an outside law enforcement agency with an investigation,UNIVERSITY SUPPORT BLDG I,2026-02-18 21:43:32,2026-01-23,2026,1,January,19,Friday,False,Evening
751,26UP00351,1,01/23/2026 07:29 PM,2026-01-23 19:29:00,01/23/2026 07:46 PM,Visitor requested assistance with a personal matter,NITTANY PARKING,2026-02-18 21:43:32,2026-01-23,2026,1,January,19,Friday,False,Evening
752,26YK00003,23,01/23/2026 06:23 PM,2026-01-23 18:00:00,01/23/2026 06:23 PM,Visitor reported a concern for other persons,EDGECOMB AVE,2026-02-18 21:43:32,2026-01-23,2026,1,January,18,Friday,False,Evening
753,26UP00350,1,01/23/2026 04:45 PM,2026-01-23 16:45:00,,Received this department's copy of a Protection From Abuse (PFA) order,UNIVERSITY SUPPORT BLDG I,2026-02-18 21:43:32,2026-01-23,2026,1,January,16,Friday,False,Afternoon
754,26UP00348,1,01/23/2026 04:41 PM,2026-01-23 16:41:00,01/23/2026 05:15 PM,Received this department's copy of a Protection From Abuse (PFA) order,UNIVERSITY SUPPORT BLDG I,2026-02-18 21:43:32,2026-01-23,2026,1,January,16,Friday,False,Afternoon
755,PSHI-2026-01-I-133008,2,01/23/2026 04:00 PM,2026-01-23 14:46:00,,Assisted with on site medical emergency with visitor.,Hershey - Dispatched To: HMC - Main Hospital  > HMC - Main Hospital,2026-02-18 21:43:32,2026-01-23,2026,1,January,14,Friday,False,Afternoon
756,PSHI-2026-01-I-133007,2,01/23/2026 03:33 PM,2026-01-23 15:15:00,,Assisted clinical staff with a visitor issue.,Hershey - Dispatched To: HMC - Emergency Department > HMC - Emergency Department,2026-02-18 21:43:32,2026-01-23,2026,1,January,15,Friday,False,Afternoon
757,PSHI-2026-01-I-133006,2,01/23/2026 03:27 PM,2026-01-23 09:25:00,,Assisted clinical staff with agitated patient.,Hershey - Dispatched To: HMC Off-Site - PSMG - Cocoa Outpatient Center - PSMG > HMC Off-Site - PSMG - Cocoa Outpatient Center - PSMG,2026-02-18 21:43:32,2026-01-23,2026,1,January,9,Friday,False,Morning
758,26UP00347,1,01/23/2026 03:14 PM,2025-12-01 00:00:00,01/23/2026 05:49 PM,Employee reported suspicious person,ERIC J. BARRON INNOVATION HUB BUILDING,2026-02-18 21:43:32,2025-12-01,2025,12,December,0,Monday,False,Late Night
759,PSHI-2026-01-I-133002,2,01/23/2026 02:33 PM,2026-01-23 12:26:00,,Visitor sustained minor injury.,Hershey - Dispatched To: HMC - Children's Hospital - 8 - NICU - Neonatal Intensive Care Unit West (NICU) > HMC - Children's Hospital - 8 - NICU - Neonatal Intensive Care Unit West (NICU),2026-02-18 21:43:32,2026-01-23,2026,1,January,12,Friday,False,Afternoon
760,26UP00343,1,01/23/2026 02:14 PM,2026-01-22 14:02:00,01/23/2026 02:14 PM,Employee reported suspicious activity,UNIVERSITY SUPPORT BLDG I,2026-02-18 21:43:32,2026-01-22,2026,1,January,14,Thursday,False,Afternoon
761,PSHI-2026-01-I-132997,2,01/23/2026 02:03 PM,2026-01-23 13:21:00,,Assisted clinical staff with agitated patient.,Hershey - Dispatched To: HMC - Main Hospital - 4 - Neuroscience Integrated Care Unit East > HMC - Main Hospital - 4 - Neuroscience Integrated Care Unit East,2026-02-18 21:43:32,2026-01-23,2026,1,January,13,Friday,False,Afternoon
762,26UP00342,1,01/23/2026 02:00 PM,2026-01-23 14:00:00,01/23/2026 02:47 PM,Employee reported accidental damage to a privately owned vehicle,MEATS LAB,2026-02-18 21:43:32,2026-01-23,2026,1,January,14,Friday,False,Afternoon
763,PSHI-2026-01-I-132996,2,01/23/2026 12:21 PM,2026-01-23 11:19:00,,Assisted clinical staff with agitated patient.,Hershey - Dispatched To: HMC - Main Hospital - 4 - Neuroscience Integrated Care Unit East > HMC - Main Hospital - 4 - Neuroscience Integrated Care Unit East,2026-02-18 21:43:32,2026-01-23,2026,1,January,11,Friday,False,Morning
764,26YK00002,23,01/23/2026 11:09 AM,2026-01-23 10:03:00,01/23/2026 10:05 AM,Student reported a two vehicle crash with no injuries,UPPER PULLO CENTER PARKING LOT - YORK,2026-02-18 21:43:32,2026-01-23,2026,1,January,10,Friday,False,Morning
765,PSHI-2026-01-I-132995,2,01/23/2026 09:48 AM,2026-01-23 09:36:00,,Vetted visitor through lobby management software.,Hershey - Dispatched To: HMC - Children's Hospital > HMC - Children's Hospital,2026-02-18 21:43:32,2026-01-23,2026,1,January,9,Friday,False,Morning
766,PSHI-2026-01-I-132994,2,01/23/2026 09:32 AM,2026-01-23 07:11:00,,Assisted clinic staff with disgruntled visitor.,Hershey - Dispatched To: HMC - 15 Hope Drive - HOSC > HMC - 15 Hope Drive - HOSC,2026-02-18 21:43:32,2026-01-23,2026,1,January,7,Friday,False,Morning
767,26UP00341,1,01/23/2026 09:15 AM,2026-01-23 09:15:00,01/23/2026 09:30 AM,Assisted the fire department with a reported smoke condition/fire alarmactivation,GRUBB HALL,2026-02-18 21:43:32,2026-01-23,2026,1,January,9,Friday,False,Morning
768,26BK00015,4,01/23/2026 07:17 AM,2026-01-23 07:17:00,01/23/2026 07:22 AM,Employee reported a parking concern,CLARY DR,2026-02-18 21:43:32,2026-01-23,2026,1,January,7,Friday,False,Morning
769,PSHI-2026-01-I-132989,2,01/23/2026 05:20 AM,2026-01-23 01:37:00,,Vetted visitor through lobby management.,Hershey - Dispatched To: HMC - Children's Hospital > HMC - Children's Hospital,2026-02-18 21:43:32,2026-01-23,2026,1,January,1,Friday,False,Late Night
770,26UP00340,1,01/23/2026 04:02 AM,2026-01-23 04:02:00,01/23/2026 05:43 AM,Officer conducted a security inspection,ADLER ATHLETIC COMPLEX,2026-02-18 21:43:32,2026-01-23,2026,1,January,4,Friday,False,Late Night
771,PSHI-2026-01-I-132988,2,01/23/2026 03:46 AM,2026-01-23 02:50:00,,Assisted clinical staff with agitated visitor.,Hershey - Dispatched To: HMC - Emergency Department > HMC - Emergency Department,2026-02-18 21:43:32,2026-01-23,2026,1,January,2,Friday,False,Late Night
772,PSHI-2026-01-I-132987,2,01/23/2026 01:21 AM,2026-01-23 21:14:00,,Visitor mismatch to the sex offender registry.,Hershey - Dispatched To: HMC - Children's Hospital > HMC - Children's Hospital,2026-02-18 21:43:32,2026-01-23,2026,1,January,21,Friday,False,Evening
773,PSHI-2026-01-I-132985,2,01/22/2026 11:23 PM,2026-01-22 22:34:00,,Turned over suspected drugs to the police.,Hershey - Dispatched To: HMC - Emergency Department > HMC - Emergency Department,2026-02-18 21:43:32,2026-01-22,2026,1,January,22,Thursday,False,Late Night
774,26ER00024,5,01/22/2026 11:00 PM,2026-01-22 23:00:00,01/23/2026 12:55 AM,Underage student observed highly intoxicated and transported to the hospital,TIFFANY HALL,2026-02-18 21:43:32,2026-01-22,2026,1,January,23,Thursday,False,Late Night
775,26UP00336,1,01/22/2026 10:29 PM,2026-01-22 22:29:00,01/22/2026 11:00 PM,Student observed highly intoxicated and transported to the hospital,W BEAVER AVE,2026-02-18 21:43:32,2026-01-22,2026,1,January,22,Thursday,False,Late Night
776,26ER00023,5,01/22/2026 08:57 PM,2026-01-22 20:57:00,01/22/2026 09:08 PM,Employee reported a fire alarm activation,ELLIOTT HALL,2026-02-18 21:43:32,2026-01-22,2026,1,January,20,Thursday,False,Evening
777,26UP00328,1,01/22/2026 08:09 PM,2026-01-22 20:09:00,01/22/2026 08:21 PM,Student requested assistance with an administrative matter,GEARY HALL,2026-02-18 21:43:32,2026-01-22,2026,1,January,20,Thursday,False,Evening
778,26UP00329,1,01/22/2026 08:08 PM,2026-01-22 20:08:00,01/22/2026 08:34 PM,Received this department's copy of a Protection From Abuse (PFA) order,UNIVERSITY SUPPORT BLDG I,2026-02-18 21:43:32,2026-01-22,2026,1,January,20,Thursday,False,Evening
779,PSHI-2026-01-I-132979,2,01/22/2026 07:53 PM,2026-01-22 18:40:00,,Assisted visitor with transportation issues.,Hershey - Dispatched To: HMC - Main Hospital > HMC - Main Hospital,2026-02-18 21:43:32,2026-01-22,2026,1,January,18,Thursday,False,Evening
780,26BW00008,7,01/22/2026 06:45 PM,2025-10-01 00:00:00,01/20/2026 12:00 AM,Student reported disorderly person,ORCHARD HALL,2026-02-18 21:43:32,2025-10-01,2025,10,October,0,Wednesday,False,Late Night
781,26UP00326,1,01/22/2026 04:20 PM,2026-01-22 13:53:00,01/22/2026 04:39 PM,Employee reported suspicious activity,BOUCKE BLDG,2026-02-18 21:43:32,2026-01-22,2026,1,January,13,Thursday,False,Afternoon
782,26AL00035,3,01/22/2026 04:10 PM,2026-01-22 16:10:00,01/22/2026 04:40 PM,Employee reported a fire alarm activation,OAK HALL,2026-02-18 21:43:32,2026-01-22,2026,1,January,16,Thursday,False,Afternoon
783,26UP00325,1,01/22/2026 03:48 PM,2026-01-22 15:48:00,01/22/2026 04:11 PM,Visitor reported abandoned property,NITTANY PARKING,2026-02-18 21:43:32,2026-01-22,2026,1,January,15,Thursday,False,Afternoon
784,26FE00001,10,01/22/2026 03:38 PM,2020-01-22 00:00:00,01/23/2026 11:47 AM,Employees reported being harassed,COAL AND COKE HERATIGE MUSEUM,2026-02-18 21:43:32,2020-01-22,2020,1,January,0,Wednesday,False,Late Night
785,26UP00324,1,01/22/2026 02:17 PM,2026-01-18 18:00:00,01/18/2026 11:59 PM,Student reported being harassed,ROBINSON HALL,2026-02-18 21:43:32,2026-01-18,2026,1,January,18,Sunday,True,Evening
787,26UP00321,1,01/22/2026 12:48 PM,2026-01-22 12:48:00,01/22/2026 01:31 PM,Visitor reported being physically assaulted by a known person,AIRPORT AIR TERMINAL BLDG,2026-02-18 21:43:32,2026-01-22,2026,1,January,12,Thursday,False,Afternoon
788,26AL00034,3,01/22/2026 12:22 PM,2026-01-22 12:22:00,01/22/2026 01:00 PM,Assisted an outside law enforcement agency with an investigation,COLONIAL DR,2026-02-18 21:43:32,2026-01-22,2026,1,January,12,Thursday,False,Afternoon
789,PSHI-2026-01-I-132960,2,01/22/2026 10:40 AM,2026-01-22 09:42:00,,Infant Abduction Drill.,Hershey - Dispatched To: HMC - Children's Hospital > HMC - Children's Hospital,2026-02-18 21:43:32,2026-01-22,2026,1,January,9,Thursday,False,Morning
790,26BW00007,7,01/22/2026 10:32 AM,2026-01-22 10:32:00,01/22/2026 10:00 AM,Employee reported a parking concern,ORCHARD HALL,2026-02-18 21:43:32,2026-01-22,2026,1,January,10,Thursday,False,Morning
791,PSHI-2026-01-I-132959,2,01/22/2026 10:16 AM,2026-01-22 09:52:00,,Assisted clinical staff with agitated patient.,Hershey - Dispatched To: HMC - Emergency Department > HMC - Emergency Department,2026-02-18 21:43:32,2026-01-22,2026,1,January,9,Thursday,False,Morning
792,26ER00022,5,01/22/2026 10:00 AM,2026-01-22 09:55:00,01/22/2026 10:45 AM,Visitor reported a traffic concern regarding a vehicle,SENAT HALL SIDEWALK,2026-02-18 21:43:32,2026-01-22,2026,1,January,9,Thursday,False,Morning
793,26BK00014,4,01/22/2026 09:46 AM,2026-01-22 09:46:00,,Employee reported a parking concern,CLARY DR,2026-02-18 21:43:32,2026-01-22,2026,1,January,9,Thursday,False,Morning
794,26BK00013,4,01/22/2026 09:35 AM,2026-01-22 09:35:00,,Employee reported a parking concern,FACULTY STAFF VISITOR LOT B1 - BERKS,2026-02-18 21:43:32,2026-01-22,2026,1,January,9,Thursday,False,Morning
795,26UP00319,1,01/22/2026 08:44 AM,2026-01-22 08:44:00,01/22/2026 08:50 AM,Visitor requested assistance in locating a student,MILLER HALL,2026-02-18 21:43:32,2026-01-22,2026,1,January,8,Thursday,False,Morning
796,26LV00002,16,01/22/2026 08:28 AM,2006-01-21 19:26:00,,Employee reported a concern for a student,LEHIGH VALLEY BLDG,2026-02-18 21:43:32,2006-01-21,2006,1,January,19,Saturday,True,Evening
797,PSHI-2026-01-I-132958,2,01/22/2026 07:34 AM,2026-01-21 14:41:00,,Assisted clinical staff with agitated visitor.,Hershey - Dispatched To: HMC - UPC-1 > HMC - UPC-1,2026-02-18 21:43:32,2026-01-21,2026,1,January,14,Wednesday,False,Afternoon
798,PSHI-2026-01-I-132956,2,01/22/2026 06:00 AM,2026-01-22 05:38:00,,Assisted clinical staff with agitated patient.,Hershey - Dispatched To: HMC - Emergency Department > HMC - Emergency Department,2026-02-18 21:43:32,2026-01-22,2026,1,January,5,Thursday,False,Morning
799,26AL00032,3,01/22/2026 02:30 AM,2026-01-22 02:30:00,,Employee reported a fire alarm activation,OAK HALL,2026-02-18 21:43:32,2026-01-22,2026,1,January,2,Thursday,False,Late Night
800,PSHI-2026-01-I-132953,2,01/22/2026 02:17 AM,2026-01-21 18:50:00,,Team de-escalation for agitated patient.,Hershey - Dispatched To: HMC - Main Hospital > HMC - Main Hospital,2026-02-18 21:43:32,2026-01-21,2026,1,January,18,Wednesday,False,Evening
801,26UP00317,1,01/22/2026 12:17 AM,2026-01-18 23:00:00,01/18/2025 11:00 PM,Student reported a person trespassing inside a residence hall room,PENNYPACKER HALL,2026-02-18 21:43:32,2026-01-18,2026,1,January,23,Sunday,True,Late Night
802,PSHI-2026-01-I-132949,2,01/21/2026 11:24 PM,2026-01-21 22:51:00,,Assisted clinical staff with agitated patient.,Hershey - Dispatched To: HMC - Main Hospital - 4 - Neuro > HMC - Main Hospital - 4 - Neuro,2026-02-18 21:43:32,2026-01-21,2026,1,January,22,Wednesday,False,Late Night
803,26ER00021,5,01/21/2026 11:20 PM,2026-01-21 23:20:00,01/21/2026 11:30 PM,Employee reported a fire alarm activation,ALMY HALL,2026-02-18 21:43:32,2026-01-21,2026,1,January,23,Wednesday,False,Late Night
804,26UP00314,1,01/21/2026 11:06 PM,2026-01-21 23:06:00,01/21/2026 11:35 PM,Employee reported a fire alarm activation,PINCHOT HALL,2026-02-18 21:43:32,2026-01-21,2026,1,January,23,Wednesday,False,Late Night
805,PSHI-2026-01-I-132945,2,01/21/2026 10:17 PM,2026-01-21 20:40:00,,Assisted clinical staff with agitated visitor.,Hershey - Dispatched To: HMC - Main Hospital - 1 - Surgical Waiting Area > HMC - Main Hospital - 1 - Surgical Waiting Area,2026-02-18 21:43:32,2026-01-21,2026,1,January,20,Wednesday,False,Evening
806,26AB00019,2,01/21/2026 09:52 PM,2026-01-21 21:52:00,01/21/2026 10:02 PM,Visitor mistakenly dialed 911. no issue discovered,LIONS GATE AT PENN STATE ABINGTON,2026-02-18 21:43:32,2026-01-21,2026,1,January,21,Wednesday,False,Evening
807,26UP00313,1,01/21/2026 08:54 PM,2026-01-21 20:54:00,01/22/2026 11:51 PM,Student reported being harassed,PENNYPACKER HALL,2026-02-18 21:43:32,2026-01-21,2026,1,January,20,Wednesday,False,Evening
808,26UP00312,1,01/21/2026 06:54 PM,2026-01-21 18:54:00,,Assisted an outside law enforcement agency,MOORE BLDG,2026-02-18 21:43:32,2026-01-21,2026,1,January,18,Wednesday,False,Evening
809,26UP00311,1,01/21/2026 06:48 PM,2026-01-21 12:40:00,01/21/2026 10:17 AM,Employee reported being harassed,UNKNOWN LOCATION,2026-02-18 21:43:32,2026-01-21,2026,1,January,12,Wednesday,False,Afternoon
810,26AL00031,3,01/21/2026 06:13 PM,2026-01-21 17:00:00,01/21/2026 06:13 PM,Employee reported suspicious persons,HAWTHORN BLDG,2026-02-18 21:43:32,2026-01-21,2026,1,January,17,Wednesday,False,Evening
811,26ER00020,5,01/21/2026 06:00 PM,2026-01-21 18:00:00,01/21/2026 06:29 PM,Employee reported unsafe conditions,REED BUILDING NORTH SIDEWALK,2026-02-18 21:43:32,2026-01-21,2026,1,January,18,Wednesday,False,Evening
812,26AB00018,2,01/21/2026 05:54 PM,2026-01-08 00:00:00,01/21/2026 12:42 AM,Student reported a concern for another student,LIONS GATE AT PENN STATE ABINGTON,2026-02-18 21:43:32,2026-01-08,2026,1,January,0,Thursday,False,Late Night
813,26HN00005,15,01/21/2026 05:15 PM,2026-01-21 17:15:00,01/21/2026 05:36 PM,Employee reported a fire alarm drill activation,RESIDENCE HALL NORTH,2026-02-18 21:43:32,2026-01-21,2026,1,January,17,Wednesday,False,Evening
814,PSHI-2026-01-I-132935,2,01/21/2026 05:11 PM,2026-01-21 17:04:00,,Received court documents.,Hershey - Dispatched To: HMC - Main Hospital > HMC - Main Hospital,2026-02-18 21:43:32,2026-01-21,2026,1,January,17,Wednesday,False,Evening
815,26UP00309,1,01/21/2026 04:39 PM,2026-01-18 17:00:00,01/21/2026 04:49 PM,Student reported the theft of their unattended personal property,MCELWAIN HALL,2026-02-18 21:43:32,2026-01-18,2026,1,January,17,Sunday,True,Evening
816,PSHI-2026-01-I-132934,2,01/21/2026 04:39 PM,2026-01-21 12:35:00,,Assisted clinical staff with agitated patient.,Hershey - Dispatched To: HMC - Children's Hospital > HMC - Children's Hospital,2026-02-18 21:43:32,2026-01-21,2026,1,January,12,Wednesday,False,Afternoon
817,26UP00308,1,01/21/2026 04:19 PM,2026-01-21 16:05:00,01/21/2026 04:51 PM,Student reported a two vehicle crash with no injuries,COMMUTER JORDAN EAST 2 LOT,2026-02-18 21:43:32,2026-01-21,2026,1,January,16,Wednesday,False,Afternoon
818,PSHI-2026-01-I-132930,2,01/21/2026 04:02 PM,2026-01-21 15:46:00,,Assisted clinical staff with trauma patient.,Hershey - Dispatched To: HMC - Emergency Department > HMC - Emergency Department,2026-02-18 21:43:32,2026-01-21,2026,1,January,15,Wednesday,False,Afternoon
819,26UP00307,1,01/21/2026 02:47 PM,2026-01-21 14:47:00,01/21/2026 05:04 PM,Visitor reported suspicious activity,HASTINGS HALL,2026-02-18 21:43:32,2026-01-21,2026,1,January,14,Wednesday,False,Afternoon
820,26BW00014,7,01/21/2026 02:40 PM,2026-01-21 14:30:00,01/21/2026 02:45 PM,Assisted the ambulance with a medical emergency,COMMONS & ATHLETIC CENTER,2026-02-18 21:43:32,2026-01-21,2026,1,January,14,Wednesday,False,Afternoon
821,26UP00306,1,01/21/2026 01:29 PM,2026-01-21 13:29:00,01/21/2026 03:14 PM,Employee requested assistance with an administrative matter,BUSINESS BLDG,2026-02-18 21:43:32,2026-01-21,2026,1,January,13,Wednesday,False,Afternoon
822,26LV00001,16,01/21/2026 01:00 PM,2026-01-21 13:00:00,,Assisted a student with a personal matter,LEHIGH VALLEY BLDG,2026-02-18 21:43:32,2026-01-21,2026,1,January,13,Wednesday,False,Afternoon
823,26AL00030,3,01/21/2026 12:34 PM,2026-01-21 12:34:00,01/21/2026 12:50 PM,Employee reported a parking concern,IVY LOT - GIV - ALTOONA,2026-02-18 21:43:32,2026-01-21,2026,1,January,12,Wednesday,False,Afternoon
824,PSHI-2026-01-I-132923,2,01/21/2026 11:11 AM,2026-01-21 12:35:00,,Minor crash on campus.,Hershey - Dispatched To: HMC - University Drive Roadway > HMC - University Drive Roadway,2026-02-18 21:43:32,2026-01-21,2026,1,January,12,Wednesday,False,Afternoon
825,26UP00304,1,01/21/2026 10:18 AM,2026-01-20 12:30:00,01/21/2026 05:30 AM,Employee requested assistance with an administrative matter,"ANIMAL, VETERINARY, AND BIOMEDICAL SCIENCES BUILDING",2026-02-18 21:43:32,2026-01-20,2026,1,January,12,Tuesday,False,Afternoon
826,PSHI-2026-01-I-132922,2,01/21/2026 10:14 AM,2026-01-21 10:12:00,,Received court documents.,Hershey - Reported Location: HMC - Main Hospital - 7 - PSCI,2026-02-18 21:43:32,2026-01-21,2026,1,January,10,Wednesday,False,Morning
827,26UP00303,1,01/21/2026 10:06 AM,2026-01-20 17:24:00,,Student reported the theft of their unsecured personal property,WHITE BLDG,2026-02-18 21:43:32,2026-01-20,2026,1,January,17,Tuesday,False,Evening
828,26AL00029,3,01/21/2026 08:17 AM,2026-01-21 08:13:00,01/21/2026 08:21 AM,Employee reported a fire alarm activation,OAK HALL,2026-02-18 21:43:32,2026-01-21,2026,1,January,8,Wednesday,False,Morning
829,PSHI-2026-01-I-132912,2,01/21/2026 02:37 AM,2026-01-21 02:11:00,,Assisted clinical staff with agitated visitor.,Hershey - Dispatched To: HMC - Emergency Department > HMC - Emergency Department,2026-02-18 21:43:32,2026-01-21,2026,1,January,2,Wednesday,False,Late Night
830,26UP00302,1,01/21/2026 12:55 AM,2026-01-21 00:55:00,01/21/2026 01:30 AM,Employee reported a fire and smoke condition,OLD COALY WAY,2026-02-18 21:43:32,2026-01-21,2026,1,January,0,Wednesday,False,Late Night
831,PSHI-2026-01-I-132910,2,01/20/2026 11:26 PM,2026-01-20 22:51:00,,Assisted law enforcement with access to patient.,Hershey - Dispatched To: HMC - Main Hospital - 7 - PSCI > HMC - Main Hospital - 7 - PSCI,2026-02-18 21:43:32,2026-01-20,2026,1,January,22,Tuesday,False,Late Night
832,PSHI-2026-01-I-132907,2,01/20/2026 09:54 PM,2026-01-20 19:11:00,,Assisted clinical staff with agitated patient.,Hershey - Dispatched To: HMC - Main Hospital - 4 - Acute Care > HMC - Main Hospital - 4 - Acute Care,2026-02-18 21:43:32,2026-01-20,2026,1,January,19,Tuesday,False,Evening
833,26UP00298,1,01/20/2026 08:27 PM,2026-01-20 20:27:00,01/20/2026 08:37 PM,Employee reported a traffic complaint,STUCKEMAN FAMILY BLDG,2026-02-18 21:43:32,2026-01-20,2026,1,January,20,Tuesday,False,Evening
834,26UP00299,1,01/20/2026 08:15 PM,2026-01-20 20:15:00,01/20/2026 09:03 PM,Assisted a student with a personal matter,BEAM HALL,2026-02-18 21:43:32,2026-01-20,2026,1,January,20,Tuesday,False,Evening
835,26AL00028,3,01/20/2026 08:10 PM,2026-01-20 20:10:00,01/20/2026 08:22 PM,Employee reported a fire alarm activation,OAK HALL,2026-02-18 21:43:32,2026-01-20,2026,1,January,20,Tuesday,False,Evening
836,26HN00004,15,01/20/2026 06:17 PM,2026-01-20 18:18:00,01/20/2026 06:20 PM,Officers responded to a 911 hang-up with no voice contact,KOSTOS BUILDING,2026-02-18 21:43:32,2026-01-20,2026,1,January,18,Tuesday,False,Evening
837,26UP00297,1,01/20/2026 05:11 PM,2026-01-20 16:45:00,01/20/2026 05:56 PM,Assisted a student with a personal matter,BEAM HALL,2026-02-18 21:43:32,2026-01-20,2026,1,January,16,Tuesday,False,Afternoon
838,PSHI-2026-01-I-132897,2,01/20/2026 05:07 PM,2026-01-20 15:12:00,,Assisted clinical staff with agitated visitor.,Hershey - Dispatched To: HMC - Children's Hospital - 6 - Pediatric Surgical Care Unit > HMC - Children's Hospital - 6 - Pediatric Surgical Care Unit,2026-02-18 21:43:32,2026-01-20,2026,1,January,15,Tuesday,False,Afternoon
839,PSHI-2026-01-I-132896,2,01/20/2026 04:30 PM,2026-01-20 16:23:00,,Visitor match to the sex offender registry.,Hershey - Dispatched To: HMC - Children's Hospital - 1 - Children's Hospital Main Information Desk > HMC - Children's Hospital - 1 - Children's Hospital Main Information Desk,2026-02-18 21:43:32,2026-01-20,2026,1,January,16,Tuesday,False,Afternoon
840,26UP00295,1,01/20/2026 03:55 PM,2026-01-20 15:55:00,01/20/2026 05:04 PM,Employee reported suspicious activity,CURTIN HALL,2026-02-18 21:43:32,2026-01-20,2026,1,January,15,Tuesday,False,Afternoon
841,26UP00294,1,01/20/2026 03:40 PM,2026-01-17 02:00:00,01/17/2026 10:00 AM,Employee reported damage to University property,SPROUL HALL,2026-02-18 21:43:32,2026-01-17,2026,1,January,2,Saturday,True,Late Night
842,26AB00017,2,01/20/2026 03:39 PM,2026-01-20 15:39:00,,Assisted an employee with an administrative matter,RYDAL BUILDING,2026-02-18 21:43:32,2026-01-20,2026,1,January,15,Tuesday,False,Afternoon
843,PSHI-2026-01-I-132895,2,01/20/2026 03:36 PM,2026-01-20 15:26:00,,Provided escort to vendor.,Hershey - Dispatched To: HMC - Main Hospital - 1 - Cashier's Office > HMC - Main Hospital - 1 - Cashier's Office,2026-02-18 21:43:32,2026-01-20,2026,1,January,15,Tuesday,False,Afternoon
844,PSHI-2026-01-I-132894,2,01/20/2026 03:16 PM,2026-01-20 11:45:00,,Assisted clinical staff with agitated visitor.,Hershey - Dispatched To: HMC - 35 Hope Drive - 1 - Peds Clinic > HMC - 35 Hope Drive - 1 - Peds Clinic,2026-02-18 21:43:32,2026-01-20,2026,1,January,11,Tuesday,False,Morning
845,26WS00003,22,01/20/2026 02:50 PM,2026-01-20 14:50:00,,Employee reported a student being harassed,1ST AVE,2026-02-18 21:43:32,2026-01-20,2026,1,January,14,Tuesday,False,Afternoon
846,26WS00002,22,01/20/2026 01:10 PM,2026-01-20 13:00:00,01/20/2026 01:10 PM,Visitor reported a concern for a student,DEPOT ST,2026-02-18 21:43:32,2026-01-20,2026,1,January,13,Tuesday,False,Afternoon
847,PSHI-2026-01-I-132890,2,01/20/2026 01:10 PM,2026-01-20 12:47:00,,Assisted clinical staff with agitated patient.,Hershey - Dispatched To: HMC - Children's Hospital - 1 - P1400: Peds Hem\Oc Clinic > HMC - Children's Hospital - 1 - P1400: Peds Hem\Oc Clinic,2026-02-18 21:43:32,2026-01-20,2026,1,January,12,Tuesday,False,Afternoon
848,26BK00011,4,01/20/2026 01:07 PM,2026-01-20 12:15:00,01/20/2026 02:16 PM,Visitor reported a parking concern,FACULTY STAFF VISITOR LOT B1 - BERKS,2026-02-18 21:43:32,2026-01-20,2026,1,January,12,Tuesday,False,Afternoon
849,PSHI-2026-01-I-132889,2,01/20/2026 12:31 PM,2026-01-20 08:38:00,,Assisted clinical staff with agitated patient.,Hershey - Dispatched To: HMC - Emergency Department > HMC - Emergency Department,2026-02-18 21:43:32,2026-01-20,2026,1,January,8,Tuesday,False,Morning
850,26HB00019,13,01/20/2026 11:15 AM,2026-01-20 11:00:00,01/20/2026 11:35 AM,Visitor requested assistance in locating a student,MUNCY HOUSE,2026-02-18 21:43:32,2026-01-20,2026,1,January,11,Tuesday,False,Morning
851,26BK00010,4,01/20/2026 10:46 AM,2026-01-20 10:46:00,01/20/2026 12:11 PM,Visitor reported a concern for a student,COMMUTER LOT G1 - BERKS,2026-02-18 21:43:32,2026-01-20,2026,1,January,10,Tuesday,False,Morning
852,26UP00293,1,01/20/2026 10:45 AM,2026-01-20 10:30:00,01/20/2026 11:16 AM,Employee reported a two vehicle crash with no injuries,YELLOW T REDIFER LOT,2026-02-18 21:43:32,2026-01-20,2026,1,January,10,Tuesday,False,Morning
853,26UP00292,1,01/20/2026 10:01 AM,2026-01-20 09:50:00,,Employee reported a two vehicle crash with no injuries,NITTANY PARKING,2026-02-18 21:43:32,2026-01-20,2026,1,January,9,Tuesday,False,Morning
854,PSHI-2026-01-I-132886,2,01/20/2026 09:50 AM,2026-01-20 09:05:00,,Assisted clinical staff with agitated patient.,Hershey - Dispatched To: HMC - Main Hospital - 6 - Acute Care > HMC - Main Hospital - 6 - Acute Care,2026-02-18 21:43:32,2026-01-20,2026,1,January,9,Tuesday,False,Morning
855,26UP00290,1,01/20/2026 09:18 AM,2026-01-19 12:00:00,01/20/2026 09:00 AM,Employee reported damage to University property,MARTIN HALL,2026-02-18 21:43:32,2026-01-19,2026,1,January,12,Monday,False,Afternoon
856,26UP00291,1,01/20/2026 09:14 AM,2026-01-20 09:14:00,01/20/2026 09:44 AM,Student requested assistance with a personal matter,HUB ROBESON CULTURAL CENTER,2026-02-18 21:43:32,2026-01-20,2026,1,January,9,Tuesday,False,Morning
857,PSHI-2026-01-I-132884,2,01/20/2026 09:05 AM,2026-01-15 14:05:00,,Assisted clinical staff with agitated patient.,Hershey - Dispatched To: HMC Off-Site - PSMG - Palmyra - PSMG > HMC Off-Site - PSMG - Palmyra - PSMG,2026-02-18 21:43:32,2026-01-15,2026,1,January,14,Thursday,False,Afternoon
858,26HB00016,13,01/20/2026 08:59 AM,2026-01-20 08:59:00,01/20/2026 09:41 AM,Employee reported a fire alarm activation,EDUCATIONAL ACTIVITIES BUILDING,2026-02-18 21:43:32,2026-01-20,2026,1,January,8,Tuesday,False,Morning
859,PSHI-2026-01-I-132876,2,01/20/2026 01:41 AM,2026-01-20 00:00:00,,Assisted clinical staff with agitated visitor.,Hershey - Dispatched To: HMC - Emergency Department > HMC - Emergency Department,2026-02-18 21:43:32,2026-01-20,2026,1,January,0,Tuesday,False,Late Night
860,PSHI-2026-01-I-132875,2,01/19/2026 11:43 PM,2026-01-19 18:37:00,,Assisted clinical staff with search of patient belongings.,Hershey - Dispatched To: HMC - Main Hospital > HMC - Main Hospital,2026-02-18 21:43:32,2026-01-19,2026,1,January,18,Monday,False,Evening
861,26UP00289,1,01/19/2026 09:46 PM,2026-01-19 00:30:00,01/19/2026 09:46 PM,Student requested assistance with a civil  matter,RUNKLE HALL,2026-02-18 21:43:32,2026-01-19,2026,1,January,0,Monday,False,Late Night
862,26UP00288,1,01/19/2026 08:26 PM,2026-01-19 20:11:00,01/19/2026 08:30 PM,Employee reported damage to University property,PINCHOT HALL,2026-02-18 21:43:32,2026-01-19,2026,1,January,20,Monday,False,Evening
863,26UP00287,1,01/19/2026 08:17 PM,2026-01-19 04:00:00,01/19/2026 04:30 AM,Student reported damage to University property,MARTIN HALL,2026-02-18 21:43:32,2026-01-19,2026,1,January,4,Monday,False,Late Night
864,PSHI-2026-01-I-132865,2,01/19/2026 05:03 PM,2026-01-19 16:15:00,,Assisted clinical staff with visitor issue.,Hershey - Dispatched To: HMC - Children's Hospital - 4 - PIMCU > HMC - Children's Hospital - 4 - PIMCU,2026-02-18 21:43:32,2026-01-19,2026,1,January,16,Monday,False,Afternoon
865,PSHI-2026-01-I-132864,2,01/19/2026 04:38 PM,2026-01-19 15:05:00,,Assisted patient with property issue.,Hershey - Dispatched To: HMC - 1 - Trauma Surgical Main Southeast      > HMC - 1 - Trauma Surgical Main Southeast,2026-02-18 21:43:32,2026-01-19,2026,1,January,15,Monday,False,Afternoon
867,26ER00019,5,01/19/2026 01:45 PM,2025-09-15 00:00:00,11/24/2025 11:59 PM,Student reported theft by deception,COLLEGE DR,2026-02-18 21:43:32,2025-09-15,2025,9,September,0,Monday,False,Late Night
869,PSHI-2026-01-I-132861,2,01/19/2026 12:59 PM,2026-01-19 12:56:00,,Safekeeping of patient knife.,Hershey - Reported Location: HMC - Main Hospital - 1 - Security Operations Center,2026-02-18 21:43:32,2026-01-19,2026,1,January,12,Monday,False,Afternoon
870,PSHI-2026-01-I-132860,2,01/19/2026 12:19 PM,2026-01-19 12:07:00,,Assisted clinical staff with agitated patient.,Hershey - Dispatched To: HMC - Emergency Department > HMC - Emergency Department,2026-02-18 21:43:32,2026-01-19,2026,1,January,12,Monday,False,Afternoon
871,PSHI-2026-01-I-132855,2,01/19/2026 09:18 AM,2026-01-19 08:18:00,,Assisted clinical staff with agitated patient.,Hershey - Dispatched To: HMC - Main Hospital > HMC - Main Hospital,2026-02-18 21:43:32,2026-01-19,2026,1,January,8,Monday,False,Morning
872,PSHI-2026-01-I-132845,2,01/19/2026 03:58 AM,2026-01-19 02:04:00,,Investigated unfounded fire alarm.,Hershey - Dispatched To: COM - BMR > COM - BMR,2026-02-18 21:43:32,2026-01-19,2026,1,January,2,Monday,False,Late Night
873,26UP00284,1,01/19/2026 03:15 AM,2026-01-19 03:15:00,01/19/2026 03:32 AM,"Resident Assistant reported the odor of marijuana, origin not located",BRUMBAUGH HALL,2026-02-18 21:43:32,2026-01-19,2026,1,January,3,Monday,False,Late Night
874,26UP00285,1,01/19/2026 03:11 AM,2026-01-19 02:30:00,01/19/2026 04:04 AM,Student reported suspicious persons,PACKER HALL,2026-02-18 21:43:32,2026-01-19,2026,1,January,2,Monday,False,Late Night
875,PSHI-2026-01-I-132842,2,01/19/2026 03:09 AM,2026-01-19 02:33:00,,Assisted college students with access to EMS.,Hershey - Dispatched To: COM - University Manor East > COM - University Manor East,2026-02-18 21:43:32,2026-01-19,2026,1,January,2,Monday,False,Late Night
876,26UP00283,1,01/19/2026 02:28 AM,2026-01-16 02:00:00,01/16/2026 02:15 AM,Student reported suspicious persons,NITTANY APT,2026-02-18 21:43:32,2026-01-16,2026,1,January,2,Friday,False,Late Night
877,26UP00282,1,01/19/2026 02:16 AM,2026-01-19 02:16:00,01/19/2026 02:33 AM,Underage student observed highly intoxicated and transported to the hospital,HIESTER HALL,2026-02-18 21:43:32,2026-01-19,2026,1,January,2,Monday,False,Late Night
878,PSHI-2026-01-I-132839,2,01/19/2026 12:47 AM,2026-01-18 19:26:00,,Assisted clinical staff with agitated patient.,Hershey - Dispatched To: HMC - Main Hospital > HMC - Main Hospital,2026-02-18 21:43:32,2026-01-18,2026,1,January,19,Sunday,True,Evening
879,26UP00281,1,01/19/2026 12:11 AM,2026-01-19 00:11:00,01/19/2026 12:39 AM,Student observed highly intoxicated and transported to the hospital,PORTER HALL,2026-02-18 21:43:32,2026-01-19,2026,1,January,0,Monday,False,Late Night
880,26ER00018,5,01/18/2026 11:56 PM,2026-01-18 23:56:00,01/19/2026 12:30 AM,Visitor requested assistance in locating a student,OHIO HALL,2026-02-18 21:43:32,2026-01-18,2026,1,January,23,Sunday,True,Late Night
881,26BW00006,7,01/18/2026 11:18 PM,2026-01-18 23:18:00,01/18/2026 11:33 PM,Officers responded to a 911 hang-up with no voice contact,STUDENT UNION AND DINING,2026-02-18 21:43:32,2026-01-18,2026,1,January,23,Sunday,True,Late Night
882,26ER00017,5,01/18/2026 10:45 PM,2026-01-18 22:45:00,01/18/2026 11:30 PM,Visitor reported an alarm activation,REED BUILDING,2026-02-18 21:43:32,2026-01-18,2026,1,January,22,Sunday,True,Late Night
883,26UP00280,1,01/18/2026 08:46 PM,2026-01-18 20:46:00,01/18/2026 10:00 PM,Student reported a water leak,DEIKE BLDG,2026-02-18 21:43:32,2026-01-18,2026,1,January,20,Sunday,True,Evening
884,26AB00016,2,01/18/2026 07:50 PM,2026-01-18 19:40:00,01/18/2026 08:20 PM,Employee reported a fire alarm activation,LIONS GATE AT PENN STATE ABINGTON,2026-02-18 21:43:32,2026-01-18,2026,1,January,19,Sunday,True,Evening
885,26HB00014,13,01/18/2026 06:45 PM,2026-01-12 00:00:00,01/12/2026 11:59 PM,Student reported they were sexually assaulted by a known person in a vehicle,OLMSTED PARKING LOT - HARRISBURG,2026-02-18 21:43:32,2026-01-12,2026,1,January,0,Monday,False,Late Night
886,26AB00015,2,01/18/2026 06:40 PM,2026-01-18 18:30:00,01/18/2026 07:00 PM,Employee reported a fire alarm activation,LIONS GATE AT PENN STATE ABINGTON,2026-02-18 21:43:32,2026-01-18,2026,1,January,18,Sunday,True,Evening
887,26UP00276,1,01/18/2026 03:50 PM,2026-01-18 15:50:00,01/18/2026 05:32 PM,Employee reported suspicious persons,REC HALL,2026-02-18 21:43:32,2026-01-18,2026,1,January,15,Sunday,True,Afternoon
888,26UP00275,1,01/18/2026 03:41 PM,2026-01-17 15:22:00,01/17/2026 04:42 PM,Visitor requested assistance with a personal matter,AIRPORT AIR TERMINAL BLDG,2026-02-18 21:43:32,2026-01-17,2026,1,January,15,Saturday,True,Afternoon
889,26AB00014,2,01/18/2026 03:09 PM,2026-01-18 15:09:00,01/18/2026 03:24 PM,Employee reported a fire alarm activation,LIONS GATE AT PENN STATE ABINGTON,2026-02-18 21:43:32,2026-01-18,2026,1,January,15,Sunday,True,Afternoon
890,26HB00013,13,01/18/2026 02:30 PM,2026-01-18 14:30:00,01/18/2026 02:36 PM,Employee reported a fire alarm activation,SIGNAL HALL,2026-02-18 21:43:32,2026-01-18,2026,1,January,14,Sunday,True,Afternoon
891,26ER00016,5,01/18/2026 01:00 PM,2026-01-18 13:00:00,01/18/2026 02:30 PM,Visitor requested assistance with locating a student,OHIO HALL,2026-02-18 21:43:32,2026-01-18,2026,1,January,13,Sunday,True,Afternoon
892,PSHI-2026-01-I-132819,2,01/18/2026 09:45 AM,2026-01-18 08:41:00,,Property damaged by unknown source.,Hershey - Dispatched To: HMC - Main Hospital - 1 - Main Information Desk > HMC - Main Hospital - 1 - Main Information Desk,2026-02-18 21:43:32,2026-01-18,2026,1,January,8,Sunday,True,Morning
893,PSHI-2026-01-I-132818,2,01/18/2026 09:43 AM,2026-01-18 09:30:00,,Assisted with deposit to cashier's office.,Hershey - Dispatched To: HMC - Main Hospital - 1 - Cashier's Office > HMC - Main Hospital - 1 - Cashier's Office,2026-02-18 21:43:32,2026-01-18,2026,1,January,9,Sunday,True,Morning
894,26AL00027,3,01/18/2026 09:20 AM,2026-01-18 09:20:00,01/18/2026 09:30 AM,Assisted the fire department with a hazardous condition,E WOPSONONOCK AVE & IVYSIDE DR,2026-02-18 21:43:32,2026-01-18,2026,1,January,9,Sunday,True,Morning
895,26AL00026,3,01/18/2026 05:59 AM,2026-01-18 05:59:00,01/18/2026 06:38 AM,Student observed highly intoxicated and transported to the hospital,CEDAR HALL,2026-02-18 21:43:32,2026-01-18,2026,1,January,5,Sunday,True,Morning
896,26UP00273,1,01/18/2026 02:18 AM,2026-01-18 02:18:00,01/18/2026 07:24 AM,Employee reported being physically assaulted by a known person,AIRPORT AIR TERMINAL BLDG,2026-02-18 21:43:32,2026-01-18,2026,1,January,2,Sunday,True,Late Night
897,26HB00015,13,01/18/2026 01:58 AM,2026-01-18 01:58:00,01/18/2026 02:48 AM,Assisted the ambulance with a medical emergency,JUNIATA HOUSE,2026-02-18 21:43:32,2026-01-18,2026,1,January,1,Sunday,True,Late Night
898,26UP00271,1,01/18/2026 01:42 AM,2026-01-16 02:00:00,,Student reported they were sexually assaulted by a known person in a residence hall,SOUTH HALLS RESIDENCE COMPLEX,2026-02-18 21:43:32,2026-01-16,2026,1,January,2,Friday,False,Late Night
899,26UP00270,1,01/18/2026 01:27 AM,2026-01-18 01:27:00,01/18/2026 02:10 AM,Student observed highly intoxicated and transported to the hospital,MCKEE HALL,2026-02-18 21:43:32,2026-01-18,2026,1,January,1,Sunday,True,Late Night
900,26UP00269,1,01/18/2026 01:13 AM,2026-01-18 01:13:00,01/18/2026 01:27 AM,"Resident Assistant reported the odor of marijuana, origin not located",MCKEAN HALL,2026-02-18 21:43:32,2026-01-18,2026,1,January,1,Sunday,True,Late Night
901,26UP00268,1,01/18/2026 01:02 AM,2026-01-18 00:19:00,01/18/2026 12:39 AM,Student observed highly intoxicated,SHORTLIDGE RD & E COLLEGE AVE,2026-02-18 21:43:32,2026-01-18,2026,1,January,0,Sunday,True,Late Night
902,PSHI-2026-01-I-132802,2,01/18/2026 12:11 AM,2026-01-17 20:10:00,,Patient scratched staff member.,Hershey - Dispatched To: HMC - Emergency Department > HMC - Emergency Department,2026-02-18 21:43:32,2026-01-17,2026,1,January,20,Saturday,True,Evening
903,26BK00008,4,01/18/2026 12:11 AM,2026-01-18 00:11:00,01/18/2026 12:00 AM,Student reported a fire alarm activation,LAUREL HALL,2026-02-18 21:43:32,2026-01-18,2026,1,January,0,Sunday,True,Late Night
904,26BK00009,4,01/18/2026 12:11 AM,2026-01-18 00:11:00,01/18/2026 12:45 AM,Student found in possession of alcoholic beverages being less than 21 years of age,LAUREL HALL,2026-02-18 21:43:32,2026-01-18,2026,1,January,0,Sunday,True,Late Night
905,26ER00015,5,01/18/2026 12:00 AM,2026-01-18 00:00:00,01/18/2026 12:15 AM,Officers responded to a 911 hang-up with no voice contact,ALMY LOT - ERIE,2026-02-18 21:43:32,2026-01-18,2026,1,January,0,Sunday,True,Late Night
906,26UP00266,1,01/17/2026 11:49 PM,2026-01-17 23:49:00,01/18/2026 12:42 AM,Resident Assistant reported the odor of marijuana,SIMMONS HALL,2026-02-18 21:43:32,2026-01-17,2026,1,January,23,Saturday,True,Late Night
907,26UP00264,1,01/17/2026 11:28 PM,2026-01-17 23:28:00,01/17/2026 11:45 PM,"Employee reported the odor of marijuana, origin not located",MIFFLIN HALL,2026-02-18 21:43:32,2026-01-17,2026,1,January,23,Saturday,True,Late Night
908,26UP00267,1,01/17/2026 11:23 PM,2026-01-17 23:23:00,01/18/2026 12:03 AM,Visitor observed highly intoxicated and transported to the hospital,BIGLER RD & MILLENNIUM DR,2026-02-18 21:43:32,2026-01-17,2026,1,January,23,Saturday,True,Late Night
909,26UP00261,1,01/17/2026 10:59 PM,2026-01-17 22:59:00,01/17/2026 11:13 PM,Assisted the fire department with a reported fire alarm activation,BEAVER STADIUM,2026-02-18 21:43:32,2026-01-17,2026,1,January,22,Saturday,True,Late Night
910,PSHI-2026-01-I-132795,2,01/17/2026 10:07 PM,2026-01-17 18:51:00,,Assisted staff member with domestic problem.,Hershey - Dispatched To: HMC - Main Hospital - 7 - Medical Intensive Care Unit West (MICU) > HMC - Main Hospital - 7 - Medical Intensive Care Unit West (MICU),2026-02-18 21:43:32,2026-01-17,2026,1,January,18,Saturday,True,Evening
911,26UP00247,1,01/17/2026 05:59 PM,2026-01-17 17:59:00,,Student stopped for a University policy violation regarding fireworks,FOOTBALL LOT,2026-02-18 21:43:32,2026-01-17,2026,1,January,17,Saturday,True,Evening
912,PSHI-2026-01-I-132789,2,01/17/2026 05:48 PM,2026-01-17 17:29:00,,Team de-escalation plan for agitated patient.,Hershey - Dispatched To: HMC - Children's Hospital > HMC - Children's Hospital,2026-02-18 21:43:32,2026-01-17,2026,1,January,17,Saturday,True,Evening
913,26AB00013,2,01/17/2026 05:15 PM,2026-01-17 17:15:00,01/17/2026 05:30 PM,Visitor reported a fire/burglar alarm communication failure,RYDAL EXECUTIVE PLAZA,2026-02-18 21:43:32,2026-01-17,2026,1,January,17,Saturday,True,Evening
914,26AB00012,2,01/17/2026 03:23 PM,2026-01-17 15:23:00,01/17/2026 04:09 PM,Student reported a one vehicle crash with no injuries,CLOVERLY LN & SEWELL LN,2026-02-18 21:43:32,2026-01-17,2026,1,January,15,Saturday,True,Afternoon
915,PSHI-2026-01-I-132787,2,01/17/2026 03:21 PM,2026-01-17 14:45:00,,Assisted LE with investigation of crime that occurred in a different county.,Hershey - Dispatched To: HMC - Emergency Department > HMC - Emergency Department,2026-02-18 21:43:32,2026-01-17,2026,1,January,14,Saturday,True,Afternoon
916,26AB00011,2,01/17/2026 02:09 PM,2026-01-17 14:09:00,01/17/2026 02:29 PM,Employee reported a fire alarm activation,LIONS GATE AT PENN STATE ABINGTON,2026-02-18 21:43:32,2026-01-17,2026,1,January,14,Saturday,True,Afternoon
917,26AL00025,3,01/17/2026 01:19 PM,2026-01-17 13:19:00,01/17/2026 01:32 PM,Student reported a suspicious odor,MAPLE HALL,2026-02-18 21:43:32,2026-01-17,2026,1,January,13,Saturday,True,Afternoon
918,PSHI-2026-01-I-132783,2,01/17/2026 01:12 PM,2026-01-17 11:47:00,,Assisted maintenance with locating faulty equipment,Hershey - Dispatched To: HMC - UPC-1 > HMC - UPC-1,2026-02-18 21:43:32,2026-01-17,2026,1,January,11,Saturday,True,Morning
919,26UP00242,1,01/17/2026 11:46 AM,2026-01-17 11:46:00,01/17/2026 02:43 PM,Officer observed a employee trespassing inside a University building,AIRPORT AIR TERMINAL BLDG,2026-02-18 21:43:32,2026-01-17,2026,1,January,11,Saturday,True,Morning
920,26UP00243,1,01/17/2026 11:33 AM,2026-01-13 19:00:00,01/17/2025 11:15 AM,Student reported suspicious persons,HUB ROBESON CULTURAL CENTER,2026-02-18 21:43:32,2026-01-13,2026,1,January,19,Tuesday,False,Evening
921,PSHI-2026-01-I-132780,2,01/17/2026 11:25 AM,2026-01-17 09:03:00,,Victim of violence receiving treatment.,Hershey - Dispatched To: HMC - Emergency Department > HMC - Emergency Department,2026-02-18 21:43:32,2026-01-17,2026,1,January,9,Saturday,True,Morning
922,26UP00241,1,01/17/2026 07:15 AM,2026-01-17 07:15:00,01/17/2026 10:00 AM,Employee reported suspicious person,AIRPORT GENERAL AVIATION ADMINISTRATION BLDG,2026-02-18 21:43:32,2026-01-17,2026,1,January,7,Saturday,True,Morning
923,PSHI-2026-01-I-132771,2,01/17/2026 05:24 AM,2026-01-17 05:10:00,,Inspection of leased equipment.,Hershey - Dispatched To: HMC - Parking Lot - Lot UPC > HMC - Parking Lot - Lot UPC,2026-02-18 21:43:32,2026-01-17,2026,1,January,5,Saturday,True,Morning
924,26AL00023,3,01/17/2026 04:17 AM,2026-01-17 04:17:00,,Employee reported a fire alarm activation,MAPLE HALL,2026-02-18 21:43:32,2026-01-17,2026,1,January,4,Saturday,True,Late Night
925,PSHI-2026-01-I-132769,2,01/17/2026 04:07 AM,2026-01-16 20:26:00,,False fire alarm.,Hershey - Dispatched To: COM - University Manor East > COM - University Manor East,2026-02-18 21:43:32,2026-01-16,2026,1,January,20,Friday,False,Evening
926,26UP00240,1,01/17/2026 03:56 AM,2026-01-17 03:56:00,01/17/2026 05:07 AM,Underage visitor observed highly intoxicated and transported to the hospital,ATHERTON HALL,2026-02-18 21:43:32,2026-01-17,2026,1,January,3,Saturday,True,Late Night
927,26UP00239,1,01/17/2026 03:54 AM,2026-01-17 03:54:00,01/17/2026 05:17 AM,Student reported a concern for another student,PENNYPACKER HALL,2026-02-18 21:43:32,2026-01-17,2026,1,January,3,Saturday,True,Late Night
928,26UP00236,1,01/17/2026 02:24 AM,2026-01-17 02:24:00,01/17/2026 02:34 AM,"Employee reported the odor of marijuana, origin not located",PORTER HALL,2026-02-18 21:43:32,2026-01-17,2026,1,January,2,Saturday,True,Late Night
929,26UP00234,1,01/17/2026 02:20 AM,2026-01-17 01:55:00,,Student consumed alcoholic beverages being less than 21 years of age,BIGLER RD & MILLENNIUM DR,2026-02-18 21:43:32,2026-01-17,2026,1,January,1,Saturday,True,Late Night
930,26UP00235,1,01/17/2026 02:15 AM,2026-01-17 02:15:00,01/17/2026 02:33 AM,Student reported damage to University property,PENNYPACKER HALL,2026-02-18 21:43:32,2026-01-17,2026,1,January,2,Saturday,True,Late Night
931,26AL00022,3,01/17/2026 02:10 AM,2026-01-17 02:10:00,01/17/2026 02:30 AM,Assisted an outside law enforcement agency with an investigation,CAMPUS VIEW DR,2026-02-18 21:43:32,2026-01-17,2026,1,January,2,Saturday,True,Late Night
932,PSHI-2026-01-I-132766,2,01/17/2026 02:00 AM,2026-01-17 01:12:00,,Assisted clinical staff with agitated patient.,Hershey - Dispatched To: HMC - Main Hospital > HMC - Main Hospital,2026-02-18 21:43:32,2026-01-17,2026,1,January,1,Saturday,True,Late Night
933,26UP00233,1,01/17/2026 01:50 AM,2026-01-17 01:48:00,01/17/2026 01:50 AM,Student reported disorderly persons,MIFFLIN RD & MCKEAN RD,2026-02-18 21:43:32,2026-01-17,2026,1,January,1,Saturday,True,Late Night
934,PSHI-2026-01-I-132763,2,01/16/2026 11:48 PM,2026-01-16 20:49:00,,Assisted clinical staff with agitated patient.,Hershey - Dispatched To: HMC - Main Hospital - 2 - Main PACU > HMC - Main Hospital - 2 - Main PACU,2026-02-18 21:43:32,2026-01-16,2026,1,January,20,Friday,False,Evening
935,PSHI-2026-01-I-132762,2,01/16/2026 10:34 PM,2026-01-16 21:06:00,,Assisted clinical staff with agitated patient.,Hershey - Dispatched To: HMC - Main Hospital - 2 - Main PACU > HMC - Main Hospital - 2 - Main PACU,2026-02-18 21:43:32,2026-01-16,2026,1,January,21,Friday,False,Evening
936,26UP00221,1,01/16/2026 10:20 PM,2026-01-16 22:20:00,01/16/2026 11:06 PM,Identified occupant in possession of marijuana,W COLLEGE AVE & N BARNARD ST,2026-02-18 21:43:32,2026-01-16,2026,1,January,22,Friday,False,Late Night
937,26UP00218,1,01/16/2026 09:29 PM,2026-01-16 21:29:00,01/16/2026 10:08 PM,Identified occupant in possession of marijuana and drug paraphernalia,MILLER HALL,2026-02-18 21:43:32,2026-01-16,2026,1,January,21,Friday,False,Evening
938,26UP00215,1,01/16/2026 08:08 PM,2026-01-16 20:08:00,01/16/2026 08:18 PM,Employee reported a two vehicle crash with no injuries,LION SHRINE LOT,2026-02-18 21:43:32,2026-01-16,2026,1,January,20,Friday,False,Evening
939,26UP00216,1,01/16/2026 07:55 PM,2026-01-16 19:55:00,01/16/2026 08:30 PM,Visitor reported a suspicious vehicle,VILLAGE DR,2026-02-18 21:43:32,2026-01-16,2026,1,January,19,Friday,False,Evening
940,26UP00213,1,01/16/2026 06:59 PM,2026-01-16 18:59:00,01/16/2026 08:25 PM,Assisted a student with a personal matter,MILLER HALL,2026-02-18 21:43:32,2026-01-16,2026,1,January,18,Friday,False,Evening
941,26UP00212,1,01/16/2026 06:27 PM,2026-01-16 14:30:00,01/16/2026 07:37 PM,Student reported suspicious activity,HOYT HALL,2026-02-18 21:43:32,2026-01-16,2026,1,January,14,Friday,False,Afternoon
942,26UP00209,1,01/16/2026 05:11 PM,2026-01-16 17:00:00,01/16/2026 05:42 PM,Employee reported suspicious persons,CHAMBERS BLDG,2026-02-18 21:43:32,2026-01-16,2026,1,January,17,Friday,False,Evening
943,26HB00012,13,01/16/2026 04:28 PM,2026-01-16 16:28:00,,Employee reported a fire alarm activation,PAXTON HOUSE,2026-02-18 21:43:32,2026-01-16,2026,1,January,16,Friday,False,Afternoon
944,PSHI-2026-01-I-132749,2,01/16/2026 03:43 PM,2026-01-16 15:44:00,,Assisted clinical staff with agitated visitor.,Hershey - Dispatched To: HMC - Main Hospital > HMC - Main Hospital,2026-02-18 21:43:32,2026-01-16,2026,1,January,15,Friday,False,Afternoon
946,26UP00204,1,01/16/2026 03:25 PM,2026-01-16 15:25:00,,Officer conducted a pre-employment background investigation,UNIVERSITY SUPPORT BLDG I,2026-02-18 21:43:32,2026-01-16,2026,1,January,15,Friday,False,Afternoon
947,26UP00203,1,01/16/2026 03:07 PM,2026-01-16 15:07:00,01/16/2026 03:52 PM,Student reported a hit and run vehicle crash,COMMUTER JORDAN EAST 1 LOT,2026-02-18 21:43:32,2026-01-16,2026,1,January,15,Friday,False,Afternoon
948,PSHI-2026-01-I-132746,2,01/16/2026 02:51 PM,2026-01-16 11:39:00,,Assisted staff with locating ultrasound machine.,Hershey - Dispatched To: HMC - Main Hospital > HMC - Main Hospital,2026-02-18 21:43:32,2026-01-16,2026,1,January,11,Friday,False,Morning
949,PSHI-2026-01-I-132745,2,01/16/2026 02:45 PM,2026-01-16 13:24:00,,Facility AED inspection.,Hershey - Dispatched To: HMC - Main Hospital > HMC - Main Hospital,2026-02-18 21:43:32,2026-01-16,2026,1,January,13,Friday,False,Afternoon
950,26UP00201,1,01/16/2026 01:49 PM,2026-01-16 13:49:00,01/16/2026 02:10 PM,Assisted an outside law enforcement agency with an investigation,UNIVERSITY SUPPORT BLDG I,2026-02-18 21:43:32,2026-01-16,2026,1,January,13,Friday,False,Afternoon
951,26UP00202,1,01/16/2026 01:45 PM,2026-01-16 06:20:00,01/16/2026 07:10 AM,Student reported being harassed,WHITE BLDG,2026-02-18 21:43:32,2026-01-16,2026,1,January,6,Friday,False,Morning
952,26AL00021,3,01/16/2026 01:27 PM,2026-01-16 13:27:00,01/16/2026 01:45 PM,Employee reported a parking concern,OAK LOT - BOA - ALTOONA,2026-02-18 21:43:32,2026-01-16,2026,1,January,13,Friday,False,Afternoon
953,26AL00020,3,01/16/2026 01:20 PM,2026-01-16 13:10:00,01/16/2026 01:25 PM,Employee reported a fire alarm activation,OAK HALL,2026-02-18 21:43:32,2026-01-16,2026,1,January,13,Friday,False,Afternoon
954,26UP00200,1,01/16/2026 12:43 PM,2026-01-13 15:09:00,,Employee reported a one vehicle crash with no injuries,NITTANY PARKING,2026-02-18 21:43:32,2026-01-13,2026,1,January,15,Tuesday,False,Afternoon
955,PSHI-2026-01-I-132736,2,01/16/2026 12:36 PM,2026-01-16 12:17:00,,Assisted clinical staff with agitated visitor.,Hershey - Dispatched To: HMC - Emergency Department > HMC - Emergency Department,2026-02-18 21:43:32,2026-01-16,2026,1,January,12,Friday,False,Afternoon
956,26UP00305,1,01/16/2026 12:23 PM,2026-01-16 12:23:00,01/16/2026 12:54 PM,Assisted the ambulance with a medical emergency,SHUNK HALL,2026-02-18 21:43:32,2026-01-16,2026,1,January,12,Friday,False,Afternoon
957,26UP00199,1,01/16/2026 12:22 PM,2026-01-15 01:35:00,01/15/2026 01:40 AM,Student reported a person trespassing inside a residence hall room,POLLOCK HALLS RESIDENCE COMPLEX,2026-02-18 21:43:32,2026-01-15,2026,1,January,1,Thursday,False,Late Night
958,26BR00001,6,01/16/2026 12:00 PM,2026-01-14 14:00:00,01/16/2026 12:00 PM,Employee reported damage to University property,BAKER ENGINEERING & SCIENCE BUILDING,2026-02-18 21:43:32,2026-01-14,2026,1,January,14,Wednesday,False,Afternoon
959,26SL00003,19,01/16/2026 12:00 PM,2026-01-14 11:58:00,,Assisted a student with a personal matter,HEALTH & WELLNESS BUILDING,2026-02-18 21:43:32,2026-01-14,2026,1,January,11,Wednesday,False,Morning
960,PSHI-2026-01-I-132735,2,01/16/2026 11:11 AM,2026-01-16 10:02:00,,Turned over pipe to police who declined to charge suspect.,Hershey - Dispatched To: HMC - Main Hospital > HMC - Main Hospital,2026-02-18 21:43:32,2026-01-16,2026,1,January,10,Friday,False,Morning
961,26ER00014,5,01/16/2026 10:06 AM,2026-01-16 10:03:00,,Student reported a two vehicle crash with no injuries,JORDAN RD & COLLEGE DR,2026-02-18 21:43:32,2026-01-16,2026,1,January,10,Friday,False,Morning
962,26WS00001,22,01/16/2026 10:00 AM,2026-01-16 10:00:00,01/16/2026 11:00 AM,Employee requested assistance with an administrative matter,MULTI-PURPOSE BUILDING,2026-02-18 21:43:32,2026-01-16,2026,1,January,10,Friday,False,Morning
963,PSHI-2026-01-I-132732,2,01/16/2026 09:57 AM,2026-01-16 09:02:00,,Assisted clinical staff with agitated patient.,Hershey - Dispatched To: HMC - Children's Hospital > HMC - Children's Hospital,2026-02-18 21:43:32,2026-01-16,2026,1,January,9,Friday,False,Morning
964,PSHI-2026-01-I-132728,2,01/16/2026 09:25 AM,2026-01-16 08:26:00,,Assisted LE with inbound combative patient.,Hershey - Reported Location: HMC - Emergency Department,2026-02-18 21:43:32,2026-01-16,2026,1,January,8,Friday,False,Morning
965,26AL00018,3,01/16/2026 09:00 AM,2026-01-16 09:00:00,,Employee reported found property,HAWTHORN LOT - ALTOONA,2026-02-18 21:43:32,2026-01-16,2026,1,January,9,Friday,False,Morning
966,26UP00198,1,01/16/2026 05:53 AM,2026-01-16 05:53:00,01/16/2026 06:15 AM,Assisted the fire department with a reported fire alarm activation,BEAVER STADIUM,2026-02-18 21:43:32,2026-01-16,2026,1,January,5,Friday,False,Morning
967,26UP00197,1,01/16/2026 04:35 AM,2026-01-16 03:35:00,01/16/2026 05:14 AM,Underage student observed highly intoxicated and transported to the hospital,BEAM HALL,2026-02-18 21:43:32,2026-01-16,2026,1,January,3,Friday,False,Late Night
968,26UP00195,1,01/16/2026 02:26 AM,2026-01-16 02:26:00,01/16/2026 02:30 AM,Conducted a pre-employment background investigation,UNIVERSITY SUPPORT BLDG I,2026-02-18 21:43:32,2026-01-16,2026,1,January,2,Friday,False,Late Night
969,26UP00196,1,01/16/2026 02:08 AM,2026-01-16 00:00:00,01/16/2026 03:19 AM,Student consumed alcoholic beverages being less than 21 years of age,HIBBS HALL,2026-02-18 21:43:32,2026-01-16,2026,1,January,0,Friday,False,Late Night
971,26UP00193,1,01/16/2026 12:01 AM,2026-01-16 00:01:00,01/16/2025 12:35 AM,Assisted the fire department with a reported fire alarm activation,SHULZE HALL,2026-02-18 21:43:32,2026-01-16,2026,1,January,0,Friday,False,Late Night
972,26UP00188,1,01/15/2026 10:57 PM,2026-01-12 17:35:00,01/12/2025 05:35 PM,Employee reported being harassed,UNKNOWN LOCATION,2026-02-18 21:43:32,2026-01-12,2026,1,January,17,Monday,False,Evening
973,PSHI-2026-01-I-132715,2,01/15/2026 09:50 PM,2026-01-15 20:50:00,,Assisted clinical staff with agitated patient.,Hershey - Dispatched To: HMC - Children's Hospital > HMC - Children's Hospital,2026-02-18 21:43:32,2026-01-15,2026,1,January,20,Thursday,False,Evening
974,PSHI-2026-01-I-132714,2,01/15/2026 09:43 PM,2026-01-15 19:31:00,,Assisted clinical staff with an agitated patient.,Hershey - Dispatched To: HMC - Children's Hospital - 1 > HMC - Children's Hospital - 1,2026-02-18 21:43:32,2026-01-15,2026,1,January,19,Thursday,False,Evening
975,PSHI-2026-01-I-132713,2,01/15/2026 09:30 PM,2026-01-15 18:48:00,,Assisted clinical staff with an agitated patient.,Hershey - Dispatched To: HMC - Main Hospital > HMC - Main Hospital,2026-02-18 21:43:32,2026-01-15,2026,1,January,18,Thursday,False,Evening
976,PSHI-2026-01-I-132711,2,01/15/2026 08:42 PM,2026-01-15 20:25:00,,Safekeeping of patient knife.,Hershey - Dispatched To: HMC - Emergency Department > HMC - Emergency Department,2026-02-18 21:43:32,2026-01-15,2026,1,January,20,Thursday,False,Evening
977,26UP00173,1,01/15/2026 06:54 PM,2026-01-15 15:00:00,01/15/2026 06:30 PM,Student reported being harassed,UNKNOWN LOCATION,2026-02-18 21:43:32,2026-01-15,2026,1,January,15,Thursday,False,Afternoon
978,26UP00174,1,01/15/2026 06:16 PM,2025-07-15 18:16:00,01/15/2026 07:45 PM,Student reported being harassed,SPROUL HALL,2026-02-18 21:43:32,2025-07-15,2025,7,July,18,Tuesday,False,Evening
979,PSHI-2026-01-I-132703,2,01/15/2026 05:43 PM,2026-01-15 14:55:00,,Assisted clinical staff with an agitated visitor.,Hershey - Dispatched To: HMC - Main Hospital - 6 - MIMCU > HMC - Main Hospital - 6 - MIMCU,2026-02-18 21:43:32,2026-01-15,2026,1,January,14,Thursday,False,Afternoon
980,26ER00013,5,01/15/2026 05:37 PM,2026-01-15 17:37:00,01/15/2026 05:50 PM,Employee reported an alarm activation,SMITH CHAPEL & CARILLON,2026-02-18 21:43:32,2026-01-15,2026,1,January,17,Thursday,False,Evening
981,26UP00168,1,01/15/2026 04:45 PM,2025-10-31 23:00:00,11/01/2025 12:00 AM,Student reported they were sexually assaulted by a known person in a residence hall,SOUTH HALLS RESIDENCE COMPLEX,2026-02-18 21:43:32,2025-10-31,2025,10,October,23,Friday,False,Late Night
982,26UP00164,1,01/15/2026 04:27 PM,2025-12-28 16:27:00,12/28/2025 06:00 PM,Student reported suspicious persons,UNIVERSITY SUPPORT BLDG I,2026-02-18 21:43:32,2025-12-28,2025,12,December,16,Sunday,True,Afternoon
983,26UP00166,1,01/15/2026 04:27 PM,2026-01-15 16:27:00,01/15/2026 04:37 PM,Student found in possession of alcoholic beverages being less than 21 years of age,SNYDER HALL,2026-02-18 21:43:32,2026-01-15,2026,1,January,16,Thursday,False,Afternoon
984,PSHI-2026-01-I-132693,2,01/15/2026 03:40 PM,2026-01-15 14:43:00,,Assisted courier with deposit into treasury.,Hershey - Dispatched To: HMC - Main Hospital - 1 - Cashier's Office > HMC - Main Hospital - 1 - Cashier's Office,2026-02-18 21:43:32,2026-01-15,2026,1,January,14,Thursday,False,Afternoon
985,PSHI-2026-01-I-132694,2,01/15/2026 03:40 PM,2026-01-15 15:11:00,,Assisted clinical staff with an agitated patient.,Hershey - Dispatched To: HMC - Children's Hospital - 6 > HMC - Children's Hospital - 6,2026-02-18 21:43:32,2026-01-15,2026,1,January,15,Thursday,False,Afternoon
986,26HB00010,13,01/15/2026 02:29 PM,2026-01-15 14:29:00,01/15/2026 03:00 PM,Assisted the ambulance with a medical emergency,OLMSTED BUILDING,2026-02-18 21:43:32,2026-01-15,2026,1,January,14,Thursday,False,Afternoon
987,PSHI-2026-01-I-132689,2,01/15/2026 02:15 PM,2026-01-15 13:22:00,,Assisted clinical staff with agitated patient.,Hershey - Dispatched To: HMC - Main Hospital - 4 > HMC - Main Hospital - 4,2026-02-18 21:43:32,2026-01-15,2026,1,January,13,Thursday,False,Afternoon
988,PSHI-2026-01-I-132687,2,01/15/2026 02:09 PM,2026-01-15 13:56:00,,Assisted clinical staff with agitated visitor.,Hershey - Dispatched To: HMC - Emergency Department > HMC - Emergency Department,2026-02-18 21:43:32,2026-01-15,2026,1,January,13,Thursday,False,Afternoon
989,PSHI-2026-01-I-132686,2,01/15/2026 02:02 PM,2026-01-15 12:18:00,,Visitor mismatch on the sex offender registry.,Hershey - Dispatched To: HMC - Children's Hospital - 1 - Children's Hospital Main Information Desk > HMC - Children's Hospital - 1 - Children's Hospital Main Information Desk,2026-02-18 21:43:32,2026-01-15,2026,1,January,12,Thursday,False,Afternoon
990,PSHI-2026-01-I-132685,2,01/15/2026 02:02 PM,2026-01-15 13:10:00,,Visitor mismatch to the sex offender registry.,Hershey - Dispatched To: HMC - Children's Hospital - 1 - Children's Hospital Main Information Desk > HMC - Children's Hospital - 1 - Children's Hospital Main Information Desk,2026-02-18 21:43:32,2026-01-15,2026,1,January,13,Thursday,False,Afternoon
992,26AL00017,3,01/15/2026 01:33 PM,2026-01-15 13:33:00,01/15/2026 01:45 PM,Employee reported a fire alarm activation,OAK HALL,2026-02-18 21:43:32,2026-01-15,2026,1,January,13,Thursday,False,Afternoon
993,26UP00160,1,01/15/2026 01:20 PM,2026-01-12 20:00:00,01/13/2026 09:00 PM,Student reported the loss or theft of their unattended personal property,EARLE HALL,2026-02-18 21:43:32,2026-01-12,2026,1,January,20,Monday,False,Evening
994,PSHI-2026-01-I-132679,2,01/15/2026 01:19 PM,2026-01-15 10:05:00,,Assisted staff with an agitated visitor.,Hershey - Dispatched To: HMC - Main Hospital > HMC - Main Hospital,2026-02-18 21:43:32,2026-01-15,2026,1,January,10,Thursday,False,Morning
995,26BK00006,4,01/15/2026 01:17 PM,2026-01-15 13:17:00,01/15/2026 01:30 PM,Employee reported a fire alarm activation,IVY HALL,2026-02-18 21:43:32,2026-01-15,2026,1,January,13,Thursday,False,Afternoon
996,26BW00005,7,01/15/2026 12:55 PM,2025-11-26 00:01:00,01/15/2026 12:55 PM,Employee reported the loss of University property,VAIRO LIBRARY,2026-02-18 21:43:32,2025-11-26,2025,11,November,0,Wednesday,False,Late Night
997,26UP00159,1,01/15/2026 12:17 PM,2026-01-15 11:17:00,01/15/2026 12:17 PM,Employee reported a two vehicle crash with no injuries,ORANGE F MORGAN CENTER LOT,2026-02-18 21:43:32,2026-01-15,2026,1,January,11,Thursday,False,Morning
998,26DS00001,9,01/15/2026 12:16 PM,2026-01-15 12:16:00,01/15/2026 12:22 PM,Visitor requested assistance with a disabled vehicle,N 6TH ST & E DUBOIS AVE,2026-02-18 21:43:32,2026-01-15,2026,1,January,12,Thursday,False,Afternoon
999,PSHI-2026-01-I-132677,2,01/15/2026 12:08 PM,2026-01-15 10:52:00,,Visitor harassed staff member.,Hershey - Dispatched To: HMC - Main Hospital  > HMC - Main Hospital,2026-02-18 21:43:32,2026-01-15,2026,1,January,10,Thursday,False,Morning
1000,26UP00158,1,01/15/2026 10:59 AM,2026-01-15 10:59:00,01/15/2026 11:30 AM,Employee reported a one vehicle crash with no injuries,WEST DECK,2026-02-18 21:43:32,2026-01-15,2026,1,January,10,Thursday,False,Morning
1001,PSHI-2026-01-I-132676,2,01/15/2026 10:58 AM,2026-01-15 10:17:00,,Team de-escalation plan for agitated patient.,Hershey - Dispatched To: HMC - Main Hospital - 4 > HMC - Main Hospital - 4,2026-02-18 21:43:32,2026-01-15,2026,1,January,10,Thursday,False,Morning
1002,PSHI-2026-01-I-132674,2,01/15/2026 10:46 AM,2026-01-15 10:19:00,,Assisted clinical staff with an agitated patient.,Hershey - Dispatched To: HMC - Main Hospital - 4 > HMC - Main Hospital - 4,2026-02-18 21:43:32,2026-01-15,2026,1,January,10,Thursday,False,Morning
1003,PSHI-2026-01-I-132675,2,01/15/2026 10:46 AM,2026-01-15 10:01:00,,Assisted LE with removal of restraints.,Hershey - Dispatched To: HMC - Main Hospital - 2 - Same Day Surgery Unit > HMC - Main Hospital - 2 - Same Day Surgery Unit,2026-02-18 21:43:32,2026-01-15,2026,1,January,10,Thursday,False,Morning
1004,26UP00157,1,01/15/2026 10:26 AM,2026-01-13 19:13:00,01/15/2026 10:16 AM,Employee reported theft of services,HUB PARKING DECK,2026-02-18 21:43:32,2026-01-13,2026,1,January,19,Tuesday,False,Evening
1005,26WB00002,21,01/15/2026 10:12 AM,2026-01-14 14:00:00,01/15/2026 10:12 AM,Employee requested assistance with an administrative matter,ATHLETIC AND RECREATION BUILDING,2026-02-18 21:43:32,2026-01-14,2026,1,January,14,Wednesday,False,Afternoon
1006,26UP00155,1,01/15/2026 09:19 AM,2025-12-15 09:19:00,01/07/2026 07:00 AM,Employee reported suspicious persons,UNIVERSITY SUPPORT BLDG I,2026-02-18 21:43:32,2025-12-15,2025,12,December,9,Monday,False,Morning
1007,26HB00009,13,01/15/2026 09:00 AM,2026-01-14 08:00:00,01/15/2026 09:15 AM,Student reported being harassed,SUSQUEHANNA BUILDING,2026-02-18 21:43:32,2026-01-14,2026,1,January,8,Wednesday,False,Morning
1008,PSHI-2026-01-I-132673,2,01/15/2026 09:00 AM,2026-01-15 07:37:00,,Assisted clinical staff with agitated patient.,Hershey - Dispatched To: HMC - Children's Hospital - 6 > HMC - Children's Hospital - 6,2026-02-18 21:43:32,2026-01-15,2026,1,January,7,Thursday,False,Morning
1009,PSHI-2026-01-I-132672,2,01/15/2026 08:33 AM,2026-01-15 08:11:00,,Assisted clinical staff with agitated patient.,Hershey - Dispatched To: HMC - Main Hospital - 4 > HMC - Main Hospital - 4,2026-02-18 21:43:32,2026-01-15,2026,1,January,8,Thursday,False,Morning
1010,26BK00007,4,01/15/2026 07:30 AM,2026-01-15 07:30:00,,Employee reported a suspicious item,BEAVER ATHLETICS AND WELLNESS CENTER,2026-02-18 21:43:32,2026-01-15,2026,1,January,7,Thursday,False,Morning
1011,PSHI-2026-01-I-132668,2,01/15/2026 05:44 AM,2026-01-15 05:12:00,,Assisted clinical staff with agitated patient.,Hershey - Dispatched To: HMC - Main Hospital - 4 - Acute Care > HMC - Main Hospital - 4 - Acute Care,2026-02-18 21:43:32,2026-01-15,2026,1,January,5,Thursday,False,Morning
1012,26UP00154,1,01/15/2026 02:39 AM,2026-01-15 02:39:00,01/15/2026 03:16 AM,Student observed highly intoxicated,MCKEAN RD & SHORTLIDGE RD,2026-02-18 21:43:32,2026-01-15,2026,1,January,2,Thursday,False,Late Night
1013,PSHI-2026-01-I-132664,2,01/15/2026 01:14 AM,2026-01-14 21:43:00,,Assisted clinical staff with agitated patient.,Hershey - Dispatched To: HMC - Children's Hospital > HMC - Children's Hospital,2026-02-18 21:43:32,2026-01-14,2026,1,January,21,Wednesday,False,Evening
1014,26UP00152,1,01/15/2026 12:18 AM,2026-01-15 00:18:00,01/15/2026 12:45 AM,Underage student observed highly intoxicated,BIGLER RD & MCKEAN RD,2026-02-18 21:43:32,2026-01-15,2026,1,January,0,Thursday,False,Late Night
1015,PSHI-2026-01-I-132663,2,01/14/2026 11:16 PM,2026-01-14 23:13:00,,Found and destroyed items of unknown origin.,Hershey - Dispatched To: HMC - Main Hospital - 1 - Security Operations Center > HMC - Main Hospital - 1 - Security Operations Center,2026-02-18 21:43:32,2026-01-14,2026,1,January,23,Wednesday,False,Late Night
1016,PSHI-2026-01-I-132662,2,01/14/2026 10:44 PM,2026-01-14 22:30:00,,Assisted HR with investigation.,Hershey - Reported Location: HMC - Main Hospital - 1 - South Entrance\Chapel,2026-02-18 21:43:32,2026-01-14,2026,1,January,22,Wednesday,False,Late Night
1017,26UP00151,1,01/14/2026 09:25 PM,2025-12-20 21:25:00,01/14/2026 09:25 PM,Student reported the theft of their unattended personal property,LOT 81 BEAVER HALL LOT,2026-02-18 21:43:32,2025-12-20,2025,12,December,21,Saturday,True,Evening
1018,26AB00010,2,01/14/2026 09:10 PM,2026-01-14 21:10:00,01/14/2026 09:14 PM,Assisted an outside law enforcement agency with an investigation,OLD YORK RD,2026-02-18 21:43:32,2026-01-14,2026,1,January,21,Wednesday,False,Evening
1019,26HB00007,13,01/14/2026 08:55 PM,2026-01-14 10:45:00,01/14/2026 11:00 AM,Student reported the theft of their unsecured personal property,CAPITAL UNION BUILDING,2026-02-18 21:43:32,2026-01-14,2026,1,January,10,Wednesday,False,Morning
1020,26UP00150,1,01/14/2026 08:50 PM,2026-01-14 20:50:00,01/14/2026 09:32 PM,Student requested assistance with a personal matter,STUART HALL,2026-02-18 21:43:32,2026-01-14,2026,1,January,20,Wednesday,False,Evening
1021,PSHI-2026-01-I-132658,2,01/14/2026 08:40 PM,2026-01-14 19:27:00,,Assisted clinical staff with agitated patient.,Hershey - Dispatched To: HMC - Children's Hospital > HMC - Children's Hospital,2026-02-18 21:43:32,2026-01-14,2026,1,January,19,Wednesday,False,Evening
1022,26UP00149,1,01/14/2026 08:12 PM,2026-01-14 20:12:00,01/14/2026 08:20 PM,Employee reported a suspicious odor,PATERNO LIBRARY,2026-02-18 21:43:32,2026-01-14,2026,1,January,20,Wednesday,False,Evening
1023,26ER00012,5,01/14/2026 07:53 PM,2026-01-14 19:53:00,01/14/2026 08:21 PM,Resident Assistant reported a suspicious odor,NIAGARA HALL,2026-02-18 21:43:32,2026-01-14,2026,1,January,19,Wednesday,False,Evening
1024,26BW00004,7,01/14/2026 07:01 PM,2026-01-14 19:01:00,01/14/2026 07:14 PM,Employee reported suspicious person,MAIN BUILDING,2026-02-18 21:43:32,2026-01-14,2026,1,January,19,Wednesday,False,Evening
1025,26UP00148,1,01/14/2026 06:28 PM,2026-01-14 18:28:00,01/14/2026 06:38 PM,Employee reported a vehicle crash no injuries,WAGNER BLDG,2026-02-18 21:43:32,2026-01-14,2026,1,January,18,Wednesday,False,Evening
1026,26SL00002,19,01/14/2026 06:15 PM,2026-01-14 15:18:00,01/14/2026 06:15 PM,Student reported the loss or theft of their unattended personal property,STUDENT-COMMUNITY ACTIVITY CENTER,2026-02-18 21:43:32,2026-01-14,2026,1,January,15,Wednesday,False,Afternoon
1027,PSHI-2026-01-I-132654,2,01/14/2026 06:09 PM,2026-01-14 17:35:00,,Assisted clinical staff with an agitated patient.,Hershey - Dispatched To: HMC - Children's Hospital - 6 > HMC - Children's Hospital - 6,2026-02-18 21:43:32,2026-01-14,2026,1,January,17,Wednesday,False,Evening
1028,26UP00147,1,01/14/2026 05:57 PM,2026-01-14 17:57:00,01/14/2026 06:14 PM,Employee reported a concern for another person,REC HALL,2026-02-18 21:43:32,2026-01-14,2026,1,January,17,Wednesday,False,Evening
1029,26UP00146,1,01/14/2026 05:31 PM,2025-10-10 00:00:00,10/11/2025 11:59 PM,Student reported they were indecently assaulted by a known person in a residence hall,EAST HALLS RESIDENCE COMPLEX,2026-02-18 21:43:32,2025-10-10,2025,10,October,0,Friday,False,Late Night
1030,26UP00144,1,01/14/2026 05:23 PM,2026-01-14 16:16:00,,Employee reported suspicious activity,UNIVERSITY SUPPORT BLDG I,2026-02-18 21:43:32,2026-01-14,2026,1,January,16,Wednesday,False,Afternoon
1031,26UP00145,1,01/14/2026 05:22 PM,2026-01-14 17:22:00,01/14/2026 06:30 PM,Student reported unsafe conditions,CHEMICAL AND BIOMEDICAL ENGINEERING BLDG,2026-02-18 21:43:32,2026-01-14,2026,1,January,17,Wednesday,False,Evening
1032,PSHI-2026-01-I-132651,2,01/14/2026 05:17 PM,2026-01-14 12:32:00,,Disposed of item in property.,Hershey - Dispatched To: HMC - Main Hospital - 1 - Security Operations Center > HMC - Main Hospital - 1 - Security Operations Center,2026-02-18 21:43:32,2026-01-14,2026,1,January,12,Wednesday,False,Afternoon
1033,PSHI-2026-01-I-132650,2,01/14/2026 04:58 PM,2026-01-14 16:32:00,,Assisted clinical staff with an agitated patient.,Hershey - Dispatched To: HMC - Main Hospital - 4 - Acute Care > HMC - Main Hospital - 4 - Acute Care,2026-02-18 21:43:32,2026-01-14,2026,1,January,16,Wednesday,False,Afternoon
1034,26HB00008,13,01/14/2026 04:45 PM,2025-02-01 00:00:00,01/14/2026 05:55 PM,Employee requested assistance with a personal matter,LEUBNITZER WEG 1,2026-02-18 21:43:32,2025-02-01,2025,2,February,0,Saturday,True,Late Night
1035,26UP00143,1,01/14/2026 04:29 PM,2026-01-14 16:29:00,01/14/2026 06:57 PM,Employee reported suspicious persons,NOLL LAB,2026-02-18 21:43:32,2026-01-14,2026,1,January,16,Wednesday,False,Afternoon
1036,PSHI-2026-01-I-132649,2,01/14/2026 04:21 PM,2026-01-14 15:31:00,,Secured found item.,Hershey - Dispatched To: HMC - Main Hospital > HMC - Main Hospital,2026-02-18 21:43:32,2026-01-14,2026,1,January,15,Wednesday,False,Afternoon
1037,26AB00009,2,01/14/2026 04:19 PM,2026-01-14 00:00:00,01/14/2026 04:19 PM,Employee reported the careless operation of a vehicle,SUTHERLAND BUILDING,2026-02-18 21:43:32,2026-01-14,2026,1,January,0,Wednesday,False,Late Night
1038,26HB00006,13,01/14/2026 03:14 PM,2026-01-14 15:14:00,01/14/2026 04:00 PM,Employee requested assistance in locating a student,SUSQUEHANNA BUILDING,2026-02-18 21:43:32,2026-01-14,2026,1,January,15,Wednesday,False,Afternoon
1039,26UP00141,1,01/14/2026 03:05 PM,2025-09-01 00:00:00,09/30/2025 12:00 AM,Student reported they were sexually assaulted by a known person in a residence hall,ON CAMPUS RESIDENCE HALL,2026-02-18 21:43:32,2025-09-01,2025,9,September,0,Monday,False,Late Night
1040,26UP00140,1,01/14/2026 01:28 PM,2025-11-07 16:30:00,11/07/2025 05:00 PM,Employee reported a concern for another student,N ATHERTON ST,2026-02-18 21:43:32,2025-11-07,2025,11,November,16,Friday,False,Afternoon
1041,PSHI-2026-01-I-132642,2,01/14/2026 12:55 PM,2026-01-14 12:30:00,,Assisted clinical staff with agitated patient.,Hershey - Dispatched To: HMC - Main Hospital  > HMC - Main Hospital,2026-02-18 21:43:32,2026-01-14,2026,1,January,12,Wednesday,False,Afternoon
1042,PSHI-2026-01-I-132641,2,01/14/2026 12:52 PM,2026-01-14 12:29:00,,Visitor Fall.,Hershey - Dispatched To: HMC - Cancer Institute > HMC - Cancer Institute,2026-02-18 21:43:32,2026-01-14,2026,1,January,12,Wednesday,False,Afternoon
1043,26UP00139,1,01/14/2026 12:22 PM,2026-01-14 12:22:00,01/14/2026 12:57 PM,Employee reported a traffic concern regarding vehicles,NITTANY PARKING,2026-02-18 21:43:32,2026-01-14,2026,1,January,12,Wednesday,False,Afternoon
1044,PSHI-2026-01-I-132637,2,01/14/2026 12:08 PM,2026-01-14 10:52:00,,Assisted clinical staff with agitated patient.,Hershey - Dispatched To: HMC - Emergency Department > HMC - Emergency Department,2026-02-18 21:43:32,2026-01-14,2026,1,January,10,Wednesday,False,Morning
1045,26UP00138,1,01/14/2026 11:58 AM,2026-01-14 11:58:00,01/14/2026 12:27 PM,Assisted a student with a personal matter,YOUNG HALL,2026-02-18 21:43:32,2026-01-14,2026,1,January,11,Wednesday,False,Morning
1046,26AL00016,3,01/14/2026 11:43 AM,2026-01-14 11:43:00,01/14/2026 11:56 AM,Assisted an outside law enforcement agency with an investigation,JEFFERSON ST,2026-02-18 21:43:32,2026-01-14,2026,1,January,11,Wednesday,False,Morning
1047,PSHI-2026-01-I-132631,2,01/14/2026 09:25 AM,2026-01-14 09:02:00,,Assisted clinical staff with agitated patient.,Hershey - Dispatched To: HMC - Main Hospital - 4 - Acute Care > HMC - Main Hospital - 4 - Acute Care,2026-02-18 21:43:32,2026-01-14,2026,1,January,9,Wednesday,False,Morning
1048,PSHI-2026-01-I-132627,2,01/14/2026 05:21 AM,2026-01-14 05:05:00,,Assisted clinical staff with agitated patient.,Hershey - Dispatched To: HMC - Main Hospital > HMC - Main Hospital,2026-02-18 21:43:32,2026-01-14,2026,1,January,5,Wednesday,False,Morning
1049,PSHI-2026-01-I-132626,2,01/14/2026 03:06 AM,2026-01-13 23:20:00,,Intervened in active patient elopement.,Hershey - Dispatched To: HMC - Children's Hospital - 6 > HMC - Children's Hospital - 6,2026-02-18 21:43:32,2026-01-13,2026,1,January,23,Tuesday,False,Late Night
1050,26UP00137,1,01/14/2026 02:58 AM,2026-01-14 02:58:00,01/14/2026 03:30 AM,Underage student observed highly intoxicated and transported to the hospital,PACKER HALL,2026-02-18 21:43:32,2026-01-14,2026,1,January,2,Wednesday,False,Late Night
1051,26UP00136,1,01/14/2026 02:31 AM,2026-01-14 02:31:00,01/14/2026 02:50 AM,Underage student observed highly intoxicated,ROBINSON HALL,2026-02-18 21:43:32,2026-01-14,2026,1,January,2,Wednesday,False,Late Night
1052,26UP00135,1,01/14/2026 02:23 AM,2026-01-14 02:23:00,01/14/2026 02:45 AM,Underage student observed highly intoxicated,HOLMES HALL,2026-02-18 21:43:32,2026-01-14,2026,1,January,2,Wednesday,False,Late Night
1053,26UP00134,1,01/14/2026 12:53 AM,2026-01-14 00:53:00,01/14/2026 04:28 AM,Identified students in possession of marijuana,MCKEAN HALL,2026-02-18 21:43:32,2026-01-14,2026,1,January,0,Wednesday,False,Late Night
1054,26UP00132,1,01/13/2026 10:29 PM,2026-01-13 22:29:00,01/13/2026 10:45 PM,Assisted Residence Life staff with a University policy violation,NITTANY APT,2026-02-18 21:43:32,2026-01-13,2026,1,January,22,Tuesday,False,Late Night
1055,PSHI-2026-01-I-132622,2,01/13/2026 10:26 PM,2026-01-13 21:31:00,,Assisted clinical staff with agitated patient.,Hershey - Dispatched To: HMC - Main Hospital - 4 - Acute Care > HMC - Main Hospital - 4 - Acute Care,2026-02-18 21:43:32,2026-01-13,2026,1,January,21,Tuesday,False,Evening
1056,PSHI-2026-01-I-132621,2,01/13/2026 09:57 PM,2026-01-13 18:45:00,,Assisted clinical staff with agitated patient.,Hershey - Dispatched To: HMC - Main Hospital - 4 - Acute Care > HMC - Main Hospital - 4 - Acute Care,2026-02-18 21:43:32,2026-01-13,2026,1,January,18,Tuesday,False,Evening
1057,26UP00129,1,01/13/2026 09:18 PM,2026-01-13 21:18:00,01/13/2026 09:45 PM,"Resident Assistant reported the odor of marijuana, origin not located",HAMILTON HALL,2026-02-18 21:43:32,2026-01-13,2026,1,January,21,Tuesday,False,Evening
1058,PSHI-2026-01-I-132618,2,01/13/2026 05:59 PM,2026-01-13 17:49:00,,Intervened in active patient elopement.,Hershey - Dispatched To: HMC - Children's Hospital > HMC - Children's Hospital,2026-02-18 21:43:32,2026-01-13,2026,1,January,17,Tuesday,False,Evening
1059,26AL00015,3,01/13/2026 05:05 PM,2026-01-13 16:45:00,01/13/2026 05:00 PM,Employee reported a suspicious vehicle,IVYSIDE PARK,2026-02-18 21:43:32,2026-01-13,2026,1,January,16,Tuesday,False,Afternoon
1060,PSHI-2026-01-I-132613,2,01/13/2026 04:36 PM,2026-01-13 14:05:00,,Assisted clinical staff with agitated patient.,Hershey - Dispatched To: HMC - 30 Hope Drive > HMC - 30 Hope Drive,2026-02-18 21:43:32,2026-01-13,2026,1,January,14,Tuesday,False,Afternoon
1061,26UP00128,1,01/13/2026 04:09 PM,2025-11-08 10:30:00,11/08/2025 03:30 PM,Student reported the loss or theft of their secured personal property,BEAVER STADIUM,2026-02-18 21:43:32,2025-11-08,2025,11,November,10,Saturday,True,Morning
1062,PSHI-2026-01-I-132610,2,01/13/2026 04:09 PM,2026-01-13 13:31:00,,Team de-escalation plan for agitated patient and visitor.,Hershey - Dispatched To: HMC Off-Site - PSMG - Harrisburg - PSMG > HMC Off-Site - PSMG - Harrisburg - PSMG,2026-02-18 21:43:32,2026-01-13,2026,1,January,13,Tuesday,False,Afternoon
1063,PSHI-2026-01-I-132609,2,01/13/2026 04:07 PM,2026-01-13 15:49:00,,Patient bit PCA.,Hershey - Dispatched To: HMC - Main Hospital > HMC - Main Hospital,2026-02-18 21:43:32,2026-01-13,2026,1,January,15,Tuesday,False,Afternoon
1064,26BW00003,7,01/13/2026 04:01 PM,2026-01-13 16:01:00,01/13/2026 04:14 PM,Visitor mistakenly dialed 911. no issue discovered,ORCHARD HALL,2026-02-18 21:43:32,2026-01-13,2026,1,January,16,Tuesday,False,Afternoon
1065,PSHI-2026-01-I-132608,2,01/13/2026 03:38 PM,2026-01-13 14:52:00,,Received copy of court documents.,Hershey - Dispatched To: HMC - Main Hospital > HMC - Main Hospital,2026-02-18 21:43:32,2026-01-13,2026,1,January,14,Tuesday,False,Afternoon
1066,26AB00008,2,01/13/2026 03:30 PM,2026-01-13 15:30:00,,Employee requested assistance with an administrative matter,LIONS GATE AT PENN STATE ABINGTON,2026-02-18 21:43:32,2026-01-13,2026,1,January,15,Tuesday,False,Afternoon
1067,26AL00014,3,01/13/2026 02:54 PM,2026-01-12 14:30:00,01/12/2026 04:20 PM,Student requested assistance with a personal matter,HAWTHORN BLDG,2026-02-18 21:43:32,2026-01-12,2026,1,January,14,Monday,False,Afternoon
1068,PSHI-2026-01-I-132604,2,01/13/2026 01:12 PM,2026-01-13 11:13:00,,Assisted clinical staff with agitated patient.,Hershey - Dispatched To: HMC - Main Hospital > HMC - Main Hospital,2026-02-18 21:43:32,2026-01-13,2026,1,January,11,Tuesday,False,Morning
1069,26AL00013,3,01/13/2026 11:52 AM,2026-01-13 11:52:00,,Employee reported a hit and run vehicle crash,PENN LOT - GPE - ALTOONA,2026-02-18 21:43:32,2026-01-13,2026,1,January,11,Tuesday,False,Morning
1070,26AL00012,3,01/13/2026 11:48 AM,2026-01-13 11:48:00,01/13/2026 02:05 PM,Employee requested assistance with an administrative matter,SMITH BLDG,2026-02-18 21:43:32,2026-01-13,2026,1,January,11,Tuesday,False,Morning
1071,PSHI-2026-01-I-132598,2,01/13/2026 11:45 AM,2026-01-13 11:06:00,,Employee struck by vehicle.,Hershey - Dispatched To: HMC - Main Hospital - 1 - Main Entrance\Valet > HMC - Main Hospital - 1 - Main Entrance\Valet,2026-02-18 21:43:32,2026-01-13,2026,1,January,11,Tuesday,False,Morning
1072,PSHI-2026-01-I-132597,2,01/13/2026 11:45 AM,2026-01-13 11:23:00,,Visitor fall.,Hershey - Dispatched To: HMC - Main Hospital - 1 - Main Entrance\Valet > HMC - Main Hospital - 1 - Main Entrance\Valet,2026-02-18 21:43:32,2026-01-13,2026,1,January,11,Tuesday,False,Morning
1073,26AB00007,2,01/13/2026 10:41 AM,2026-01-13 10:41:00,01/13/2026 11:40 AM,Student reported a hit and run vehicle crash,LOT J - ABINGTON,2026-02-18 21:43:32,2026-01-13,2026,1,January,10,Tuesday,False,Morning
1074,26YK00001,23,01/13/2026 08:20 AM,2026-01-10 09:00:00,01/10/2026 09:30 AM,Employee requested assistance with an administrative matter,RUHL STUDENT/COMMUNITY CENTER,2026-02-18 21:43:32,2026-01-10,2026,1,January,9,Saturday,True,Morning
1075,26UP00125,1,01/13/2026 04:29 AM,2026-01-13 04:25:00,01/13/2026 06:31 AM,Employee reported suspicious persons,REDIFER HALL,2026-02-18 21:43:32,2026-01-13,2026,1,January,4,Tuesday,False,Late Night
1076,PSHI-2026-01-I-132592,2,01/13/2026 03:31 AM,2026-01-13 02:13:00,,Assisted clinical staff with search of patient belongings.,Hershey - Dispatched To: HMC - Main Hospital - 4 - Acute Care > HMC - Main Hospital - 4 - Acute Care,2026-02-18 21:43:32,2026-01-13,2026,1,January,2,Tuesday,False,Late Night
1077,26UP00124,1,01/13/2026 12:59 AM,2026-01-12 17:08:00,01/13/2026 01:01 AM,Assisted an outside law enforcement agency with an investigation,UNIVERSITY SUPPORT BLDG I,2026-02-18 21:43:32,2026-01-12,2026,1,January,17,Monday,False,Evening
1078,PSHI-2026-01-I-132590,2,01/13/2026 12:03 AM,2026-01-12 22:40:00,,Assisted clinical staff with an agitated patient.,Hershey - Dispatched To: HMC - Main Hospital > HMC - Main Hospital,2026-02-18 21:43:32,2026-01-12,2026,1,January,22,Monday,False,Late Night
1079,PSHI-2026-01-I-132589,2,01/12/2026 10:50 PM,2026-01-12 21:31:00,,Patient's drug covered clothing surrendered to law enforcement.,Hershey - Dispatched To: HMC - Emergency Department > HMC - Emergency Department,2026-02-18 21:43:32,2026-01-12,2026,1,January,21,Monday,False,Evening
1080,26UP00123,1,01/12/2026 10:23 PM,2026-01-12 22:23:00,01/12/2026 11:59 PM,Student reported a University policy violation,PATTERSON HALL,2026-02-18 21:43:32,2026-01-12,2026,1,January,22,Monday,False,Late Night
1081,26UP00122,1,01/12/2026 09:20 PM,2026-01-12 07:00:00,01/12/2026 08:00 PM,Student reported the theft of University property,SIMMONS HALL,2026-02-18 21:43:32,2026-01-12,2026,1,January,7,Monday,False,Morning
1082,26UP00121,1,01/12/2026 08:55 PM,2026-01-12 20:55:00,01/12/2026 08:59 PM,Employee reported suspicious persons,HAMMOND BLDG,2026-02-18 21:43:32,2026-01-12,2026,1,January,20,Monday,False,Evening
1083,26BK00005,4,01/12/2026 08:46 PM,2026-01-12 20:46:00,01/12/2026 09:05 PM,Employee reported a fire alarm activation,LAUREL HALL,2026-02-18 21:43:32,2026-01-12,2026,1,January,20,Monday,False,Evening
1084,PSHI-2026-01-I-132580,2,01/12/2026 06:56 PM,2026-01-12 18:45:00,,Assisted clinical staff with a patient that had eloped from his room.,Hershey - Dispatched To: HMC - Children's Hospital > HMC - Children's Hospital,2026-02-18 21:43:32,2026-01-12,2026,1,January,18,Monday,False,Evening
1085,PSHI-2026-01-I-132572,2,01/12/2026 05:38 PM,2026-01-12 16:50:00,,Assisted visitor with locating missing personal items.,Hershey - Dispatched To: HMC - Main Hospital - 1 - Main Information Desk > HMC - Main Hospital - 1 - Main Information Desk,2026-02-18 21:43:32,2026-01-12,2026,1,January,16,Monday,False,Afternoon
1086,26UP00120,1,01/12/2026 04:57 PM,2026-01-12 16:57:00,01/12/2026 05:43 PM,Student reported being harassed,MCALLISTER BLDG,2026-02-18 21:43:32,2026-01-12,2026,1,January,16,Monday,False,Afternoon
1087,26UP00119,1,01/12/2026 04:11 PM,2026-01-12 16:11:00,01/12/2026 04:50 PM,Visitor reported a traffic concern regarding a vehicle,HUB PARKING DECK,2026-02-18 21:43:32,2026-01-12,2026,1,January,16,Monday,False,Afternoon
1088,26UP00118,1,01/12/2026 03:55 PM,2026-01-12 15:55:00,01/12/2026 04:18 PM,Employee reported suspicious activity,HUB ROBESON CULTURAL CENTER,2026-02-18 21:43:32,2026-01-12,2026,1,January,15,Monday,False,Afternoon
1089,PSHI-2026-01-I-132567,2,01/12/2026 03:31 PM,2026-01-12 15:16:00,,Assisted Law Enforcement with access to employee.,Hershey - Dispatched To: HMC - Emergency Department > HMC - Emergency Department,2026-02-18 21:43:32,2026-01-12,2026,1,January,15,Monday,False,Afternoon
1090,26BW00002,7,01/12/2026 03:30 PM,2026-01-12 14:30:00,01/12/2026 03:00 PM,Student reported the theft of their unattended personal property,COMMONS & ATHLETIC CENTER,2026-02-18 21:43:32,2026-01-12,2026,1,January,14,Monday,False,Afternoon
1091,26UP00117,1,01/12/2026 03:27 PM,2025-12-17 17:00:00,01/12/2026 04:01 PM,Student reported the theft of their secured personal property,NITTANY COMMUNITY CENTER,2026-02-18 21:43:32,2025-12-17,2025,12,December,17,Wednesday,False,Evening
1092,PSHI-2026-01-I-132563,2,01/12/2026 02:14 PM,2026-01-12 13:49:00,,Assisted clinical staff with patient needs.,Hershey - Dispatched To: HMC - Main Hospital > HMC - Main Hospital,2026-02-18 21:43:32,2026-01-12,2026,1,January,13,Monday,False,Afternoon
1093,26UP00115,1,01/12/2026 02:10 PM,2026-01-10 00:00:00,01/12/2026 02:00 PM,Employee reported damage to University property,STEPHENS HALL,2026-02-18 21:43:32,2026-01-10,2026,1,January,0,Saturday,True,Late Night
1094,26ER00011,5,01/12/2026 01:13 PM,2026-01-11 12:45:00,,Employee reported a suspicious vehicle,COLLEGE DR,2026-02-18 21:43:32,2026-01-11,2026,1,January,12,Sunday,True,Afternoon
1095,PSHI-2026-01-I-132559,2,01/12/2026 12:10 PM,2026-01-12 10:06:00,,Assisted clinical staff with an agitated patient.,Hershey - Dispatched To: HMC - Main Hospital > HMC - Main Hospital,2026-02-18 21:43:32,2026-01-12,2026,1,January,10,Monday,False,Morning
1097,26HB00003,13,01/12/2026 10:37 AM,2026-01-12 09:00:00,01/12/2026 09:50 AM,Student reported the loss or theft of their unattended personal property,OLMSTED BUILDING,2026-02-18 21:43:32,2026-01-12,2026,1,January,9,Monday,False,Morning
1099,26AL00010,3,01/12/2026 10:13 AM,2026-01-12 10:13:00,,Employee reported a hit and run vehicle crash,IVYSIDE PARK & JUNIATA GAP RD,2026-02-18 21:43:32,2026-01-12,2026,1,January,10,Monday,False,Morning
1100,26UP00114,1,01/12/2026 09:25 AM,2026-01-12 09:25:00,01/12/2026 10:53 AM,Student reported accidental damage to personal property,BRILL HALL,2026-02-18 21:43:32,2026-01-12,2026,1,January,9,Monday,False,Morning
1101,PSHI-2026-01-I-132551,2,01/12/2026 08:37 AM,2026-01-12 08:22:00,,Assisted clinical staff with agitated patient.,Hershey - Dispatched To: HMC - Main Hospital > HMC - Main Hospital,2026-02-18 21:43:32,2026-01-12,2026,1,January,8,Monday,False,Morning
1102,26HN00002,15,01/12/2026 08:11 AM,2026-01-12 08:11:00,01/12/2026 08:20 AM,Employee reported a fire alarm activation,BOOKSTORE,2026-02-18 21:43:32,2026-01-12,2026,1,January,8,Monday,False,Morning
1103,PSHI-2026-01-I-132549,2,01/12/2026 06:45 AM,2026-01-12 06:22:00,,Assisted clinical staff with agitated patient.,Hershey - Dispatched To: HMC - Main Hospital > HMC - Main Hospital,2026-02-18 21:43:32,2026-01-12,2026,1,January,6,Monday,False,Morning
1104,PSHI-2026-01-I-132548,2,01/12/2026 03:29 AM,2026-01-12 01:12:00,,Assisted clinical staff with an agitated patient.,Hershey - Dispatched To: HMC - Emergency Department > HMC - Emergency Department,2026-02-18 21:43:32,2026-01-12,2026,1,January,1,Monday,False,Late Night
1105,PSHI-2026-01-I-132547,2,01/12/2026 02:52 AM,2026-01-12 02:01:00,,Patient scratched nurse.,Hershey - Dispatched To: HMC - Main Hospital - 4 - Acute Care > HMC - Main Hospital - 4 - Acute Care,2026-02-18 21:43:32,2026-01-12,2026,1,January,2,Monday,False,Late Night
1106,PSHI-2026-01-I-132546,2,01/12/2026 02:45 AM,2026-01-12 02:31:00,,Victim of violence receiving treatment.,Hershey - Dispatched To: HMC - Emergency Department > HMC - Emergency Department,2026-02-18 21:43:32,2026-01-12,2026,1,January,2,Monday,False,Late Night
1107,PSHI-2026-01-I-132544,2,01/12/2026 01:55 AM,2026-01-12 00:14:00,,Patient bit provider.,Hershey - Dispatched To: HMC - Children's Hospital - 6 - Pediatric Surgical Care Unit > HMC - Children's Hospital - 6 - Pediatric Surgical Care Unit,2026-02-18 21:43:32,2026-01-12,2026,1,January,0,Monday,False,Late Night
1108,PSHI-2026-01-I-132540,2,01/11/2026 11:21 PM,2026-01-11 22:19:00,,Assisted clinical staff with an agitated patient.,Hershey - Dispatched To: HMC - Emergency Department > HMC - Emergency Department,2026-02-18 21:43:32,2026-01-11,2026,1,January,22,Sunday,True,Late Night
1109,26UP00110,1,01/11/2026 09:49 PM,2026-01-11 21:49:00,01/11/2026 10:20 PM,Student reported the loss or theft of personal property from a secured residencehall room,THOMPSON HALL,2026-02-18 21:43:32,2026-01-11,2026,1,January,21,Sunday,True,Evening
1110,26UP00109,1,01/11/2026 09:02 PM,2026-01-11 21:02:00,01/11/2026 10:32 PM,Resident Assistant reported finding abandoned drugs/drug paraphernalia,SIMMONS HALL,2026-02-18 21:43:32,2026-01-11,2026,1,January,21,Sunday,True,Evening
1111,26UP00108,1,01/11/2026 08:24 PM,2026-01-11 20:24:00,01/11/2026 08:41 PM,Employee reported a suspicious odor,HAMILTON HALL,2026-02-18 21:43:32,2026-01-11,2026,1,January,20,Sunday,True,Evening
1112,PSHI-2026-01-I-132528,2,01/11/2026 07:53 PM,2026-01-11 19:45:00,,Assisted clinical staff with visitor issue paperwork.,Hershey - Reported Location: HMC - Children's Hospital - 3 - Children's Hospital Acute Care,2026-02-18 21:43:32,2026-01-11,2026,1,January,19,Sunday,True,Evening
1113,PSHI-2026-01-I-132527,2,01/11/2026 07:21 PM,2026-01-11 18:43:00,,Assisted clinical staff with an agitated visitor.,Hershey - Dispatched To: HMC - Emergency Department > HMC - Emergency Department,2026-02-18 21:43:32,2026-01-11,2026,1,January,18,Sunday,True,Evening
1114,PSHI-2026-01-I-132526,2,01/11/2026 05:39 PM,2026-01-11 17:21:00,,Assisted clinical staff with an agitated patient.,Hershey - Dispatched To: HMC - Main Hospital - 4 > HMC - Main Hospital - 4,2026-02-18 21:43:32,2026-01-11,2026,1,January,17,Sunday,True,Evening
1115,26SL00001,19,01/11/2026 05:00 PM,2025-12-18 00:00:00,01/10/2026 09:36 AM,Student requested assistance with a personal matter,ADMINISTRATION BUILDING,2026-02-18 21:43:32,2025-12-18,2025,12,December,0,Thursday,False,Late Night
1116,26AL00009,3,01/11/2026 04:40 PM,2026-01-11 16:40:00,01/11/2026 05:45 PM,Assisted an outside law enforcement agency with an investigation,JUNIATA GAP RD,2026-02-18 21:43:32,2026-01-11,2026,1,January,16,Sunday,True,Afternoon
1117,26AL00008,3,01/11/2026 04:13 PM,2026-01-11 16:13:00,01/11/2026 04:40 PM,Assisted an outside law enforcement agency with an investigation,JUNIATA GAP RD & RIDER FARM RD,2026-02-18 21:43:32,2026-01-11,2026,1,January,16,Sunday,True,Afternoon
1118,PSHI-2026-01-I-132523,2,01/11/2026 03:52 PM,2026-01-11 15:19:00,,Assisted clinical staff with an agitated patient.,Hershey - Dispatched To: HMC - Emergency Department > HMC - Emergency Department,2026-02-18 21:43:32,2026-01-11,2026,1,January,15,Sunday,True,Afternoon
1119,26UP00106,1,01/11/2026 03:44 PM,2026-01-11 15:44:00,,Student reported a two vehicle crash with no injuries,EARLE HALL,2026-02-18 21:43:32,2026-01-11,2026,1,January,15,Sunday,True,Afternoon
1120,PSHI-2026-01-I-132522,2,01/11/2026 03:14 PM,2026-01-11 12:20:00,,Assisted clinical staff with agitated patient.,Hershey - Dispatched To: HMC - Main Hospital - 4 - Neuroscience Integrated Care Unit East > HMC - Main Hospital - 4 - Neuroscience Integrated Care Unit East,2026-02-18 21:43:32,2026-01-11,2026,1,January,12,Sunday,True,Afternoon
1121,PSHI-2026-01-I-132519,2,01/11/2026 02:10 PM,2026-01-11 13:23:00,,Visitor slip/fall.,Hershey - Dispatched To: HMC - Cancer Institute > HMC - Cancer Institute,2026-02-18 21:43:32,2026-01-11,2026,1,January,13,Sunday,True,Afternoon
1122,26BK00004,4,01/11/2026 01:28 PM,2026-01-11 13:28:00,01/11/2026 01:56 PM,Student reported a two vehicle crash with no injuries,CLARY DR,2026-02-18 21:43:32,2026-01-11,2026,1,January,13,Sunday,True,Afternoon
1123,26ER00010,5,01/11/2026 12:40 PM,2026-01-11 12:40:00,01/11/2026 12:53 PM,"Resident Assistant reported the odor of marijuana, origin not located",NIAGARA HALL,2026-02-18 21:43:32,2026-01-11,2026,1,January,12,Sunday,True,Afternoon
1125,26BK00003,4,01/11/2026 12:08 PM,2026-01-11 12:08:00,01/11/2026 12:15 PM,Employee reported a fire alarm activation,THE BOWMAN RESIDENCE CENTER,2026-02-18 21:43:32,2026-01-11,2026,1,January,12,Sunday,True,Afternoon
1126,PSHI-2026-01-I-132512,2,01/11/2026 11:18 AM,2026-01-11 10:15:00,,Report of property damage.,Hershey - Dispatched To: HMC - Parking Lot - Lot M1 > HMC - Parking Lot - Lot M1,2026-02-18 21:43:32,2026-01-11,2026,1,January,10,Sunday,True,Morning
1127,PSHI-2026-01-I-132509,2,01/11/2026 09:41 AM,2026-01-11 08:35:00,,Assisted clinical staff with an agitated patient.,Hershey - Dispatched To: HMC - Main Hospital - 7 - Medical Intensive Care Unit East (MICU) > HMC - Main Hospital - 7 - Medical Intensive Care Unit East (MICU),2026-02-18 21:43:32,2026-01-11,2026,1,January,8,Sunday,True,Morning
1128,26UP00105,1,01/11/2026 08:46 AM,2026-01-11 08:46:00,,Employee reported suspicious activity,UNIVERSITY SUPPORT BLDG I,2026-02-18 21:43:32,2026-01-11,2026,1,January,8,Sunday,True,Morning
1129,PSHI-2026-01-I-132505,2,01/11/2026 05:15 AM,2026-01-11 00:41:00,,Assisted clinical staff with agitated patient.,Hershey - Dispatched To: HMC - South Addition - 3 > HMC - South Addition - 3,2026-02-18 21:43:32,2026-01-11,2026,1,January,0,Sunday,True,Late Night
1130,PSHI-2026-01-I-132504,2,01/10/2026 10:55 PM,2026-01-10 21:19:00,,Assisted clinical staff with agitated visitor.,Hershey - Dispatched To: HMC - Emergency Department > HMC - Emergency Department,2026-02-18 21:43:32,2026-01-10,2026,1,January,21,Saturday,True,Evening
1131,26ER00009,5,01/10/2026 07:52 PM,2026-01-10 19:52:00,01/10/2026 08:00 PM,"Resident Assistant reported the odor of marijuana, origin not located",NIAGARA HALL,2026-02-18 21:43:32,2026-01-10,2026,1,January,19,Saturday,True,Evening
1132,PSHI-2026-01-I-132497,2,01/10/2026 07:27 PM,2026-01-10 19:19:00,,Assisted clinical staff with agitated patient.,Hershey - Dispatched To: HMC - Emergency Department > HMC - Emergency Department,2026-02-18 21:43:32,2026-01-10,2026,1,January,19,Saturday,True,Evening
1133,26UP00104,1,01/10/2026 06:21 PM,2026-01-10 18:21:00,,Visitor reported a two vehicle crash with injuries,NITTANY PARKING,2026-02-18 21:43:32,2026-01-10,2026,1,January,18,Saturday,True,Evening
1134,PSHI-2026-01-I-132492,2,01/10/2026 04:39 PM,2026-01-10 16:10:00,,Patient bit/scratched caregiver.,Hershey - Dispatched To: HMC - Main Hospital - 4 - Acute Care > HMC - Main Hospital - 4 - Acute Care,2026-02-18 21:43:32,2026-01-10,2026,1,January,16,Saturday,True,Afternoon
1135,26UP00103,1,01/10/2026 03:29 PM,2025-12-16 00:00:00,01/10/2026 05:53 PM,Student reported the theft of personal property from a secured residence hallroom,SIMMONS HALL,2026-02-18 21:43:32,2025-12-16,2025,12,December,0,Tuesday,False,Late Night
1136,26UP00102,1,01/10/2026 02:50 PM,2026-01-10 14:30:00,01/10/2026 02:35 PM,Employee reported a hit and run vehicle crash,NITTANY PARKING,2026-02-18 21:43:32,2026-01-10,2026,1,January,14,Saturday,True,Afternoon
1138,26UP00100,1,01/10/2026 12:20 PM,2026-01-10 12:20:00,01/10/2026 12:21 PM,Employee reported suspicious activity,HENDERSON DR,2026-02-18 21:43:32,2026-01-10,2026,1,January,12,Saturday,True,Afternoon
1139,26HN00001,15,01/10/2026 12:19 PM,2026-01-10 12:19:00,01/10/2026 12:30 PM,Employee reported a fire alarm activation,RESIDENCE HALL SOUTH,2026-02-18 21:43:32,2026-01-10,2026,1,January,12,Saturday,True,Afternoon
1140,26UP00101,1,01/10/2026 12:02 PM,2025-12-19 12:00:00,01/10/2026 11:50 AM,Student requested assistance with a personal matter,MCELWAIN HALL,2026-02-18 21:43:32,2025-12-19,2025,12,December,12,Friday,False,Afternoon
1141,26UP00099,1,01/10/2026 11:58 AM,2026-01-10 11:58:00,01/10/2026 12:30 PM,Assisted an outside law enforcement agency with an investigation,E COLLEGE AVE,2026-02-18 21:43:32,2026-01-10,2026,1,January,11,Saturday,True,Morning
1142,26UP00098,1,01/10/2026 11:22 AM,2026-01-09 19:17:00,01/10/2026 11:22 AM,Employee reported suspicious activity,BIGLER RD,2026-02-18 21:43:32,2026-01-09,2026,1,January,19,Friday,False,Evening
1143,PSHI-2026-01-I-132482,2,01/10/2026 10:10 AM,2026-01-10 09:36:00,,Facility infrastructure inspection for workplace violence initative.,Hershey - Dispatched To: HMC - Main Hospital - 6 > HMC - Main Hospital - 6,2026-02-18 21:43:32,2026-01-10,2026,1,January,9,Saturday,True,Morning
1144,PSHI-2026-01-I-132471,2,01/10/2026 04:09 AM,2026-01-10 22:14:00,,Assisted clinical staff with an agitated patient.,Hershey - Dispatched To: HMC - Children's Hospital - 6 > HMC - Children's Hospital - 6,2026-02-18 21:43:32,2026-01-10,2026,1,January,22,Saturday,True,Late Night
1145,PSHI-2026-01-I-132470,2,01/10/2026 04:09 AM,2026-01-10 01:33:00,,Assisted clinical staff with patient valuables.,Hershey - Dispatched To: HMC - Main Hospital - 1 - Cashier's Office > HMC - Main Hospital - 1 - Cashier's Office,2026-02-18 21:43:32,2026-01-10,2026,1,January,1,Saturday,True,Late Night
1146,PSHI-2026-01-I-132468,2,01/10/2026 01:13 AM,2026-01-09 19:13:00,,Assisted clinical staff with an agitated patient.,Hershey - Dispatched To: HMC - Emergency Department > HMC - Emergency Department,2026-02-18 21:43:32,2026-01-09,2026,1,January,19,Friday,False,Evening
1147,PSHI-2026-01-I-132467,2,01/10/2026 12:59 AM,2026-01-09 19:39:00,,Assisted clinical staff with an agitated patient.,Hershey - Dispatched To: HMC - Main Hospital - 4 - Acute Care > HMC - Main Hospital - 4 - Acute Care,2026-02-18 21:43:32,2026-01-09,2026,1,January,19,Friday,False,Evening
1148,PSHI-2026-01-I-132466,2,01/10/2026 12:55 AM,2026-01-08 23:08:00,,Assisted clinical staff with an agitated patient.,Hershey - Dispatched To: HMC - Main Hospital - 2 - SICU > HMC - Main Hospital - 2 - SICU,2026-02-18 21:43:32,2026-01-08,2026,1,January,23,Thursday,False,Late Night
1149,26UP00096,1,01/10/2026 12:06 AM,2026-01-10 00:00:00,01/10/2026 12:23 AM,Officer observed visitors trespassing inside a University building/restricted area,BEAVER STADIUM,2026-02-18 21:43:32,2026-01-10,2026,1,January,0,Saturday,True,Late Night
1150,PSHI-2026-01-I-132464,2,01/09/2026 11:53 PM,2026-01-09 23:27:00,,Assisted clinical staff with an agitated patient.,Hershey - Dispatched To: HMC - Main Hospital - 6 - Acute Care > HMC - Main Hospital - 6 - Acute Care,2026-02-18 21:43:32,2026-01-09,2026,1,January,23,Friday,False,Late Night
1151,26UP00093,1,01/09/2026 10:51 PM,2026-01-09 22:51:00,01/10/2026 12:51 AM,A vehicle stop investigation revealed the operator to be driving under the influence of alcohol,PORTER RD & CURTIN RD,2026-02-18 21:43:32,2026-01-09,2026,1,January,22,Friday,False,Late Night
1152,PSHI-2026-01-I-132460,2,01/09/2026 10:23 PM,2026-01-09 22:16:00,,Assisted clinical staff with an agitated patient.,Hershey - Dispatched To: HMC - Emergency Department > HMC - Emergency Department,2026-02-18 21:43:32,2026-01-09,2026,1,January,22,Friday,False,Late Night
1153,PSHI-2026-01-I-132456,2,01/09/2026 09:47 PM,2026-01-09 19:56:00,,Assisted clinical staff with an agitated patient.,Hershey - Dispatched To: HMC - Children's Hospital > HMC - Children's Hospital,2026-02-18 21:43:32,2026-01-09,2026,1,January,19,Friday,False,Evening
1154,PSHI-2026-01-I-132445,2,01/09/2026 04:14 PM,2026-01-09 15:54:00,,Assisted clinical staff with an agitated patient.,Hershey - Dispatched To: HMC - Children's Hospital - 3 > HMC - Children's Hospital - 3,2026-02-18 21:43:32,2026-01-09,2026,1,January,15,Friday,False,Afternoon
1155,26ER00008,5,01/09/2026 02:15 PM,2025-12-20 12:21:00,01/07/2026 07:33 PM,Student reported suspicious activity,SENAT HALL,2026-02-18 21:43:32,2025-12-20,2025,12,December,12,Saturday,True,Afternoon
1156,26UP00082,1,01/08/2026 11:35 PM,2026-01-08 23:35:00,01/09/2026 12:56 AM,A vehicle stop investigation revealed the operator to be driving under the influence of alcohol,N ATHERTON ST (CLAY LN - RAILROAD AVE),2026-02-18 21:43:32,2026-01-08,2026,1,January,23,Thursday,False,Late Night
1157,26AL00007,3,01/08/2026 07:32 PM,2026-01-08 19:32:00,01/08/2026 07:51 PM,Assisted an outside law enforcement agency with an investigation,N 4TH AVE & N 13TH ST,2026-02-18 21:43:32,2026-01-08,2026,1,January,19,Thursday,False,Evening
1158,26ER00007,5,01/08/2026 07:20 PM,2026-01-08 19:20:00,01/08/2026 07:30 PM,Employee reported a fire alarm activation,TIGRESS HALL,2026-02-18 21:43:32,2026-01-08,2026,1,January,19,Thursday,False,Evening
1159,26UP00078,1,01/08/2026 06:55 PM,2026-01-08 18:55:00,01/08/2026 07:41 PM,Received this department's copy of a Protection From Abuse (PFA) order,UNIVERSITY SUPPORT BLDG I,2026-02-18 21:43:32,2026-01-08,2026,1,January,18,Thursday,False,Evening
1160,26BK00002,4,01/08/2026 06:25 PM,2026-01-08 18:25:00,01/08/2026 06:57 PM,Assisted the ambulance with a medical emergency,IVY HALL,2026-02-18 21:43:32,2026-01-08,2026,1,January,18,Thursday,False,Evening
1161,PSHI-2026-01-I-132418,2,01/08/2026 04:44 PM,2026-01-08 15:49:00,,Behavioral partnership agreement.,Hershey - Dispatched To: HMC - Children's Hospital - 3 > HMC - Children's Hospital - 3,2026-02-18 21:43:32,2026-01-08,2026,1,January,15,Thursday,False,Afternoon
1162,PSHI-2026-01-I-132415,2,01/08/2026 02:40 PM,2026-01-08 12:58:00,,Visitor fall.,Hershey - Dispatched To: HMC - Main Hospital - 1 - Main Information Desk > HMC - Main Hospital - 1 - Main Information Desk,2026-02-18 21:43:32,2026-01-08,2026,1,January,12,Thursday,False,Afternoon
1163,26AB00006,2,01/08/2026 12:59 PM,2026-01-08 12:59:00,01/08/2026 01:16 PM,Employee reported a fire alarm activation,LIONS GATE AT PENN STATE ABINGTON,2026-02-18 21:43:32,2026-01-08,2026,1,January,12,Thursday,False,Afternoon
1164,PSHI-2026-01-I-132410,2,01/08/2026 12:55 PM,2026-01-08 09:24:00,,"Visitor fall, no injury reported.",Hershey - Dispatched To: HMC - UPC-2 - 1 - Dialysis > HMC - UPC-2 - 1 - Dialysis,2026-02-18 21:43:32,2026-01-08,2026,1,January,9,Thursday,False,Morning
1165,PSHI-2026-01-I-132409,2,01/08/2026 12:55 PM,2026-01-08 10:17:00,,Assisted Law Enforcement with access to employee.,Hershey - Dispatched To: HMC - 30 Hope Drive > HMC - 30 Hope Drive,2026-02-18 21:43:32,2026-01-08,2026,1,January,10,Thursday,False,Morning
1166,PSHI-2026-01-I-132405,2,01/08/2026 10:34 AM,2026-01-08 09:40:00,,Conducted search of patient's belongings.,Hershey - Dispatched To: HMC - Emergency Department > HMC - Emergency Department,2026-02-18 21:43:32,2026-01-08,2026,1,January,9,Thursday,False,Morning
1167,PSHI-2026-01-I-132402,2,01/08/2026 09:53 AM,2026-01-08 09:18:00,,Patient assaulted security officer.,Hershey - Dispatched To: HMC - Emergency Department > HMC - Emergency Department,2026-02-18 21:43:32,2026-01-08,2026,1,January,9,Thursday,False,Morning
1169,PSHI-2026-01-I-132395,2,01/08/2026 04:36 AM,2026-01-07 20:53:00,,Assisted clinical staff with agitated visitor.,Hershey - Dispatched To: HMC - Children's Hospital > HMC - Children's Hospital,2026-02-18 21:43:32,2026-01-07,2026,1,January,20,Wednesday,False,Evening
1170,26ER00006,5,01/08/2026 03:47 AM,2026-01-08 03:47:00,01/08/2026 04:00 AM,Employee reported a fire alarm activation,REDC PARKING DECK,2026-02-18 21:43:32,2026-01-08,2026,1,January,3,Thursday,False,Late Night
1171,PSHI-2026-01-I-132391,2,01/08/2026 12:49 AM,2026-01-07 23:50:00,,Assisted clinical staff with patient escort.,Hershey - Dispatched To: HMC - Main Hospital - 3 - HVI\HVOC > HMC - Main Hospital - 3 - HVI\HVOC,2026-02-18 21:43:32,2026-01-07,2026,1,January,23,Wednesday,False,Late Night
1172,PSHI-2026-01-I-132387,2,01/08/2026 12:03 AM,2026-01-07 22:15:00,,Patient left care prior to discharge.,Hershey - Dispatched To: HMC - Main Hospital - 5 - Acute Care > HMC - Main Hospital - 5 - Acute Care,2026-02-18 21:43:32,2026-01-07,2026,1,January,22,Wednesday,False,Late Night
1173,PSHI-2026-01-I-132382,2,01/07/2026 10:31 PM,2026-01-07 21:30:00,,Assisted with notification of maintenance issue.,Hershey - Dispatched To: HMC - UPC-1 > HMC - UPC-1,2026-02-18 21:43:32,2026-01-07,2026,1,January,21,Wednesday,False,Evening
1174,26UP00068,1,01/07/2026 10:23 PM,2025-12-22 00:00:00,01/04/2026 12:00 AM,Employee reported the loss or theft of their unattended personal property,FLEET OPERATIONS FACILITY,2026-02-18 21:43:32,2025-12-22,2025,12,December,0,Monday,False,Late Night
1175,PSHI-2026-01-I-132374,2,01/07/2026 08:24 PM,2026-01-07 19:46:00,,Assisted clinical staff with agitated visitor.,Hershey - Dispatched To: HMC - Emergency Department > HMC - Emergency Department,2026-02-18 21:43:32,2026-01-07,2026,1,January,19,Wednesday,False,Evening
1176,PSHI-2026-01-I-132373,2,01/07/2026 08:23 PM,2026-01-07 18:09:00,,Assisted clinical staff with visitor not obeying visitor protocols.,Hershey - Dispatched To: HMC - Main Hospital > HMC - Main Hospital,2026-02-18 21:43:32,2026-01-07,2026,1,January,18,Wednesday,False,Evening
1177,26AB00005,2,01/07/2026 05:21 PM,2026-01-07 17:21:00,01/07/2026 05:47 PM,Assisted the ambulance with a medical emergency,PHYSICAL EDUCATION BUILDING,2026-02-18 21:43:32,2026-01-07,2026,1,January,17,Wednesday,False,Evening
1178,PSHI-2026-01-I-132365,2,01/07/2026 04:49 PM,2026-01-07 13:20:00,,Visitor medical emergency.,Hershey - Dispatched To: HMC - Children's Hospital - 3 > HMC - Children's Hospital - 3,2026-02-18 21:43:32,2026-01-07,2026,1,January,13,Wednesday,False,Afternoon
1179,26UP00065,1,01/07/2026 04:21 PM,2026-01-07 16:21:00,01/07/2026 07:06 PM,Employee requested assistance with an administrative matter,SHIELDS BLDG,2026-02-18 21:43:32,2026-01-07,2026,1,January,16,Wednesday,False,Afternoon
1180,26UP00060,1,01/07/2026 03:33 PM,2025-01-01 00:00:00,05/31/2025 11:59 PM,Assisted an outside agency with a reported hazing at an off campus fraternity,OFF CAMPUS FRATERNITY,2026-02-18 21:43:32,2025-01-01,2025,1,January,0,Wednesday,False,Late Night
1181,PSHI-2026-01-I-132362,2,01/07/2026 03:17 PM,2026-01-05 11:04:00,,Visitor fall.,"Hershey - Reported Location: HMC Off-Site - PSMG - Camp Hill, Specialties - PSMG",2026-02-18 21:43:32,2026-01-05,2026,1,January,11,Monday,False,Morning
1182,PSHI-2026-01-I-132358,2,01/07/2026 03:04 PM,2026-01-07 12:05:00,,Assisted employee with lost/stolen item.,Hershey - Dispatched To: HMC - Main Hospital > HMC - Main Hospital,2026-02-18 21:43:32,2026-01-07,2026,1,January,12,Wednesday,False,Afternoon
1183,PSHI-2026-01-I-132359,2,01/07/2026 03:04 PM,2026-01-07 14:41:00,,Assisted clinical staff with agitated visitor.,Hershey - Dispatched To: HMC - Main Hospital > HMC - Main Hospital,2026-02-18 21:43:32,2026-01-07,2026,1,January,14,Wednesday,False,Afternoon
1184,26UP00059,1,01/07/2026 02:44 PM,2026-01-07 09:44:00,01/07/2026 02:20 PM,Assisted an outside law enforcement agency with an investigation,UNIVERSITY SUPPORT BLDG I,2026-02-18 21:43:32,2026-01-07,2026,1,January,9,Wednesday,False,Morning
1185,PSHI-2026-01-I-132353,2,01/07/2026 02:26 PM,2026-01-07 12:19:00,,Visitor fall.,Hershey - Dispatched To: HMC - Cancer Institute > HMC - Cancer Institute,2026-02-18 21:43:32,2026-01-07,2026,1,January,12,Wednesday,False,Afternoon
1186,26BW00001,7,01/07/2026 12:43 PM,2025-12-04 00:00:00,12/04/2025 11:00 PM,Assisted an outside law enforcement agency with an investigation,GRADYVILLE RD,2026-02-18 21:43:32,2025-12-04,2025,12,December,0,Thursday,False,Late Night
1187,PSHI-2026-01-I-132348,2,01/07/2026 12:07 PM,2026-01-07 11:34:00,,Assisted staff with employee termination.,Hershey - Dispatched To: HMC - Main Hospital > HMC - Main Hospital,2026-02-18 21:43:32,2026-01-07,2026,1,January,11,Wednesday,False,Morning
1188,26HB00002,13,01/07/2026 11:38 AM,2025-12-30 17:00:00,01/07/2026 09:00 AM,Visitor reported the theft of their unsecured/unattended property,ACADEMIC LEARNING CENTER,2026-02-18 21:43:32,2025-12-30,2025,12,December,17,Tuesday,False,Evening
1189,PSHI-2026-01-I-132344,2,01/07/2026 10:34 AM,2025-12-12 01:00:00,,Domestic dispute resulted in charges.,Hershey - Reported Location: HMC - Main Hospital,2026-02-18 21:43:32,2025-12-12,2025,12,December,1,Friday,False,Late Night
1190,26ER00005,5,01/07/2026 07:30 AM,2026-01-07 07:15:00,01/07/2026 08:00 AM,Visitor reported a two vehicle crash with no injuries,COLLEGE DR,2026-02-18 21:43:32,2026-01-07,2026,1,January,7,Wednesday,False,Morning
1191,PSHI-2026-01-I-132339,2,01/07/2026 04:15 AM,2026-01-06 21:10:00,,Assisted staff with complaint of visitor issue.,Hershey - Reported Location: HMC - Main Hospital - 2 - SICU,2026-02-18 21:43:32,2026-01-06,2026,1,January,21,Tuesday,False,Evening
1192,26ER00004,5,01/07/2026 03:57 AM,2026-01-07 03:57:00,01/07/2026 04:07 AM,Employee reported an alarm activation,SMITH CHAPEL & CARILLON,2026-02-18 21:43:32,2026-01-07,2026,1,January,3,Wednesday,False,Late Night
1193,PSHI-2026-01-I-132336,2,01/07/2026 03:12 AM,2026-01-07 01:00:00,,Assisted clinical staff with an agitated visitor.,Hershey - Dispatched To: HMC - Emergency Department > HMC - Emergency Department,2026-02-18 21:43:32,2026-01-07,2026,1,January,1,Wednesday,False,Late Night
1194,PSHI-2026-01-I-132333,2,01/06/2026 11:41 PM,2026-01-06 19:20:00,,Visitor match to the sex offender registry.,Hershey - Dispatched To: HMC - Children's Hospital > HMC - Children's Hospital,2026-02-18 21:43:32,2026-01-06,2026,1,January,19,Tuesday,False,Evening
1195,PSHI-2026-01-I-132331,2,01/06/2026 11:15 PM,2026-01-06 21:30:00,,Visitor mismatch to the sex offender registry.,Hershey - Dispatched To: HMC - Main Hospital > HMC - Main Hospital,2026-02-18 21:43:32,2026-01-06,2026,1,January,21,Tuesday,False,Evening
1196,PSHI-2026-01-I-132323,2,01/06/2026 09:52 PM,2026-01-06 20:17:00,,Assisted clinical staff with contacting law enforcement.,Hershey - Dispatched To: HMC - Emergency Department > HMC - Emergency Department,2026-02-18 21:43:32,2026-01-06,2026,1,January,20,Tuesday,False,Evening
1197,PSHI-2026-01-I-132322,2,01/06/2026 09:31 PM,2026-01-06 19:47:00,,Assisted clinical staff with an agitated patient.,Hershey - Dispatched To: HMC - Main Hospital - 4 - Neuro > HMC - Main Hospital - 4 - Neuro,2026-02-18 21:43:32,2026-01-06,2026,1,January,19,Tuesday,False,Evening
1198,PSHI-2026-01-I-132318,2,01/06/2026 07:59 PM,2026-01-06 19:16:00,,Assisted clinical staff with a visitor issue.,Hershey - Dispatched To: HMC - Emergency Department > HMC - Emergency Department,2026-02-18 21:43:32,2026-01-06,2026,1,January,19,Tuesday,False,Evening
1199,26ER00003,5,01/06/2026 07:34 PM,2026-01-06 19:34:00,01/06/2026 07:44 PM,Employee reported a fire alarm activation,TIGRESS HALL,2026-02-18 21:43:32,2026-01-06,2026,1,January,19,Tuesday,False,Evening
1200,26UP00056,1,01/06/2026 03:27 PM,2025-09-01 00:00:00,12/21/2025 12:00 AM,Assisted an outside law enforcement agency with an investigation,OFF CAMPUS FRATERNITY,2026-02-18 21:43:32,2025-09-01,2025,9,September,0,Monday,False,Late Night
1201,PSHI-2026-01-I-132314,2,01/06/2026 03:06 PM,2026-01-06 12:59:00,,Assisted clinical staff with visitor issue and protocol compliance.,Hershey - Dispatched To: HMC - Children's Hospital - 3 > HMC - Children's Hospital - 3,2026-02-18 21:43:32,2026-01-06,2026,1,January,12,Tuesday,False,Afternoon
1202,26UP00055,1,01/06/2026 11:46 AM,2025-10-31 00:00:00,11/02/2025 12:00 AM,Assisted an outside law enforcement agency with an investigation,UNIVERSITY SUPPORT BLDG I,2026-02-18 21:43:32,2025-10-31,2025,10,October,0,Friday,False,Late Night
1203,PSHI-2026-01-I-132307,2,01/06/2026 11:30 AM,2026-01-06 11:06:00,,Assisted LE with access to patient.,Hershey - Dispatched To: HMC - Main Hospital - 1 - Security Operations Center > HMC - Main Hospital - 1 - Security Operations Center,2026-02-18 21:43:32,2026-01-06,2026,1,January,11,Tuesday,False,Morning
1204,PSHI-2026-01-I-132305,2,01/06/2026 10:28 AM,2026-01-06 09:40:00,,Visitor Fall.,Hershey - Dispatched To: HMC - 30 Hope Drive - 1 - Therapy Services > HMC - 30 Hope Drive - 1 - Therapy Services,2026-02-18 21:43:32,2026-01-06,2026,1,January,9,Tuesday,False,Morning
1205,26ER00002,5,01/06/2026 09:45 AM,2026-01-06 09:40:00,01/06/2026 10:00 AM,Assisted the ambulance with a medical emergency,KNOWLEDGE PKWY,2026-02-18 21:43:32,2026-01-06,2026,1,January,9,Tuesday,False,Morning
1206,26UP00054,1,01/06/2026 08:04 AM,2025-12-25 01:00:00,12/25/2025 01:15 AM,Assisted an outside law enforcement agency with an investigation,W COLLEGE AVE & N BURROWES RD,2026-02-18 21:43:32,2025-12-25,2025,12,December,1,Thursday,False,Late Night
1207,PSHI-2026-01-I-132288,2,01/06/2026 12:55 AM,2026-01-05 23:45:00,,Assisted clinical staff with agitated patient.,Hershey - Dispatched To: HMC - Emergency Department > HMC - Emergency Department,2026-02-18 21:43:32,2026-01-05,2026,1,January,23,Monday,False,Late Night
1208,26UP00053,1,01/05/2026 11:22 PM,2026-01-05 23:21:00,01/05/2026 11:25 PM,,CURTIN RD & PORTER RD,2026-02-18 21:43:32,2026-01-05,2026,1,January,23,Monday,False,Late Night
1209,PSHI-2026-01-I-132287,2,01/05/2026 11:02 PM,2026-01-05 22:54:00,,Assisted maintenance with an elevator entrapment.,Hershey - Dispatched To: HMC - Main Hospital > HMC - Main Hospital,2026-02-18 21:43:32,2026-01-05,2026,1,January,22,Monday,False,Late Night
1210,26AB00004,2,01/05/2026 09:21 PM,2026-01-05 21:20:00,01/05/2026 10:21 PM,Visitor reported suspicious activity,LOT H - ABINGTON,2026-02-18 21:43:32,2026-01-05,2026,1,January,21,Monday,False,Evening
1211,PSHI-2026-01-I-132281,2,01/05/2026 08:46 PM,2026-01-05 19:58:00,,Assisted clinical staff with agitated patient.,Hershey - Dispatched To: HMC - Emergency Department > HMC - Emergency Department,2026-02-18 21:43:32,2026-01-05,2026,1,January,19,Monday,False,Evening
1212,26AB00003,2,01/05/2026 07:41 PM,2026-01-05 19:41:00,01/05/2026 07:47 PM,Employee reported a door alarm activation,ABINGTON TOWNE CENTER,2026-02-18 21:43:32,2026-01-05,2026,1,January,19,Monday,False,Evening
1213,26UP00050,1,01/05/2026 05:52 PM,2026-01-05 17:52:00,01/05/2026 06:12 PM,Visitor reported a concern for a student,SIMMONS HALL,2026-02-18 21:43:32,2026-01-05,2026,1,January,17,Monday,False,Evening
1214,26UP00051,1,01/05/2026 05:52 PM,2026-01-05 17:52:00,01/05/2026 06:31 PM,Student reported a concern for another student,IKENBERRY HALL,2026-02-18 21:43:32,2026-01-05,2026,1,January,17,Monday,False,Evening
1215,26UP00052,1,01/05/2026 05:43 PM,2025-12-22 08:00:00,01/05/2026 05:43 PM,Student reported a hit and run vehicle crash,HOLUBA HALL,2026-02-18 21:43:32,2025-12-22,2025,12,December,8,Monday,False,Morning
1216,PSHI-2026-01-I-132271,2,01/05/2026 05:30 PM,2026-01-05 17:01:00,,Assisted clinical staff with an agitated visitor.,Hershey - Dispatched To: HMC - Emergency Department > HMC - Emergency Department,2026-02-18 21:43:32,2026-01-05,2026,1,January,17,Monday,False,Evening
1217,26UP00046,1,01/05/2026 02:04 PM,2026-01-05 08:34:00,01/05/2026 02:03 PM,Employee reported suspicious person,OLD MAIN,2026-02-18 21:43:32,2026-01-05,2026,1,January,8,Monday,False,Morning
1218,PSHI-2026-01-I-132261,2,01/05/2026 01:41 PM,2026-01-05 12:17:00,,Assisted clinical staff with agitated patient.,Hershey - Dispatched To: HMC - Main Hospital - 1 - Heart & Vascular Critical Care Unit West (HVCCU) > HMC - Main Hospital - 1 - Heart & Vascular Critical Care Unit West (HVCCU),2026-02-18 21:43:32,2026-01-05,2026,1,January,12,Monday,False,Afternoon
1219,PSHI-2026-01-I-132260,2,01/05/2026 01:35 PM,2026-01-05 08:08:00,,Minor vehicle damage caused by gate arm.,"Hershey - Dispatched To: HMC - Parking Lot - Lot B,C,D > HMC - Parking Lot - Lot B,C,D",2026-02-18 21:43:32,2026-01-05,2026,1,January,8,Monday,False,Morning
1220,26UP00045,1,01/05/2026 11:12 AM,2026-01-05 11:12:00,01/05/2026 11:15 AM,Employee reported the theft of University property,SPROUL HALL,2026-02-18 21:43:32,2026-01-05,2026,1,January,11,Monday,False,Morning
1221,PSHI-2026-01-I-132253,2,01/05/2026 07:09 AM,2026-01-05 06:15:00,,Visitor mismatch to the sex offender registry.,Hershey - Dispatched To: HMC - Children's Hospital - 1 - Children's Hospital Main Information Desk > HMC - Children's Hospital - 1 - Children's Hospital Main Information Desk,2026-02-18 21:43:32,2026-01-05,2026,1,January,6,Monday,False,Morning
1222,PSHI-2026-01-I-132250,2,01/05/2026 05:09 AM,2026-01-05 05:01:00,,Assisted clinical staff with agitated patient.,Hershey - Dispatched To: HMC - Main Hospital > HMC - Main Hospital,2026-02-18 21:43:32,2026-01-05,2026,1,January,5,Monday,False,Morning
1223,26ER00001,5,01/05/2026 04:06 AM,2026-01-05 04:06:00,01/05/2026 04:30 AM,Employee reported an alarm activation,METZGAR ADMISSIONS & ALUMNI CTR,2026-02-18 21:43:32,2026-01-05,2026,1,January,4,Monday,False,Late Night
1224,PSHI-2026-01-I-132248,2,01/05/2026 01:21 AM,2026-01-05 20:45:00,,Assisted staff with a visitor problem.,Hershey - Dispatched To: HMC - Children's Hospital > HMC - Children's Hospital,2026-02-18 21:43:32,2026-01-05,2026,1,January,20,Monday,False,Evening
1225,PSHI-2026-01-I-132239,2,01/04/2026 10:16 PM,2026-01-04 21:30:00,,Assisted clinical staff with agitated patient.,Hershey - Dispatched To: HMC - Main Hospital > HMC - Main Hospital,2026-02-18 21:43:32,2026-01-04,2026,1,January,21,Sunday,True,Evening
1226,PSHI-2026-01-I-132238,2,01/04/2026 10:15 PM,2026-01-04 21:20:00,,Assisted staff with reporting incident.,Hershey - Dispatched To: HMC - Main Hospital > HMC - Main Hospital,2026-02-18 21:43:32,2026-01-04,2026,1,January,21,Sunday,True,Evening
1227,PSHI-2026-01-I-132237,2,01/04/2026 07:55 PM,2026-01-04 19:15:00,,Safekeeping of Firearm.,Hershey - Dispatched To: HMC - Main Hospital - 1 - Security Operations Center > HMC - Main Hospital - 1 - Security Operations Center,2026-02-18 21:43:32,2026-01-04,2026,1,January,19,Sunday,True,Evening
1229,26AL00006,3,01/04/2026 06:49 PM,2026-01-04 18:49:00,01/04/2026 07:22 PM,Assisted an outside law enforcement agency with an investigation,JEFFERSON ST,2026-02-18 21:43:32,2026-01-04,2026,1,January,18,Sunday,True,Evening
1230,26AL00005,3,01/04/2026 06:28 PM,2026-01-04 18:28:00,01/04/2026 06:49 PM,Assisted an outside law enforcement agency with an investigation,JUNIATA GAP RD,2026-02-18 21:43:32,2026-01-04,2026,1,January,18,Sunday,True,Evening
1231,PSHI-2026-01-I-132234,2,01/04/2026 04:57 PM,2026-01-04 16:20:00,,Assisted clinical staff with agitated patient.,Hershey - Dispatched To: HMC - Main Hospital - 4 - Neuro > HMC - Main Hospital - 4 - Neuro,2026-02-18 21:43:32,2026-01-04,2026,1,January,16,Sunday,True,Afternoon
1232,PSHI-2026-01-I-132233,2,01/04/2026 03:44 PM,2026-01-02 10:00:00,,Visitor mismatch on sex offender registry.,Hershey - Dispatched To: HMC - Children's Hospital > HMC - Children's Hospital,2026-02-18 21:43:32,2026-01-02,2026,1,January,10,Friday,False,Morning
1233,PSHI-2026-01-I-132232,2,01/04/2026 03:44 PM,2026-01-03 06:13:00,,Visitor mismatch to the sex offender registry.,Hershey - Dispatched To: HMC - Children's Hospital > HMC - Children's Hospital,2026-02-18 21:43:32,2026-01-03,2026,1,January,6,Saturday,True,Morning
1234,PSHI-2026-01-I-132221,2,01/04/2026 12:46 PM,2026-01-04 12:21:00,,Assisted clinical staff with agitated patient.,Hershey - Dispatched To: HMC - Children's Hospital > HMC - Children's Hospital,2026-02-18 21:43:32,2026-01-04,2026,1,January,12,Sunday,True,Afternoon
1235,PSHI-2026-01-I-132220,2,01/04/2026 12:38 PM,2026-01-04 12:07:00,,Assisted clinical staff with a report of a theft.,Hershey - Dispatched To: HMC - Main Hospital - 6 - MIMCU > HMC - Main Hospital - 6 - MIMCU,2026-02-18 21:43:32,2026-01-04,2026,1,January,12,Sunday,True,Afternoon
1236,PSHI-2026-01-I-132210,2,01/04/2026 05:16 AM,2026-01-04 04:43:00,,Assisted clinical staff with agitated patient.,Hershey - Dispatched To: HMC - Emergency Department > HMC - Emergency Department,2026-02-18 21:43:32,2026-01-04,2026,1,January,4,Sunday,True,Late Night
1237,PSHI-2026-01-I-132208,2,01/04/2026 03:14 AM,2026-01-04 02:49:00,,Assisted clinical staff with agitated patient.,Hershey - Dispatched To: HMC - Emergency Department > HMC - Emergency Department,2026-02-18 21:43:32,2026-01-04,2026,1,January,2,Sunday,True,Late Night
1238,PSHI-2026-01-I-132207,2,01/04/2026 01:39 AM,2026-01-04 00:01:00,,Assisted clinical staff with agitated patient.,Hershey - Dispatched To: HMC - Emergency Department > HMC - Emergency Department,2026-02-18 21:43:32,2026-01-04,2026,1,January,0,Sunday,True,Late Night
1239,PSHI-2026-01-I-132202,2,01/03/2026 10:24 PM,2026-01-03 21:45:00,,Patient struck caregiver.,Hershey - Dispatched To: HMC - Main Hospital > HMC - Main Hospital,2026-02-18 21:43:32,2026-01-03,2026,1,January,21,Saturday,True,Evening
1240,26AL00004,3,01/03/2026 09:16 PM,2026-01-03 21:16:00,01/03/2026 09:21 PM,Assisted an outside law enforcement agency with an investigation,DAVIS RD,2026-02-18 21:43:32,2026-01-03,2026,1,January,21,Saturday,True,Evening
1241,26AL00003,3,01/03/2026 06:51 PM,2026-01-03 18:51:00,01/03/2026 07:25 PM,Assisted an outside law enforcement agency with an investigation,W 14TH AVE,2026-02-18 21:43:32,2026-01-03,2026,1,January,18,Saturday,True,Evening
1242,PSHI-2026-01-I-132198,2,01/03/2026 05:30 PM,2026-01-03 16:11:00,,Assisted college staff with a door found unsecured.,Hershey - Dispatched To: COM - Basic Science - 6 > COM - Basic Science - 6,2026-02-18 21:43:32,2026-01-03,2026,1,January,16,Saturday,True,Afternoon
1243,PSHI-2026-01-I-132195,2,01/03/2026 02:26 PM,2026-01-03 14:06:00,,Assisted patient with found property.,Hershey - Dispatched To: HMC - Main Hospital - 1 - Gift Shop > HMC - Main Hospital - 1 - Gift Shop,2026-02-18 21:43:32,2026-01-03,2026,1,January,14,Saturday,True,Afternoon
1244,26HB00001,13,01/03/2026 02:24 PM,2026-01-03 14:24:00,01/03/2026 03:33 PM,Assisted an outside law enforcement agency with an investigation,SPRING ST,2026-02-18 21:43:32,2026-01-03,2026,1,January,14,Saturday,True,Afternoon
1245,26BK00001,4,01/03/2026 02:10 PM,2026-01-03 14:10:00,01/03/2026 03:02 PM,Employee reported suspicious person,GREENHOUSE,2026-02-18 21:43:32,2026-01-03,2026,1,January,14,Saturday,True,Afternoon
1246,PSHI-2026-01-I-132194,2,01/03/2026 01:36 PM,2026-01-03 12:52:00,,Assisted law enforcement with access to patient.,Hershey - Dispatched To: HMC - Children's Hospital - 4 - PIMCU > HMC - Children's Hospital - 4 - PIMCU,2026-02-18 21:43:32,2026-01-03,2026,1,January,12,Saturday,True,Afternoon
1247,26AB00002,2,01/03/2026 08:11 AM,2026-01-03 08:11:00,01/03/2026 08:15 AM,Visitor reported an intrusion alarm activation,LARES BUILDING,2026-02-18 21:43:32,2026-01-03,2026,1,January,8,Saturday,True,Morning
1248,PSHI-2026-01-I-132182,2,01/03/2026 06:20 AM,2026-01-02 16:22:00,,Assisted clinical staff with agitated patient.,Hershey - Dispatched To: HMC - Main Hospital - 1 - Main Entrance\Valet > HMC - Main Hospital - 1 - Main Entrance\Valet,2026-02-18 21:43:32,2026-01-02,2026,1,January,16,Friday,False,Afternoon
1249,PSHI-2026-01-I-132181,2,01/03/2026 04:44 AM,2026-01-03 04:15:00,,“Assisted clinical staff with visitor problem.”,Hershey - Reported Location: HMC - Main Hospital - 3 - Acute Care - 500 University Dr Hershey PA USA,2026-02-18 21:43:32,2026-01-03,2026,1,January,4,Saturday,True,Late Night
1250,PSHI-2026-01-I-132178,2,01/03/2026 01:18 AM,2026-01-03 00:26:00,,Assisted visitor with information.,Hershey - Dispatched To: HMC - Parking Lot > HMC - Parking Lot,2026-02-18 21:43:32,2026-01-03,2026,1,January,0,Saturday,True,Late Night
1251,26AL00002,3,01/02/2026 09:57 PM,2026-01-02 21:57:00,01/02/2026 10:30 PM,Assisted an outside law enforcement agency with an investigation,6TH AVE,2026-02-18 21:43:32,2026-01-02,2026,1,January,21,Friday,False,Evening
1253,26MA00001,17,01/02/2026 03:58 PM,2026-01-02 15:58:00,01/02/2026 04:01 PM,Employee reported theft of services,MONT ALTO HALL LOT 1 - MONT ALTO,2026-02-18 21:43:32,2026-01-02,2026,1,January,15,Friday,False,Afternoon
1254,PSHI-2026-01-I-132168,2,01/02/2026 02:47 PM,2026-01-02 14:25:00,,Visitor fall.,Hershey - Dispatched To: HMC - Main Hospital > HMC - Main Hospital,2026-02-18 21:43:32,2026-01-02,2026,1,January,14,Friday,False,Afternoon
1255,PSHI-2026-01-I-132167,2,01/02/2026 02:43 PM,2026-01-02 14:13:00,,Assisted vendor for the casher's office.,Hershey - Dispatched To: HMC - Main Hospital - 1 - Cashier's Office > HMC - Main Hospital - 1 - Cashier's Office,2026-02-18 21:43:32,2026-01-02,2026,1,January,14,Friday,False,Afternoon
1256,26AL00001,3,01/02/2026 02:22 PM,2026-01-02 14:22:00,01/02/2026 02:30 PM,Assisted an outside law enforcement agency with an investigation,POPLAR BLDG,2026-02-18 21:43:32,2026-01-02,2026,1,January,14,Friday,False,Afternoon
1257,26UP00010,1,01/02/2026 11:48 AM,2026-01-02 11:40:00,01/02/2026 11:48 AM,Employee reported suspicious person,COLONNADE WAY,2026-02-18 21:43:32,2026-01-02,2026,1,January,11,Friday,False,Morning
1258,PSHI-2026-01-I-132161,2,01/02/2026 10:37 AM,2026-01-02 10:05:00,,Assisted clinical staff with agitated visitors.,Hershey - Dispatched To: HMC - Children's Hospital > HMC - Children's Hospital,2026-02-18 21:43:32,2026-01-02,2026,1,January,10,Friday,False,Morning
1259,PSHI-2026-01-I-132152,2,01/01/2026 11:22 PM,2026-01-01 22:38:00,,Assisted clinical staff with agitated visitors.,Hershey - Dispatched To: HMC - Emergency Department > HMC - Emergency Department,2026-02-18 21:43:32,2026-01-01,2026,1,January,22,Thursday,False,Late Night
1260,PSHI-2026-01-I-132144,2,01/01/2026 07:03 PM,2026-01-01 18:58:00,,Visitor mismatch to the sex offender registry.,Hershey - Dispatched To: HMC - Children's Hospital > HMC - Children's Hospital,2026-02-18 21:43:32,2026-01-01,2026,1,January,18,Thursday,False,Evening
1261,PSHI-2026-01-I-132143,2,01/01/2026 05:03 PM,2026-01-01 16:41:00,,Assisted clinical staff with damaged property.,Hershey - Dispatched To: HMC - Main Hospital - 6 - MIMCU > HMC - Main Hospital - 6 - MIMCU,2026-02-18 21:43:32,2026-01-01,2026,1,January,16,Thursday,False,Afternoon
1262,PSHI-2026-01-I-132142,2,01/01/2026 04:49 PM,2026-01-01 16:04:00,,Vehicle incident.,Hershey - Dispatched To: HMC - Centerview Drive Roadway > HMC - Centerview Drive Roadway,2026-02-18 21:43:32,2026-01-01,2026,1,January,16,Thursday,False,Afternoon
1263,26UP00007,1,01/01/2026 01:39 PM,2026-01-01 12:59:00,01/01/2026 01:07 PM,Employee reported suspicious persons,BEAVER STADIUM,2026-02-18 21:43:32,2026-01-01,2026,1,January,12,Thursday,False,Afternoon
1264,26WB00001,21,01/01/2026 10:37 AM,2026-01-01 10:37:00,,Assisted an outside law enforcement agency with an investigation,UNKNOWN  LOCATION,2026-02-18 21:43:32,2026-01-01,2026,1,January,10,Thursday,False,Morning
1265,26AB00001,2,01/01/2026 08:22 AM,2026-01-01 08:22:00,01/01/2026 10:00 AM,Employee reported suspicious activity,LARES BUILDING,2026-02-18 21:43:32,2026-01-01,2026,1,January,8,Thursday,False,Morning
1266,PSHI-2026-01-I-132127,2,01/01/2026 04:37 AM,2026-01-01 03:30:00,,Assisted clinical staff with contacting law enforcement.,Hershey - Dispatched To: HMC - Emergency Department > HMC - Emergency Department,2026-02-18 21:43:32,2026-01-01,2026,1,January,3,Thursday,False,Late Night
1267,PSHI-2026-01-I-132126,2,01/01/2026 04:33 AM,2025-12-31 21:47:00,,Vetted visitor through lobby management software.,Hershey - Dispatched To: HMC - Children's Hospital > HMC - Children's Hospital,2026-02-18 21:43:32,2025-12-31,2025,12,December,21,Wednesday,False,Evening
1268,PSHI-2026-01-I-132123,2,01/01/2026 02:37 AM,2025-12-31 18:18:00,,Visitor Fall.,Hershey - Dispatched To: HMC - Parking Lot - Lot UPC > HMC - Parking Lot - Lot UPC,2026-02-18 21:43:32,2025-12-31,2025,12,December,18,Wednesday,False,Evening
1269,PSHI-2025-12-I-132120,2,12/31/2025 10:17 PM,2025-12-31 20:26:00,,Assisted clinical staff with a security escort.,Hershey - Dispatched To: HMC - Emergency Department > HMC - Emergency Department,2026-02-18 21:43:32,2025-12-31,2025,12,December,20,Wednesday,False,Evening
1270,PSHI-2025-12-I-132118,2,12/31/2025 10:04 PM,2025-12-31 21:20:00,,Assisted clinical staff with visitors not obeying visitor protocols.,Hershey - Dispatched To: HMC - Main Hospital - 2 - SICU > HMC - Main Hospital - 2 - SICU,2026-02-18 21:43:32,2025-12-31,2025,12,December,21,Wednesday,False,Evening
1271,PSHI-2025-12-I-132116,2,12/31/2025 05:55 PM,2025-12-31 17:40:00,,Assisted staff with a visitor issue.,Hershey - Reported Location: HMC - Children's Hospital,2026-02-18 21:43:32,2025-12-31,2025,12,December,17,Wednesday,False,Evening
1272,25UP05383,1,12/31/2025 02:14 PM,2025-12-31 14:14:00,,Assisted the fire department with a reported fire alarm activation,DONKIN HALL,2026-02-18 21:43:32,2025-12-31,2025,12,December,14,Wednesday,False,Afternoon
1273,PSHI-2025-12-I-132109,2,12/31/2025 01:30 PM,2025-12-31 13:16:00,,Assist clinical staff with agitated patient.,Hershey - Dispatched To: HMC - Emergency Department > HMC - Emergency Department,2026-02-18 21:43:32,2025-12-31,2025,12,December,13,Wednesday,False,Afternoon
1275,PSHI-2025-12-I-132107,2,12/31/2025 11:02 AM,2025-12-31 06:35:00,,Assisted clinical staff with a security stand-by.,Hershey - Dispatched To: HMC Off-Site - PSMG - Mechanicsburg - PSMG > HMC Off-Site - PSMG - Mechanicsburg - PSMG,2026-02-18 21:43:32,2025-12-31,2025,12,December,6,Wednesday,False,Morning
1276,PSHI-2025-12-I-132106,2,12/31/2025 10:52 AM,2025-12-31 10:41:00,,Assisted clinical staff with an agitated patient.,Hershey - Dispatched To: HMC - Emergency Department > HMC - Emergency Department,2026-02-18 21:43:32,2025-12-31,2025,12,December,10,Wednesday,False,Morning
1277,PSHI-2025-12-I-132102,2,12/31/2025 10:03 AM,2025-12-31 09:22:00,,Assisted staff with a property related issue.,Hershey - Dispatched To: HMC - Children's Hospital - 5 > HMC - Children's Hospital - 5,2026-02-18 21:43:32,2025-12-31,2025,12,December,9,Wednesday,False,Morning
1278,PSHI-2025-12-I-132097,2,12/31/2025 05:21 AM,2025-12-31 05:09:00,,Assisted clinical staff with agitated patient.,Hershey - Dispatched To: HMC - Main Hospital - 4 - Acute Care > HMC - Main Hospital - 4 - Acute Care,2026-02-18 21:43:32,2025-12-31,2025,12,December,5,Wednesday,False,Morning
1279,PSHI-2025-12-I-132095,2,12/31/2025 03:21 AM,2025-12-31 03:00:00,,Visitor mismatch to the sex offender registry.,Hershey - Dispatched To: HMC - Children's Hospital > HMC - Children's Hospital,2026-02-18 21:43:32,2025-12-31,2025,12,December,3,Wednesday,False,Late Night
1280,PSHI-2025-12-I-132090,2,12/31/2025 01:15 AM,2025-12-31 00:28:00,,Assisted clinical staff with agitated patient.,Hershey - Dispatched To: HMC - Emergency Department > HMC - Emergency Department,2026-02-18 21:43:32,2025-12-31,2025,12,December,0,Wednesday,False,Late Night
1281,PSHI-2025-12-I-132089,2,12/31/2025 12:54 AM,2025-12-30 23:54:00,,Vetted suspicious note found on clinic.,Hershey - Dispatched To: HMC - UPC-1 > HMC - UPC-1,2026-02-18 21:43:32,2025-12-30,2025,12,December,23,Tuesday,False,Late Night
1282,PSHI-2025-12-I-132073,2,12/30/2025 07:07 PM,2025-12-30 18:30:00,,Assisted clinical staff with agitated patient.,Hershey - Dispatched To: HMC - Emergency Department > HMC - Emergency Department,2026-02-18 21:43:32,2025-12-30,2025,12,December,18,Tuesday,False,Evening
1283,PSHI-2025-12-I-132069,2,12/30/2025 04:54 PM,2025-12-30 15:34:00,,Assisted clinical staff with agitated patient.,Hershey - Dispatched To: HMC - Main Hospital > HMC - Main Hospital,2026-02-18 21:43:32,2025-12-30,2025,12,December,15,Tuesday,False,Afternoon
1284,PSHI-2025-12-I-132068,2,12/30/2025 04:47 PM,2025-12-30 13:40:00,,Stand by at off site clinic.,Hershey - Dispatched To: HMC Off-Site - PSMG - Mechanicsburg - PSMG > HMC Off-Site - PSMG - Mechanicsburg - PSMG,2026-02-18 21:43:32,2025-12-30,2025,12,December,13,Tuesday,False,Afternoon
1285,PSHI-2025-12-I-132064,2,12/30/2025 03:12 PM,2025-12-30 13:59:00,,Assisted clinical staff with agitated visitor.,Hershey - Dispatched To: HMC - 30 Hope Drive > HMC - 30 Hope Drive,2026-02-18 21:43:32,2025-12-30,2025,12,December,13,Tuesday,False,Afternoon
1287,PSHI-2025-12-I-132062,2,12/30/2025 02:35 PM,2025-12-30 14:11:00,,Patient bit nurse.,Hershey - Dispatched To: HMC - Main Hospital > HMC - Main Hospital,2026-02-18 21:43:32,2025-12-30,2025,12,December,14,Tuesday,False,Afternoon
1288,PSHI-2025-12-I-132060,2,12/30/2025 02:11 PM,2025-12-30 13:02:00,,Assisted visitor with property matter.,Hershey - Dispatched To: HMC - Main Hospital - 1 - Cashier's Office > HMC - Main Hospital - 1 - Cashier's Office,2026-02-18 21:43:32,2025-12-30,2025,12,December,13,Tuesday,False,Afternoon
1290,PSHI-2025-12-I-132053,2,12/30/2025 12:11 PM,2025-12-30 12:11:00,,Reported property damage to an employee vehicle.,Hershey - Dispatched To: HMC - Parking Lot - Lot A > HMC - Parking Lot - Lot A,2026-02-18 21:43:32,2025-12-30,2025,12,December,12,Tuesday,False,Afternoon
1291,PSHI-2025-12-I-132048,2,12/30/2025 07:11 AM,2025-12-29 14:53:00,,Visitor fall.,Hershey - Dispatched To: HMC - Emergency Department > HMC - Emergency Department,2026-02-18 21:43:32,2025-12-29,2025,12,December,14,Monday,False,Afternoon
1292,PSHI-2025-12-I-132043,2,12/30/2025 12:45 AM,2025-12-30 23:11:00,,Assisted clinical staff with agitated patient.,Hershey - Reported Location: HMC - Emergency Department,2026-02-18 21:43:32,2025-12-30,2025,12,December,23,Tuesday,False,Late Night
1293,PSHI-2025-12-I-132042,2,12/30/2025 12:33 AM,2025-12-30 00:18:00,,Assisted clinical staff with an agitated patient.,Hershey - Dispatched To: HMC - Emergency Department > HMC - Emergency Department,2026-02-18 21:43:32,2025-12-30,2025,12,December,0,Tuesday,False,Late Night
1294,PSHI-2025-12-I-132038,2,12/29/2025 10:56 PM,2025-12-29 22:11:00,,Wanded patient at request of clinical staff.,Hershey - Dispatched To: HPD - Emergency Department > HPD - Emergency Department,2026-02-18 21:43:32,2025-12-29,2025,12,December,22,Monday,False,Late Night
1295,PSHI-2025-12-I-132035,2,12/29/2025 08:47 PM,2025-12-30 20:45:00,,Documentation of security equipment issue.,Hershey - Dispatched To: HMC and COM - Westview Parking Garage > HMC and COM - Westview Parking Garage,2026-02-18 21:43:32,2025-12-30,2025,12,December,20,Tuesday,False,Evening
1296,PSHI-2025-12-I-132036,2,12/29/2025 08:47 PM,2025-12-29 19:20:00,,Visitor fall.,Hershey - Dispatched To: HMC - Main Hospital - 4 - Acute Care > HMC - Main Hospital - 4 - Acute Care,2026-02-18 21:43:32,2025-12-29,2025,12,December,19,Monday,False,Evening
1297,25UP05382,1,12/29/2025 08:01 PM,2025-12-29 20:01:00,12/29/2025 09:00 PM,Received this department's copy of a Protection From Abuse (PFA) order,UNIVERSITY SUPPORT BLDG I,2026-02-18 21:43:32,2025-12-29,2025,12,December,20,Monday,False,Evening
1298,25AL00644,3,12/29/2025 06:22 PM,2025-12-29 18:22:00,12/29/2025 08:25 PM,Assisted an outside law enforcement agency with an investigation,15TH ST & 16TH AVE,2026-02-18 21:43:32,2025-12-29,2025,12,December,18,Monday,False,Evening
1299,25UP05381,1,12/29/2025 03:50 PM,2025-12-29 15:50:00,12/29/2025 04:56 PM,Employee reported a fire,MILLENNIUM SCIENCE COMPLEX,2026-02-18 21:43:32,2025-12-29,2025,12,December,15,Monday,False,Afternoon
1300,PSHI-2025-12-I-132025,2,12/29/2025 03:16 PM,2025-12-29 15:15:00,,Mailed trespass letter as result of patient dismissal.,Hershey - Reported Location: HMC Off-Site - PSMG - Cocoa Outpatient Center - PSMG,2026-02-18 21:43:32,2025-12-29,2025,12,December,15,Monday,False,Afternoon
1301,PSHI-2025-12-I-132024,2,12/29/2025 03:09 PM,2025-12-29 13:46:00,,Assisted clinical staff with agitated patient.,Hershey - Dispatched To: HMC - Children's Hospital > HMC - Children's Hospital,2026-02-18 21:43:32,2025-12-29,2025,12,December,13,Monday,False,Afternoon
1302,PSHI-2025-12-I-132023,2,12/29/2025 03:06 PM,2025-12-29 12:12:00,,Assisted clinical staff with agitated patient.,Hershey - Dispatched To: HMC - Children's Hospital > HMC - Children's Hospital,2026-02-18 21:43:32,2025-12-29,2025,12,December,12,Monday,False,Afternoon
1303,25UP05379,1,12/29/2025 12:22 PM,2025-06-01 00:00:00,12/24/2025 12:00 AM,Employee reported suspicious activity,MILLENNIUM SCIENCE COMPLEX,2026-02-18 21:43:32,2025-06-01,2025,6,June,0,Sunday,True,Late Night
1304,PSHI-2025-12-I-132013,2,12/29/2025 11:57 AM,2025-12-29 11:00:00,,Wanded patient at request of clinical staff.,Hershey - Dispatched To: HMC - 30 Hope Drive > HMC - 30 Hope Drive,2026-02-18 21:43:32,2025-12-29,2025,12,December,11,Monday,False,Morning
1305,25UP05378,1,12/29/2025 11:39 AM,2025-12-29 11:39:00,,Employee reported suspicious persons,AG ADMIN BLDG,2026-02-18 21:43:32,2025-12-29,2025,12,December,11,Monday,False,Morning
1306,25ER00360,5,12/29/2025 03:10 AM,2025-12-29 03:10:00,12/29/2025 03:30 AM,Employee reported an alarm activation,METZGAR ADMISSIONS & ALUMNI CTR,2026-02-18 21:43:32,2025-12-29,2025,12,December,3,Monday,False,Late Night
1307,PSHI-2025-12-I-132001,2,12/29/2025 12:40 AM,2025-12-29 22:10:00,,Assisted clinical staff with agitated patient.,Hershey - Dispatched To: HMC - Emergency Department > HMC - Emergency Department,2026-02-18 21:43:32,2025-12-29,2025,12,December,22,Monday,False,Late Night
1308,PSHI-2025-12-I-132000,2,12/29/2025 12:26 AM,2025-12-28 21:50:00,,Security responded to fire alarm in apartments.,Hershey - Dispatched To: COM - University Manor East > COM - University Manor East,2026-02-18 21:43:32,2025-12-28,2025,12,December,21,Sunday,True,Evening
1309,25UP05375,1,12/28/2025 09:29 PM,2025-12-23 21:00:00,12/24/2025 07:00 PM,Visitor reported the loss or theft of their unattended personal property,FOX HILL RD,2026-02-18 21:43:32,2025-12-23,2025,12,December,21,Tuesday,False,Evening
1310,PSHI-2025-12-I-131991,2,12/28/2025 04:13 PM,2025-12-28 15:13:00,,Assisted Law Enforcement with access to patient.,Hershey - Dispatched To: HMC - UPC-1 > HMC - UPC-1,2026-02-18 21:43:32,2025-12-28,2025,12,December,15,Sunday,True,Afternoon
1311,PSHI-2025-12-I-131981,2,12/28/2025 10:02 AM,2025-12-28 09:38:00,,Assisted clinical staff with agitated patient.,Hershey - Dispatched To: HMC - Emergency Department > HMC - Emergency Department,2026-02-18 21:43:32,2025-12-28,2025,12,December,9,Sunday,True,Morning
1312,PSHI-2025-12-I-131976,2,12/28/2025 01:29 AM,2025-12-28 01:19:00,,Assisted clinical staff with agitated patient.,Hershey - Dispatched To: HMC - Emergency Department > HMC - Emergency Department,2026-02-18 21:43:32,2025-12-28,2025,12,December,1,Sunday,True,Late Night
1313,PSHI-2025-12-I-131975,2,12/28/2025 12:36 AM,2025-12-27 22:34:00,,Assisted clinical staff with agitated patient.,Hershey - Dispatched To: HMC - Emergency Department > HMC - Emergency Department,2026-02-18 21:43:32,2025-12-27,2025,12,December,22,Saturday,True,Late Night
1314,25HB00571,13,12/27/2025 10:28 PM,2025-12-27 22:28:00,,Visitor reported a concern for another student,JUNIATA HOUSE,2026-02-18 21:43:32,2025-12-27,2025,12,December,22,Saturday,True,Late Night
1315,25AB00461,2,12/27/2025 07:42 PM,2025-12-27 19:33:00,12/27/2025 08:28 PM,Employee reported the reckless operation of a vehicle,LOT G - ABINGTON,2026-02-18 21:43:32,2025-12-27,2025,12,December,19,Saturday,True,Evening
1316,PSHI-2025-12-I-131970,2,12/27/2025 07:21 PM,2025-12-27 18:45:00,,Assisted clinical staff with agitated patient.,Hershey - Dispatched To: HMC - Emergency Department > HMC - Emergency Department,2026-02-18 21:43:32,2025-12-27,2025,12,December,18,Saturday,True,Evening
1317,PSHI-2025-12-I-131964,2,12/27/2025 04:03 PM,2025-12-27 15:15:00,,Assisted clinical staff with investigation.,Hershey - Dispatched To: HMC - Emergency Department > HMC - Emergency Department,2026-02-18 21:43:32,2025-12-27,2025,12,December,15,Saturday,True,Afternoon
1318,25UP05371,1,12/27/2025 02:54 PM,2025-12-27 14:54:00,12/27/2025 03:11 PM,Visitor reported accidental damage to personal property,AIRPORT AIR TERMINAL BLDG,2026-02-18 21:43:32,2025-12-27,2025,12,December,14,Saturday,True,Afternoon
1319,25HB00570,13,12/27/2025 01:36 PM,2025-12-27 13:36:00,12/27/2025 02:03 PM,Visitor reported a concern for a student,JUNIATA HOUSE,2026-02-18 21:43:32,2025-12-27,2025,12,December,13,Saturday,True,Afternoon
1320,25ER00359,5,12/27/2025 10:42 AM,2025-12-27 10:42:00,12/27/2025 11:15 AM,Employee reported a fire alarm activation,PORCUPINE HALL,2026-02-18 21:43:32,2025-12-27,2025,12,December,10,Saturday,True,Morning
1321,PSHI-2025-12-I-131953,2,12/27/2025 10:02 AM,2025-12-27 09:20:00,,Safe keeping of patient's pellet gun.,Hershey - Dispatched To: HMC - Emergency Department > HMC - Emergency Department,2026-02-18 21:43:32,2025-12-27,2025,12,December,9,Saturday,True,Morning
1322,25MA00034,17,12/27/2025 06:54 AM,2025-12-27 06:53:00,12/27/2025 07:20 AM,Employee reported a one vehicle crash with no injuries,CAMPUS DR & ORCHARD RD,2026-02-18 21:43:32,2025-12-27,2025,12,December,6,Saturday,True,Morning
1323,PSHI-2025-12-I-131950,2,12/27/2025 05:35 AM,2025-12-27 03:52:00,,Assisted clinical staff with agitated patient.,Hershey - Dispatched To: HMC - Emergency Department > HMC - Emergency Department,2026-02-18 21:43:32,2025-12-27,2025,12,December,3,Saturday,True,Late Night
1324,PSHI-2025-12-I-131945,2,12/27/2025 12:18 AM,2025-12-27 00:02:00,,Assisted clinical staff with a possible violence victim.,Hershey - Dispatched To: HMC - Emergency Department > HMC - Emergency Department,2026-02-18 21:43:32,2025-12-27,2025,12,December,0,Saturday,True,Late Night
1325,PSHI-2025-12-I-131944,2,12/26/2025 11:59 PM,2025-12-26 23:15:00,,Assisted clinical staff with an agitated patient.,Hershey - Dispatched To: HMC - Emergency Department > HMC - Emergency Department,2026-02-18 21:43:32,2025-12-26,2025,12,December,23,Friday,False,Late Night
1326,PSHI-2025-12-I-131943,2,12/26/2025 11:58 PM,2025-12-27 22:21:00,,Assisted clinical staff with visitor problem.,Hershey - Dispatched To: HMC - Emergency Department > HMC - Emergency Department,2026-02-18 21:43:32,2025-12-27,2025,12,December,22,Saturday,True,Late Night
1327,PSHI-2025-12-I-131935,2,12/26/2025 10:09 PM,2025-12-26 21:51:00,,Assisted clinical staff with patient leaving against medical advice.,Hershey - Dispatched To: HMC - Emergency Department > HMC - Emergency Department,2026-02-18 21:43:32,2025-12-26,2025,12,December,21,Friday,False,Evening
1328,PSHI-2025-12-I-131932,2,12/26/2025 08:05 PM,2025-12-26 19:30:00,,Assisted law enforcement and clinical staff with an agitated patient.,Hershey - Dispatched To: HMC - Emergency Department > HMC - Emergency Department,2026-02-18 21:43:32,2025-12-26,2025,12,December,19,Friday,False,Evening
1329,PSHI-2025-12-I-131925,2,12/26/2025 02:18 PM,2025-12-26 14:18:00,,Turned over items to police.,Hershey - Dispatched To: HMC - Main Hospital - 4 - Acute Care > HMC - Main Hospital - 4 - Acute Care,2026-02-18 21:43:32,2025-12-26,2025,12,December,14,Friday,False,Afternoon
1330,PSHI-2025-12-I-131924,2,12/26/2025 12:32 PM,2025-12-26 11:40:00,,Money escort to the cashiers office.,Hershey - Dispatched To: HMC - Main Hospital - 1 - Cashier's Office > HMC - Main Hospital - 1 - Cashier's Office,2026-02-18 21:43:32,2025-12-26,2025,12,December,11,Friday,False,Morning
1332,25HB00569,13,12/25/2025 09:05 PM,2025-12-25 21:05:00,12/25/2025 09:33 PM,Student reported unsafe conditions,JUNIATA HOUSE,2026-02-18 21:43:32,2025-12-25,2025,12,December,21,Thursday,False,Evening
1333,25UP05368,1,12/25/2025 07:43 PM,2025-12-25 19:43:00,,A vehicle stop investigation revealed the operator to be driving with a suspended driver's license,NORTH ATHERTON ST & PARK AVE,2026-02-18 21:43:32,2025-12-25,2025,12,December,19,Thursday,False,Evening
1334,PSHI-2025-12-I-131911,2,12/25/2025 06:18 PM,2025-12-25 17:09:00,,Assisted clinical staff with agitated patient.,Hershey - Dispatched To: HMC - Main Hospital > HMC - Main Hospital,2026-02-18 21:43:32,2025-12-25,2025,12,December,17,Thursday,False,Evening
1336,25HB00568,13,12/25/2025 05:27 AM,2025-12-25 05:27:00,12/25/2025 05:44 AM,Assisted an outside law enforcement agency with an investigation,E HIGH ST,2026-02-18 21:43:32,2025-12-25,2025,12,December,5,Thursday,False,Morning
1337,PSHI-2025-12-I-131880,2,12/24/2025 10:06 PM,2025-12-24 21:20:00,,Escorted patient and law enforcement to clinical treatment area.,Hershey - Dispatched To: HMC - Emergency Department > HMC - Emergency Department,2026-02-18 21:43:32,2025-12-24,2025,12,December,21,Wednesday,False,Evening
1338,PSHI-2025-12-I-131879,2,12/24/2025 09:55 PM,2025-12-23 17:30:00,,Assisted staff with missing items.,Hershey - Dispatched To: HMC - 30 Hope Drive > HMC - 30 Hope Drive,2026-02-18 21:43:32,2025-12-23,2025,12,December,17,Tuesday,False,Evening
1339,PSHI-2025-12-I-131864,2,12/24/2025 01:08 PM,2025-12-24 09:35:00,,Assisted clinical staff with agitated patient.,Hershey - Dispatched To: HMC - Main Hospital > HMC - Main Hospital,2026-02-18 21:43:32,2025-12-24,2025,12,December,9,Wednesday,False,Morning
1340,PSHI-2025-12-I-131862,2,12/24/2025 12:27 PM,2025-11-28 08:00:00,,Theft of supply material.,Hershey - Dispatched To: COM - Basic Science > COM - Basic Science,2026-02-18 21:43:32,2025-11-28,2025,11,November,8,Friday,False,Morning
1341,PSHI-2025-12-I-131856,2,12/24/2025 09:27 AM,2025-12-24 09:20:00,,Assisted Law Enforcement with access patient.,Hershey - Dispatched To: HMC - Main Hospital - 1 - Security Operations Center > HMC - Main Hospital - 1 - Security Operations Center,2026-02-18 21:43:32,2025-12-24,2025,12,December,9,Wednesday,False,Morning
1342,25HN00164,15,12/24/2025 12:42 AM,2025-12-24 00:42:00,12/24/2025 12:56 AM,Assisted an outside law enforcement agency with an investigation,HILLSIDE DR,2026-02-18 21:43:32,2025-12-24,2025,12,December,0,Wednesday,False,Late Night
1343,PSHI-2025-12-I-131839,2,12/23/2025 08:20 PM,2025-12-23 19:50:00,,Escorted visitors to patient room.,Hershey - Reported Location: HMC - Main Hospital - 3 - Acute Care Medical Oncology,2026-02-18 21:43:32,2025-12-23,2025,12,December,19,Tuesday,False,Evening
1344,25UP05364,1,12/23/2025 05:29 PM,2025-12-23 17:29:00,12/23/2025 06:30 PM,Visitor was found trespassing inside a University building,ERIC J. BARRON INNOVATION HUB BUILDING,2026-02-18 21:43:32,2025-12-23,2025,12,December,17,Tuesday,False,Evening
1345,PSHI-2025-12-I-131837,2,12/23/2025 05:14 PM,2025-12-23 16:35:00,,Assisted maintenance supervisor with an employee issue.,Hershey - Dispatched To: COM - College of Medicine - 1 > COM - College of Medicine - 1,2026-02-18 21:43:32,2025-12-23,2025,12,December,16,Tuesday,False,Afternoon
1346,PSHI-2025-12-I-131831,2,12/23/2025 03:42 PM,2025-12-23 15:05:00,,Assisted clinical staff with an agitated visitor.,Hershey - Dispatched To: HMC - Main Hospital - 4 - Acute Care > HMC - Main Hospital - 4 - Acute Care,2026-02-18 21:43:32,2025-12-23,2025,12,December,15,Tuesday,False,Afternoon
1347,PSHI-2025-12-I-131830,2,12/23/2025 03:17 PM,2025-12-23 14:08:00,,Assisted clinical staff with an agitated patient.,Hershey - Dispatched To: HMC - Children's Hospital - 2 > HMC - Children's Hospital - 2,2026-02-18 21:43:32,2025-12-23,2025,12,December,14,Tuesday,False,Afternoon
1348,PSHI-2025-12-I-131828,2,12/23/2025 01:14 PM,2025-12-23 11:01:00,,Assisted clinical staff with an agitated patient.,Hershey - Dispatched To: HMC - Cancer Institute - 5 - Rad Onc > HMC - Cancer Institute - 5 - Rad Onc,2026-02-18 21:43:32,2025-12-23,2025,12,December,11,Tuesday,False,Morning
1349,PSHI-2025-12-I-131809,2,12/23/2025 04:27 AM,2025-12-23 03:50:00,,Visitor mismatch to the sex offender registry.,Hershey - Dispatched To: HMC - Main Hospital - 1 - Main Information Desk > HMC - Main Hospital - 1 - Main Information Desk,2026-02-18 21:43:32,2025-12-23,2025,12,December,3,Tuesday,False,Late Night
1350,PSHI-2025-12-I-131808,2,12/23/2025 03:59 AM,2025-12-22 19:17:00,,Assisted clinical staff with an agitated patient.,Hershey - Dispatched To: HMC - Main Hospital > HMC - Main Hospital,2026-02-18 21:43:32,2025-12-22,2025,12,December,19,Monday,False,Evening
1351,PSHI-2025-12-I-131807,2,12/23/2025 03:24 AM,2025-12-23 00:07:00,,Responded to Fire alarm drills with the safety staff.,Hershey - Dispatched To: HMC - Children's Hospital > HMC - Children's Hospital,2026-02-18 21:43:32,2025-12-23,2025,12,December,0,Tuesday,False,Late Night
1352,PSHI-2025-12-I-131806,2,12/23/2025 02:53 AM,2025-12-23 02:23:00,,Assisted clinical staff with an agitated patient.,Hershey - Dispatched To: HMC - Main Hospital > HMC - Main Hospital,2026-02-18 21:43:32,2025-12-23,2025,12,December,2,Tuesday,False,Late Night
1353,PSHI-2025-12-I-131803,2,12/23/2025 01:20 AM,2025-12-22 23:18:00,,Assisted staff with a visitor issue.,Hershey - Dispatched To: HMC - Main Hospital > HMC - Main Hospital,2026-02-18 21:43:32,2025-12-22,2025,12,December,23,Monday,False,Late Night
1354,PSHI-2025-12-I-131804,2,12/23/2025 01:20 AM,2025-12-23 01:04:00,,Responded to a visitor issue.,Hershey - Dispatched To: HMC - Main Hospital > HMC - Main Hospital,2026-02-18 21:43:32,2025-12-23,2025,12,December,1,Tuesday,False,Late Night
1355,PSHI-2025-12-I-131802,2,12/23/2025 01:05 AM,2025-12-22 22:30:00,,Assisted clinical staff with an agitated patient.,Hershey - Dispatched To: HMC - Emergency Department > HMC - Emergency Department,2026-02-18 21:43:32,2025-12-22,2025,12,December,22,Monday,False,Late Night
1356,PSHI-2025-12-I-131801,2,12/23/2025 12:54 AM,2025-12-22 10:49:00,,Assist staff with an employee issue.,Hershey - Dispatched To: HMC - Main Hospital > HMC - Main Hospital,2026-02-18 21:43:32,2025-12-22,2025,12,December,10,Monday,False,Morning
1357,PSHI-2025-12-I-131800,2,12/23/2025 12:12 AM,2025-12-22 22:52:00,,Assisted clinical staff with an agitated patient.,Hershey - Dispatched To: HMC - Main Hospital > HMC - Main Hospital,2026-02-18 21:43:32,2025-12-22,2025,12,December,22,Monday,False,Late Night
1358,PSHI-2025-12-I-131798,2,12/22/2025 11:31 PM,2025-12-22 21:39:00,,Assisted clinical staff with an agitated patient.,Hershey - Dispatched To: HMC - Main Hospital > HMC - Main Hospital,2026-02-18 21:43:32,2025-12-22,2025,12,December,21,Monday,False,Evening
1359,25UP05363,1,12/22/2025 07:03 PM,2025-12-22 19:03:00,12/22/2025 08:00 PM,Visitor stopped for a University policy violation regarding University access,HUB ROBESON CULTURAL CENTER,2026-02-18 21:43:32,2025-12-22,2025,12,December,19,Monday,False,Evening
1360,PSHI-2025-12-I-131788,2,12/22/2025 05:40 PM,2025-12-22 17:39:00,,Visitor mismatch to the sex offender registry system.,Hershey - Dispatched To: HMC - Children's Hospital - 1 > HMC - Children's Hospital - 1,2026-02-18 21:43:32,2025-12-22,2025,12,December,17,Monday,False,Evening
1361,PSHI-2025-12-I-131786,2,12/22/2025 05:06 PM,2025-12-08 08:00:00,,Vehicle incident.,Hershey - Dispatched To: HMC - Main Hospital > HMC - Main Hospital,2026-02-18 21:43:32,2025-12-08,2025,12,December,8,Monday,False,Morning
1362,PSHI-2025-12-I-131783,2,12/22/2025 03:58 PM,2025-12-22 15:00:00,,Visitor slip/fall.,Hershey - Dispatched To: HMC - Main Hospital - 4 - Acute Care > HMC - Main Hospital - 4 - Acute Care,2026-02-18 21:43:32,2025-12-22,2025,12,December,15,Monday,False,Afternoon
1363,25UP05362,1,12/22/2025 02:47 PM,2025-12-22 14:47:00,12/22/2025 03:30 PM,Student reported the theft of their personal property,HAMILTON HALL,2026-02-18 21:43:32,2025-12-22,2025,12,December,14,Monday,False,Afternoon
1364,PSHI-2025-12-I-131780,2,12/22/2025 01:51 PM,2025-12-22 11:40:00,,Assisted visitor with an escort to a patient's room.,Hershey - Dispatched To: HMC - Main Hospital - 4 - Neuroscience Integrated Care Unit East > HMC - Main Hospital - 4 - Neuroscience Integrated Care Unit East,2026-02-18 21:43:32,2025-12-22,2025,12,December,11,Monday,False,Morning
1365,PSHI-2025-12-I-131779,2,12/22/2025 12:57 PM,2025-12-22 11:27:00,,Assisted clinical staff with an agitated patient.,Hershey - Dispatched To: HMC - Main Hospital - 2 - SICU > HMC - Main Hospital - 2 - SICU,2026-02-18 21:43:32,2025-12-22,2025,12,December,11,Monday,False,Morning
1366,PSHI-2025-12-I-131772,2,12/22/2025 04:53 AM,2025-12-22 04:44:00,,Completed directed patrol.,Hershey - Dispatched To: HMC - Main Hospital - 1 - Heart & Vascular Critical Care Unit East (HVCCU) > HMC - Main Hospital - 1 - Heart & Vascular Critical Care Unit East (HVCCU),2026-02-18 21:43:32,2025-12-22,2025,12,December,4,Monday,False,Late Night
1367,25ER00358,5,12/22/2025 04:30 AM,2025-12-22 04:30:00,12/22/2025 04:50 AM,Student reported unsafe conditions,SENAT HALL,2026-02-18 21:43:32,2025-12-22,2025,12,December,4,Monday,False,Late Night
1368,25UP05360,1,12/22/2025 02:15 AM,2025-12-22 02:15:00,,A vehicle stop investigation revealed the operator to be driving under the influence of alcohol,CURTIN RD & PORTER RD,2026-02-18 21:43:32,2025-12-22,2025,12,December,2,Monday,False,Late Night
1369,PSHI-2025-12-I-131768,2,12/21/2025 11:16 PM,2025-12-21 23:14:00,,Visitor mismatch to the sex offender registry.,Hershey - Dispatched To: HMC - Children's Hospital > HMC - Children's Hospital,2026-02-18 21:43:32,2025-12-21,2025,12,December,23,Sunday,True,Late Night
1370,PSHI-2025-12-I-131767,2,12/21/2025 11:13 PM,2025-12-21 20:25:00,,Assisted visitor with police contact.,Hershey - Dispatched To: HMC - Main Hospital - 3 - Heart & Vascular Progressive Care - East (HVPCU) > HMC - Main Hospital - 3 - Heart & Vascular Progressive Care - East (HVPCU),2026-02-18 21:43:32,2025-12-21,2025,12,December,20,Sunday,True,Evening
1371,25SL00209,19,12/21/2025 10:17 PM,2025-12-21 22:17:00,12/21/2025 10:30 PM,Employee reported an alarm activation,HEALTH & WELLNESS BUILDING,2026-02-18 21:43:32,2025-12-21,2025,12,December,22,Sunday,True,Late Night
1372,25UP05349,1,12/21/2025 10:13 PM,2025-12-21 22:13:00,12/21/2025 10:54 PM,Assisted an outside law enforcement agency with an investigation,E COLLEGE AVE,2026-02-18 21:43:32,2025-12-21,2025,12,December,22,Sunday,True,Late Night
1373,25AL00642,3,12/21/2025 09:14 PM,2025-12-21 21:14:00,12/21/2025 09:22 PM,Assisted an outside law enforcement agency with an investigation,25TH AVE,2026-02-18 21:43:32,2025-12-21,2025,12,December,21,Sunday,True,Evening
1374,25AL00643,3,12/21/2025 08:48 PM,2025-12-21 20:48:00,12/21/2025 09:07 PM,Assisted an outside law enforcement agency with an investigation,25TH AVE & JUNIATA GAP RD,2026-02-18 21:43:32,2025-12-21,2025,12,December,20,Sunday,True,Evening
1375,PSHI-2025-12-I-131760,2,12/21/2025 07:10 PM,2025-12-21 19:10:00,,Safekeeping of patient knife.,Hershey - Dispatched To: HMC - Emergency Department > HMC - Emergency Department,2026-02-18 21:43:32,2025-12-21,2025,12,December,19,Sunday,True,Evening
1376,25AL00641,3,12/21/2025 05:55 PM,2025-12-21 17:55:00,12/21/2025 06:45 PM,Assisted an outside law enforcement agency with an investigation,COLONEL DRAKE HWY & SKYLINE DR,2026-02-18 21:43:32,2025-12-21,2025,12,December,17,Sunday,True,Evening
1377,25UP05345,1,12/21/2025 05:19 PM,2025-12-21 17:19:00,12/21/2025 05:49 PM,Employee reported finding drug paraphernalia,SPROUL HALL,2026-02-18 21:43:32,2025-12-21,2025,12,December,17,Sunday,True,Evening
1378,PSHI-2025-12-I-131755,2,12/21/2025 05:04 PM,2025-12-21 16:36:00,,Assisted clinical staff and visitor with visitor protocols.,Hershey - Dispatched To: HMC - Main Hospital - 2 - SICU > HMC - Main Hospital - 2 - SICU,2026-02-18 21:43:32,2025-12-21,2025,12,December,16,Sunday,True,Afternoon
1379,25UP05344,1,12/21/2025 04:42 PM,2025-12-21 16:42:00,12/21/2025 05:07 PM,Assisted Residence Life with a University policy violation,MARTIN HALL,2026-02-18 21:43:32,2025-12-21,2025,12,December,16,Sunday,True,Afternoon
1380,PSHI-2025-12-I-131754,2,12/21/2025 04:39 PM,2025-12-21 15:42:00,,Team de-escalation plan for agitated patient.,Hershey - Dispatched To: HMC - Children's Hospital > HMC - Children's Hospital,2026-02-18 21:43:32,2025-12-21,2025,12,December,15,Sunday,True,Afternoon
1381,PSHI-2025-12-I-131751,2,12/21/2025 03:09 PM,2025-12-21 14:30:00,,Assisted clinical staff with an agitated visitor.,Hershey - Dispatched To: HMC - Main Hospital > HMC - Main Hospital,2026-02-18 21:43:32,2025-12-21,2025,12,December,14,Sunday,True,Afternoon
1382,PSHI-2025-12-I-131750,2,12/21/2025 02:31 PM,2025-12-21 13:59:00,,Received court documents.,Hershey - Dispatched To: HMC - Children's Hospital > HMC - Children's Hospital,2026-02-18 21:43:32,2025-12-21,2025,12,December,13,Sunday,True,Afternoon
1383,25AB00460,2,12/21/2025 12:18 PM,2025-12-21 12:18:00,12/21/2025 12:25 PM,Visitor requested assistance with a personal matter,WOODLAND BUILDING,2026-02-18 21:43:32,2025-12-21,2025,12,December,12,Sunday,True,Afternoon
1384,PSHI-2025-12-I-131741,2,12/21/2025 10:58 AM,2025-12-21 10:56:00,,Assisted clinical staff with POA paperwork.,Hershey - Dispatched To: HMC - Main Hospital - 2 - SIMCU > HMC - Main Hospital - 2 - SIMCU,2026-02-18 21:43:32,2025-12-21,2025,12,December,10,Sunday,True,Morning
1385,PSHI-2025-12-I-131740,2,12/21/2025 10:39 AM,2025-12-21 10:36:00,,Assisted clinical staff with a visitor issue.,Hershey - Dispatched To: HMC - Main Hospital - 3 - Heart & Vascular Progressive Care - East (HVPCU) > HMC - Main Hospital - 3 - Heart & Vascular Progressive Care - East (HVPCU),2026-02-18 21:43:32,2025-12-21,2025,12,December,10,Sunday,True,Morning
1386,PSHI-2025-12-I-131735,2,12/21/2025 01:39 AM,2025-12-21 00:15:00,,Armed visitor turned out to be an on-duty Correctional Officer.,Hershey - Dispatched To: HMC - Main Hospital > HMC - Main Hospital,2026-02-18 21:43:32,2025-12-21,2025,12,December,0,Sunday,True,Late Night
1387,PSHI-2025-12-I-131733,2,12/20/2025 11:59 PM,2025-12-20 23:45:00,,Assisted clinical staff with visitor issue.,Hershey - Dispatched To: HMC - Children's Hospital - 7 - Women's Health Post \Antepartum > HMC - Children's Hospital - 7 - Women's Health Post \Antepartum,2026-02-18 21:43:32,2025-12-20,2025,12,December,23,Saturday,True,Late Night
1388,25UP05342,1,12/20/2025 11:35 PM,2025-12-20 23:35:00,12/21/2025 02:24 AM,A vehicle stop investigation revealed the operator to be driving under the influence of a controlled substance,N ATHERTON ST (CLAY LN - RAILROAD AVE),2026-02-18 21:43:32,2025-12-20,2025,12,December,23,Saturday,True,Late Night
1389,PSHI-2025-12-I-131732,2,12/20/2025 11:33 PM,2025-12-20 22:57:00,,Assisted LE with incoming Patients.,Hershey - Dispatched To: HMC - Emergency Department > HMC - Emergency Department,2026-02-18 21:43:32,2025-12-20,2025,12,December,22,Saturday,True,Late Night
1390,25UP05335,1,12/20/2025 10:00 PM,2025-12-20 21:55:00,,Visitor reported suspicious activity,PEGULA ICE ARENA,2026-02-18 21:43:32,2025-12-20,2025,12,December,21,Saturday,True,Evening
1391,PSHI-2025-12-I-131728,2,12/20/2025 08:29 PM,2025-12-20 20:15:00,,False Sex Offender Hit.,Hershey - Dispatched To: HMC - Children's Hospital > HMC - Children's Hospital,2026-02-18 21:43:32,2025-12-20,2025,12,December,20,Saturday,True,Evening
1392,25HB00567,13,12/20/2025 08:04 PM,2025-12-20 20:04:00,12/20/2025 08:31 PM,Assisted an outside law enforcement agency with an investigation,GENESIS CT,2026-02-18 21:43:32,2025-12-20,2025,12,December,20,Saturday,True,Evening
1393,PSHI-2025-12-I-131725,2,12/20/2025 07:10 PM,2025-12-20 18:45:00,,Attempt to contact unlisted patient.,Hershey - Dispatched To: HMC - Main Hospital - 4 - Neuroscience Integrated Care Unit East > HMC - Main Hospital - 4 - Neuroscience Integrated Care Unit East,2026-02-18 21:43:32,2025-12-20,2025,12,December,18,Saturday,True,Evening
1394,25UP05328,1,12/20/2025 05:47 PM,2025-12-20 17:47:00,12/20/2025 06:47 PM,Visitor requested assistance in locating a student,ATHERTON HALL,2026-02-18 21:43:32,2025-12-20,2025,12,December,17,Saturday,True,Evening
1395,PSHI-2025-12-I-131723,2,12/20/2025 04:49 PM,2025-12-20 16:55:00,,Assisted clinical staff with agitated patient.,Hershey - Dispatched To: HMC - Emergency Department > HMC - Emergency Department,2026-02-18 21:43:32,2025-12-20,2025,12,December,16,Saturday,True,Afternoon
1396,PSHI-2025-12-I-131717,2,12/20/2025 01:53 PM,2025-12-20 13:35:00,,Assisted clinical staff with agitated patient.,Hershey - Dispatched To: HMC - Emergency Department > HMC - Emergency Department,2026-02-18 21:43:32,2025-12-20,2025,12,December,13,Saturday,True,Afternoon
1397,25UP05322,1,12/20/2025 01:45 PM,2025-12-20 13:45:00,12/20/2025 04:41 PM,Assisted an outside law enforcement agency with an investigation,WHEATFIELD DR,2026-02-18 21:43:32,2025-12-20,2025,12,December,13,Saturday,True,Afternoon
1398,PSHI-2025-12-I-131714,2,12/20/2025 01:18 PM,2025-12-20 12:24:00,,Assisted clinical staff with agitated patient.,Hershey - Dispatched To: HMC - Emergency Department > HMC - Emergency Department,2026-02-18 21:43:32,2025-12-20,2025,12,December,12,Saturday,True,Afternoon
1399,PSHI-2026-02-I-133974,2,02/17/2026 09:52 PM,2026-02-17 20:48:00,,,Hershey - Dispatched To: HMC - Main Hospital > HMC - Main Hospital,2026-02-18 21:59:39,2026-02-17,2026,2,February,20,Tuesday,False,Evening
1400,PSHI-2026-02-I-133971,2,02/17/2026 07:54 PM,2026-02-17 19:26:00,,Medical emergency.,Hershey - Dispatched To: HMC - Emergency Department > HMC - Emergency Department,2026-02-18 21:59:39,2026-02-17,2026,2,February,19,Tuesday,False,Evening
1401,PSHI-2026-02-I-133970,2,02/17/2026 07:21 PM,2026-02-17 19:04:00,,,Hershey - Dispatched To: HMC - Emergency Department > HMC - Emergency Department,2026-02-18 21:59:39,2026-02-17,2026,2,February,19,Tuesday,False,Evening
1402,PSHI-2026-02-I-133969,2,02/17/2026 03:56 PM,2026-02-17 14:36:00,,,Hershey - Dispatched To: HMC - Main Hospital > HMC - Main Hospital,2026-02-18 21:59:39,2026-02-17,2026,2,February,14,Tuesday,False,Afternoon
1404,PSHI-2026-02-I-133954,2,02/17/2026 09:17 AM,2026-02-17 08:30:00,,,Hershey - Dispatched To: HMC - Main Hospital  > HMC - Main Hospital,2026-02-18 21:59:39,2026-02-17,2026,2,February,8,Tuesday,False,Morning
1405,PSHI-2026-02-I-133948,2,02/17/2026 05:39 AM,2026-02-17 05:14:00,,Wanded patient at request of ED staff. Safekeeping of patient scissors.,Hershey - Dispatched To: HMC - Emergency Department > HMC - Emergency Department,2026-02-18 21:59:39,2026-02-17,2026,2,February,5,Tuesday,False,Morning
1406,PSHI-2026-02-I-133944,2,02/17/2026 03:16 AM,2026-02-17 02:06:00,,,Hershey - Dispatched To: HMC - Main Hospital > HMC - Main Hospital,2026-02-18 21:59:39,2026-02-17,2026,2,February,2,Tuesday,False,Late Night
1407,PSHI-2026-02-I-133941,2,02/16/2026 10:49 PM,2026-02-16 09:20:00,,Assisted clinical staff with an agitated patient.,Hershey - Dispatched To: HMC - Children's Hospital > HMC - Children's Hospital,2026-02-18 21:59:39,2026-02-16,2026,2,February,9,Monday,False,Morning
1408,PSHI-2026-02-I-133940,2,02/16/2026 10:29 PM,2026-02-16 20:50:00,,Assisted clinical staff with a visitor problem.,Hershey - Dispatched To: HMC - Main Hospital - 6 - Acute Care > HMC - Main Hospital - 6 - Acute Care,2026-02-18 21:59:39,2026-02-16,2026,2,February,20,Monday,False,Evening
1409,PSHI-2026-02-I-133939,2,02/16/2026 10:28 PM,2026-02-16 19:45:00,,Assisted clinical staff with an agitated patient.,Hershey - Dispatched To: HMC - Main Hospital > HMC - Main Hospital,2026-02-18 21:59:39,2026-02-16,2026,2,February,19,Monday,False,Evening
1410,PSHI-2026-02-I-133926,2,02/16/2026 08:09 PM,2026-02-16 19:39:00,,Assisted clinical staff with a property related matter.,Hershey - Dispatched To: HMC - Emergency Department - 1 - Peds ER > HMC - Emergency Department - 1 - Peds ER,2026-02-18 21:59:39,2026-02-16,2026,2,February,19,Monday,False,Evening
1411,PSHI-2026-02-I-133924,2,02/16/2026 07:36 PM,2026-02-16 18:20:00,,Team de-escalation plan for agitated patient.,Hershey - Dispatched To: HMC - Main Hospital - 3 - Acute Care > HMC - Main Hospital - 3 - Acute Care,2026-02-18 21:59:39,2026-02-16,2026,2,February,18,Monday,False,Evening
1412,PSHI-2026-02-I-133922,2,02/16/2026 07:35 PM,2026-02-16 18:03:00,,Assisted clinical staff with an agitated patient.,Hershey - Dispatched To: HMC - Cancer Institute - 1 > HMC - Cancer Institute - 1,2026-02-18 21:59:39,2026-02-16,2026,2,February,18,Monday,False,Evening
1413,PSHI-2026-02-I-133923,2,02/16/2026 07:35 PM,2026-02-16 18:45:00,,Assisted clinical staff with agitated patient.,Hershey - Dispatched To: HMC - Main Hospital > HMC - Main Hospital,2026-02-18 21:59:39,2026-02-16,2026,2,February,18,Monday,False,Evening
1414,PSHI-2026-02-I-133917,2,02/16/2026 02:23 PM,2026-02-16 13:46:00,,Assisted clinical staff with an agitated patient.,Hershey - Dispatched To: HMC - Children's Hospital - 3 - Children's Hospital Acute Care > HMC - Children's Hospital - 3 - Children's Hospital Acute Care,2026-02-18 21:59:39,2026-02-16,2026,2,February,13,Monday,False,Afternoon
1415,PSHI-2026-02-I-133911,2,02/16/2026 12:48 PM,2026-02-16 12:13:00,,Assisted clinical staff with an agitated patient.,Hershey - Dispatched To: HMC - Children's Hospital - 6 - Pediatric Surgical Care Unit > HMC - Children's Hospital - 6 - Pediatric Surgical Care Unit,2026-02-18 21:59:39,2026-02-16,2026,2,February,12,Monday,False,Afternoon
1416,PSHI-2026-02-I-133901,2,02/16/2026 10:34 AM,2026-02-16 09:00:00,,Drug paraphernalia surrendered to law enforcement.,Hershey - Dispatched To: HMC - Main Hospital - 3 - Heart & Vascular Progressive Care - West (HVPCU) > HMC - Main Hospital - 3 - Heart & Vascular Progressive Care - West (HVPCU),2026-02-18 21:59:39,2026-02-16,2026,2,February,9,Monday,False,Morning
1417,PSHI-2026-02-I-133895,2,02/16/2026 04:28 AM,2026-02-16 03:50:00,,Assisted clinical staff with agitated patient.,Hershey - Dispatched To: HMC - Emergency Department > HMC - Emergency Department,2026-02-18 21:59:39,2026-02-16,2026,2,February,3,Monday,False,Late Night
1419,PSHI-2026-02-I-133891,2,02/16/2026 12:20 AM,2026-02-16 23:58:00,,,Hershey - Dispatched To: HMC - Emergency Department > HMC - Emergency Department,2026-02-18 21:59:39,2026-02-16,2026,2,February,23,Monday,False,Late Night
1420,PSHI-2026-02-I-133620,2,02/09/2026 05:32 PM,2026-01-13 15:05:00,,Assisted clinical staff with locating misplaced property.,Hershey - Dispatched To: HMC - Emergency Department > HMC - Emergency Department,2026-02-18 21:59:39,2026-01-13,2026,1,January,15,Tuesday,False,Afternoon
1421,PSHI-2026-02-I-134061,1,02/19/2026 10:35 PM,2026-02-19 20:45:00,,,Hershey - Dispatched To: HMC - Emergency Department > HMC - Emergency Department,2026-02-21 20:58:08,2026-02-19,2026,2,February,20,Thursday,False,Evening
1422,26HB00080,13,02/19/2026 10:34 PM,2026-02-19 22:34:00,02/19/2026 10:45 PM,Student reported a two vehicle crash with no injuries,SWATARA CUB LOT - HARRISBURG,2026-02-21 20:58:08,2026-02-19,2026,2,February,22,Thursday,False,Late Night
1423,26HN00010,15,02/19/2026 10:17 PM,2026-02-19 22:17:00,02/19/2026 10:27 PM,Assisted an outside law enforcement agency with an investigation,PA-93 & UNIVERSITY DR,2026-02-21 20:58:08,2026-02-19,2026,2,February,22,Thursday,False,Late Night
1424,26BK00035,4,02/19/2026 07:03 PM,2026-02-19 19:03:00,02/19/2026 07:28 PM,Assisted the fire department with a reported fire alarm activation,LAUREL HALL,2026-02-21 20:58:08,2026-02-19,2026,2,February,19,Thursday,False,Evening
1425,2026-00002220,1,02/19/2026 06:47 PM,2026-02-19 12:00:00,02/19/2026 01:00 PM,Student reported damage to University property,MARTIN HALL,2026-02-21 20:58:08,2026-02-19,2026,2,February,12,Thursday,False,Afternoon
1426,PSHI-2026-02-I-134055,1,02/19/2026 06:25 PM,2026-02-19 17:23:00,,,Hershey - Dispatched To: COM - University Manor East > COM - University Manor East,2026-02-21 20:58:08,2026-02-19,2026,2,February,17,Thursday,False,Evening
1427,2026-00002219,1,02/19/2026 05:31 PM,2026-02-19 17:31:00,02/19/2026 07:26 PM,Two vehicle accident with no injuries,NITTANY PARKING,2026-02-21 20:58:08,2026-02-19,2026,2,February,17,Thursday,False,Evening
1428,PSHI-2026-02-I-134052,1,02/19/2026 05:11 PM,2026-02-19 16:53:00,,,Hershey - Dispatched To: HMC - Main Hospital - 4 > HMC - Main Hospital - 4,2026-02-21 20:58:08,2026-02-19,2026,2,February,16,Thursday,False,Afternoon
1429,2026-00002218,1,02/19/2026 04:53 PM,2026-02-19 16:53:00,02/19/2026 05:36 PM,Employee reported concern for a student,STUDENT HEALTH CENTER,2026-02-21 20:58:08,2026-02-19,2026,2,February,16,Thursday,False,Afternoon
1430,PSHI-2026-02-I-134050,1,02/19/2026 04:51 PM,2026-02-19 16:27:00,,,Hershey - Dispatched To: HMC - Emergency Department > HMC - Emergency Department,2026-02-21 20:58:08,2026-02-19,2026,2,February,16,Thursday,False,Afternoon
1431,PSHI-2026-02-I-134049,1,02/19/2026 04:10 PM,2026-02-19 15:39:00,,,Hershey - Dispatched To: HMC - Ronald McDonald House > HMC - Ronald McDonald House,2026-02-21 20:58:08,2026-02-19,2026,2,February,15,Thursday,False,Afternoon
1432,26AB00057,2,02/19/2026 04:06 PM,2026-02-19 16:06:00,02/19/2026 04:25 PM,Employee reported a fire alarm activation,LIONS GATE AT PENN STATE ABINGTON,2026-02-21 20:58:08,2026-02-19,2026,2,February,16,Thursday,False,Afternoon
1433,PSHI-2026-02-I-134045,1,02/19/2026 03:03 PM,2026-02-19 17:00:00,,,Hershey - Dispatched To: HMC - Main Hospital - 1 - Cashier's Office > HMC - Main Hospital - 1 - Cashier's Office,2026-02-21 20:58:08,2026-02-19,2026,2,February,17,Thursday,False,Evening
1434,PSHI-2026-02-I-134044,1,02/19/2026 03:01 PM,2026-02-19 14:42:00,,,Hershey - Dispatched To: COM - Basic Science - 1 > COM - Basic Science - 1,2026-02-21 20:58:08,2026-02-19,2026,2,February,14,Thursday,False,Afternoon
1435,26WS00008,22,02/19/2026 03:00 PM,2026-01-30 07:00:00,02/18/2026 04:53 PM,Employee reported damage to University property,BUSINESS BUILDING,2026-02-21 20:58:08,2026-01-30,2026,1,January,7,Friday,False,Morning
1436,2026-00002216,1,02/19/2026 02:58 PM,2026-02-19 13:20:00,02/19/2026 02:40 PM,Student reported the theft of their unsecured personal property,OSMOND LAB,2026-02-21 20:58:08,2026-02-19,2026,2,February,13,Thursday,False,Afternoon
1437,2026-00002215,1,02/19/2026 02:51 PM,2026-02-19 14:51:00,02/19/2026 05:28 PM,Employee reported suspicious activity,GRANGE BLDG,2026-02-21 20:58:08,2026-02-19,2026,2,February,14,Thursday,False,Afternoon
1438,2026-00002208,1,02/19/2026 01:38 PM,2026-02-13 16:28:00,02/13/2026 07:30 PM,Student reported the theft of their unsecured personal property,INTRAMURAL BLDG,2026-02-21 20:58:08,2026-02-13,2026,2,February,16,Friday,False,Afternoon
1439,2026-00002213,1,02/19/2026 01:02 PM,2026-02-19 12:48:00,02/19/2026 01:02 PM,Employee reported concern for a student,OSBORN HALL,2026-02-21 20:58:08,2026-02-19,2026,2,February,12,Thursday,False,Afternoon
1440,26HB00079,13,02/19/2026 12:57 PM,2026-01-05 00:00:00,02/19/2026 12:00 AM,Employee reported damage to University property,OLMSTED BUILDING,2026-02-21 20:58:08,2026-01-05,2026,1,January,0,Monday,False,Late Night
1441,2026-00002212,1,02/19/2026 12:20 PM,2026-02-02 00:00:00,02/18/2026 11:59 PM,Student reported being harassed by another student,WARNOCK HALL,2026-02-21 20:58:08,2026-02-02,2026,2,February,0,Monday,False,Late Night
1442,2026-00002210,1,02/19/2026 12:00 PM,2026-02-19 12:00:00,02/19/2026 01:00 PM,Officer conducted a security inspection,SNIDER AGRICULTURAL ARENA,2026-02-21 20:58:08,2026-02-19,2026,2,February,12,Thursday,False,Afternoon
1444,PSHI-2026-02-I-134030,1,02/19/2026 10:08 AM,2026-02-19 09:48:00,,,Hershey - Dispatched To: HMC - Emergency Department > HMC - Emergency Department,2026-02-21 20:58:08,2026-02-19,2026,2,February,9,Thursday,False,Morning
1445,2026-00002205,1,02/19/2026 06:30 AM,2026-02-19 06:30:00,02/19/2026 07:30 AM,Officer conducted a security inspection,NITTANY LION INN,2026-02-21 20:58:08,2026-02-19,2026,2,February,6,Thursday,False,Morning
1446,PSHI-2026-02-I-134022,1,02/19/2026 04:42 AM,2026-02-19 03:38:00,,Assisted clinical staff with an agitated patient.,Hershey - Dispatched To: HMC - Main Hospital > HMC - Main Hospital,2026-02-21 20:58:08,2026-02-19,2026,2,February,3,Thursday,False,Late Night
1447,2026-00002202,1,02/19/2026 04:24 AM,2026-02-19 04:15:00,02/19/2026 04:24 AM,Student reported another student engaged in disorderly behavior,STONE HALL,2026-02-21 20:58:08,2026-02-19,2026,2,February,4,Thursday,False,Late Night
1448,PSHI-2026-02-I-134021,1,02/19/2026 03:26 AM,2026-02-19 03:20:00,,Visitor mismatch to the sex offender registry.,Hershey - Dispatched To: HMC - Children's Hospital > HMC - Children's Hospital,2026-02-21 20:58:08,2026-02-19,2026,2,February,3,Thursday,False,Late Night
1450,PSHI-2026-02-I-134015,1,02/19/2026 01:50 AM,2026-02-19 01:14:00,,Property related matter lost and found.,Hershey - Dispatched To: HMC - Emergency Department > HMC - Emergency Department,2026-02-21 20:58:08,2026-02-19,2026,2,February,1,Thursday,False,Late Night
1451,PSHI-2026-02-I-134013,1,02/18/2026 09:52 PM,2026-02-18 19:10:00,,,Hershey - Dispatched To: HMC - Children's Hospital > HMC - Children's Hospital,2026-02-21 20:58:08,2026-02-18,2026,2,February,19,Wednesday,False,Evening
1452,PSHI-2026-02-I-134012,1,02/18/2026 09:08 PM,2026-02-18 18:21:00,,,Hershey - Dispatched To: HMC - Main Hospital - 6 - MIMCU > HMC - Main Hospital - 6 - MIMCU,2026-02-21 20:58:08,2026-02-18,2026,2,February,18,Wednesday,False,Evening
1453,2026-00002174,1,02/18/2026 07:20 PM,2026-02-16 22:30:00,02/17/2026 12:00 AM,Student reported a person trespassing inside a residence hall,PINCHOT HALL,2026-02-21 20:58:08,2026-02-16,2026,2,February,22,Monday,False,Late Night
1454,26BK00034,4,02/18/2026 07:07 PM,2026-02-18 19:07:00,,Visitor reported a concern for another employee,29TH WAY N,2026-02-21 20:58:08,2026-02-18,2026,2,February,19,Wednesday,False,Evening
1455,PSHI-2026-02-I-134005,1,02/18/2026 04:22 PM,2026-02-18 16:03:00,,,Hershey - Dispatched To: HMC - Main Hospital - 6 > HMC - Main Hospital - 6,2026-02-21 20:58:08,2026-02-18,2026,2,February,16,Wednesday,False,Afternoon
1456,26AB00056,2,02/18/2026 03:42 PM,2026-02-18 15:42:00,02/18/2026 04:09 PM,Employee reported a fire alarm activation,LIONS GATE AT PENN STATE ABINGTON,2026-02-21 20:58:08,2026-02-18,2026,2,February,15,Wednesday,False,Afternoon
1457,PSHI-2026-02-I-134003,1,02/18/2026 03:41 PM,2026-02-18 15:10:00,,Asssited LE with access to patient.,Hershey - Reported Location: HMC - Main Hospital - 1 - Security Operations Center,2026-02-21 20:58:08,2026-02-18,2026,2,February,15,Wednesday,False,Afternoon
1458,PSHI-2026-02-I-134001,1,02/18/2026 02:56 PM,2026-02-18 14:41:00,,Team de-escalation plan for agitated patient.,Hershey - Dispatched To: HMC - Main Hospital - 6 > HMC - Main Hospital - 6,2026-02-21 20:58:08,2026-02-18,2026,2,February,14,Wednesday,False,Afternoon
1459,26BR00011,6,02/18/2026 01:30 PM,2026-02-16 00:00:00,02/16/2026 11:59 PM,Employee reported unsafe conditions,LOT A - BEAVER,2026-02-21 20:58:08,2026-02-16,2026,2,February,0,Monday,False,Late Night
1460,26BW00032,7,02/18/2026 01:15 PM,2026-02-18 13:15:00,02/18/2026 01:22 PM,Employee reported a parking concern,COMMONS & ATHLETIC CENTER,2026-02-21 20:58:08,2026-02-18,2026,2,February,13,Wednesday,False,Afternoon
1461,26LV00004,16,02/18/2026 12:15 PM,2026-02-17 00:00:00,,Employee reported a concern for another student,LEHIGH VALLEY BLDG,2026-02-21 20:58:08,2026-02-17,2026,2,February,0,Tuesday,False,Late Night
1462,2026-00002160,1,02/18/2026 11:46 AM,2026-02-18 11:46:00,,Visitor reported suspicious activity,UNIVERSITY SUPPORT BLDG I,2026-02-21 20:58:08,2026-02-18,2026,2,February,11,Wednesday,False,Morning
1463,2026-00002159,1,02/18/2026 11:02 AM,2026-02-17 15:28:00,02/17/2026 08:47 PM,Student reported the theft of unsecured personal property,BUS SHELTER MCCOY NATATORIUM,2026-02-21 20:58:08,2026-02-17,2026,2,February,15,Tuesday,False,Afternoon
1464,26AL00079,3,02/18/2026 11:00 AM,2026-02-13 01:37:00,02/13/2026 02:44 AM,Employee reported a student being harassed,OAK HALL,2026-02-21 20:58:08,2026-02-13,2026,2,February,1,Friday,False,Late Night
1465,2026-00002158,1,02/18/2026 10:01 AM,2026-02-18 09:46:00,02/18/2026 10:45 AM,Employee requested assistance with a personal matter,G THOMAS WATER TUNNEL,2026-02-21 20:58:08,2026-02-18,2026,2,February,9,Wednesday,False,Morning
1466,PSHI-2026-02-I-133990,1,02/18/2026 09:48 AM,2026-02-18 08:40:00,,,Hershey - Dispatched To: HMC - Main Hospital > HMC - Main Hospital,2026-02-21 20:58:08,2026-02-18,2026,2,February,8,Wednesday,False,Morning
1467,PSHI-2026-02-I-133989,1,02/18/2026 09:23 AM,2026-02-18 07:30:00,,Assisted clinical staff with agitated patient.,Hershey - Dispatched To: HMC - Main Hospital - 2 - PreOp\SameDay > HMC - Main Hospital - 2 - PreOp\SameDay,2026-02-21 20:58:08,2026-02-18,2026,2,February,7,Wednesday,False,Morning
1468,PSHI-2026-02-I-133985,1,02/18/2026 07:45 AM,2026-02-18 07:30:00,,,Hershey - Dispatched To: HMC - Main Hospital - 4 - Acute Care > HMC - Main Hospital - 4 - Acute Care,2026-02-21 20:58:08,2026-02-18,2026,2,February,7,Wednesday,False,Morning
1469,PSHI-2026-02-I-133980,1,02/18/2026 06:19 AM,2026-02-18 06:16:00,,,Hershey - Dispatched To: HMC - Main Hospital - 1 - Main Information Desk > HMC - Main Hospital - 1 - Main Information Desk,2026-02-21 20:58:08,2026-02-18,2026,2,February,6,Wednesday,False,Morning
1470,PSHI-2026-02-I-133979,1,02/18/2026 02:48 AM,2026-02-18 01:17:00,,,Hershey - Dispatched To: HMC - Main Hospital > HMC - Main Hospital,2026-02-21 20:58:08,2026-02-18,2026,2,February,1,Wednesday,False,Late Night
1471,26SL00016,19,02/17/2026 09:13 PM,2026-02-17 21:13:00,02/17/2026 09:30 PM,Assisted an outside law enforcement agency with an investigation,ST JOHN ST,2026-02-21 20:58:08,2026-02-17,2026,2,February,21,Tuesday,False,Evening
1472,26HB00085,13,02/17/2026 06:58 PM,2026-02-17 18:58:00,02/17/2026 07:45 PM,Assisted the ambulance with a medical emergency,CAPITAL UNION BUILDING,2026-02-21 20:58:08,2026-02-17,2026,2,February,18,Tuesday,False,Evening
1473,26AL00078,3,02/17/2026 06:47 PM,2026-02-17 18:47:00,,Student reported suspicious activity,SLEP STUDENT CENTER,2026-02-21 20:58:08,2026-02-17,2026,2,February,18,Tuesday,False,Evening
1474,26BR00010,6,02/17/2026 02:00 PM,2026-02-17 13:58:00,,Student reported a two vehicle crash with no injuries,HARMONY HALL LOT - BEAVER,2026-02-21 20:58:08,2026-02-17,2026,2,February,13,Tuesday,False,Afternoon
1475,26AL00077,3,02/17/2026 01:30 PM,2026-02-17 13:30:00,,Employee reported a two vehicle crash with no injuries,SLEP LOT - YSL - ALTOONA,2026-02-21 20:58:08,2026-02-17,2026,2,February,13,Tuesday,False,Afternoon
1476,26HB00083,13,02/17/2026 01:00 PM,2026-02-13 11:00:00,02/13/2026 11:01 AM,Student reported a hit and run vehicle crash,OLMSTED PARKING LOT - HARRISBURG,2026-02-21 20:58:08,2026-02-13,2026,2,February,11,Friday,False,Morning
1477,26WS00007,22,02/17/2026 11:55 AM,2026-02-17 11:49:00,02/17/2026 11:50 AM,Student reported damage to their privately owned vehicle,BB02 LOT - SCRANTON,2026-02-21 20:58:08,2026-02-17,2026,2,February,11,Tuesday,False,Morning
1478,26BR00009,6,02/17/2026 11:06 AM,2026-02-17 11:06:00,,Employee reported a concern for another person,UNIVERSITY DR,2026-02-21 20:58:08,2026-02-17,2026,2,February,11,Tuesday,False,Morning
1479,26AL00076,3,02/17/2026 09:20 AM,2026-02-17 09:20:00,,Assisted an outside law enforcement agency with an investigation,POPLAR BLDG,2026-02-21 20:58:08,2026-02-17,2026,2,February,9,Tuesday,False,Morning
1480,26BW00042,7,02/16/2026 11:21 PM,2026-02-16 23:21:00,02/16/2026 11:37 PM,Employee reported an intrusion alarm activation,EDWARD S J TOMEZSKO CLASSROOM BUILDING,2026-02-21 20:58:08,2026-02-16,2026,2,February,23,Monday,False,Late Night
1481,26ER00051,5,02/16/2026 09:43 PM,2026-02-16 21:43:00,02/16/2026 10:15 PM,Student reported suspicious activity,REED BUILDING,2026-02-21 20:58:08,2026-02-16,2026,2,February,21,Monday,False,Evening
1482,26HB00082,13,02/16/2026 03:42 PM,2026-02-16 15:42:00,02/16/2026 04:00 PM,Student reported accidental damage to a privately owned vehicle,EAB LOT - HARRISBURG,2026-02-21 20:58:08,2026-02-16,2026,2,February,15,Monday,False,Afternoon
1483,26ER00050,5,02/16/2026 03:20 PM,2026-02-16 15:15:00,02/16/2026 03:30 PM,Employee reported a concern for a visitor,REED LOT - ERIE,2026-02-21 20:58:08,2026-02-16,2026,2,February,15,Monday,False,Afternoon
1484,26BW00039,7,02/16/2026 11:05 AM,2026-02-15 00:01:00,,Student reported they were indecently assaulted by a known person in a residence hall,RESIDENCE HALL,2026-02-21 20:58:08,2026-02-15,2026,2,February,0,Sunday,True,Late Night
1485,26BW00040,7,02/16/2026 11:05 AM,2026-02-15 00:00:00,,Student reported being harassed,ORCHARD HALL,2026-02-21 20:58:08,2026-02-15,2026,2,February,0,Sunday,True,Late Night
1486,26SH00001,20,02/16/2026 09:45 AM,2026-02-16 09:45:00,,Employee requested assistance with an administrative matter,SHARON HALL,2026-02-21 20:58:08,2026-02-16,2026,2,February,9,Monday,False,Morning
1487,26HB00081,13,02/16/2026 09:30 AM,2026-02-16 09:30:00,02/16/2026 09:45 AM,Employee reported abandoned property,OLMSTED DRIVE LOT - HARRISBURG,2026-02-21 20:58:08,2026-02-16,2026,2,February,9,Monday,False,Morning
1488,26ER00049,5,02/15/2026 08:15 PM,2026-02-15 20:15:00,02/15/2026 09:12 PM,Employee reported a fire alarm activation,VARIOUS ON-CAMPUS BUILDINGS AND RESIDENCE HALLS,2026-02-21 20:58:08,2026-02-15,2026,2,February,20,Sunday,True,Evening
1489,26AL00075,3,02/15/2026 07:08 PM,2026-02-15 19:00:00,02/15/2026 07:08 PM,Student reported being physically assaulted by a known person,SPRUCE HALL,2026-02-21 20:58:08,2026-02-15,2026,2,February,19,Sunday,True,Evening
1490,26BW00038,7,02/15/2026 10:25 AM,2026-02-15 10:25:00,,Student requested assistance with a personal matter,ORCHARD HALL,2026-02-21 20:58:08,2026-02-15,2026,2,February,10,Sunday,True,Morning
1491,26HB00078,13,02/15/2026 09:45 AM,2025-12-31 00:00:00,02/15/2026 09:45 AM,Student reported being harassed,MAHANOY HOUSE,2026-02-21 20:58:08,2025-12-31,2025,12,December,0,Wednesday,False,Late Night
1492,26HB00077,13,02/14/2026 10:04 PM,2026-02-14 22:04:00,02/14/2026 10:14 PM,Student reported being harassed,MAHANOY HOUSE,2026-02-21 20:58:08,2026-02-14,2026,2,February,22,Saturday,True,Late Night
1493,26ER00048,5,02/14/2026 09:03 PM,2026-02-14 21:03:00,02/14/2026 09:30 PM,Student reported a suspicious odor,NIAGARA HALL,2026-02-21 20:58:08,2026-02-14,2026,2,February,21,Saturday,True,Evening
1494,26BW00037,7,02/14/2026 04:57 PM,2026-02-14 16:57:00,02/14/2026 05:58 PM,Employee reported disorderly persons,COMMONS & ATHLETIC CENTER,2026-02-21 20:58:08,2026-02-14,2026,2,February,16,Saturday,True,Afternoon
1495,26AL00074,3,02/14/2026 02:55 PM,2026-02-14 14:55:00,02/14/2026 04:40 PM,Visitor reported a concern for a student,SPRUCE HALL,2026-02-21 20:58:08,2026-02-14,2026,2,February,14,Saturday,True,Afternoon
1496,26BW00041,7,02/14/2026 10:56 AM,2026-02-16 10:56:00,,Student reported they were indecently assaulted by a known person in a residencehall,RESIDENCE HALL,2026-02-21 20:58:08,2026-02-16,2026,2,February,10,Monday,False,Morning
1497,26AL00073,3,02/14/2026 09:29 AM,2026-02-13 17:00:00,02/13/2026 09:29 AM,Employee reported damage to University property,OAK HALL,2026-02-21 20:58:08,2026-02-13,2026,2,February,17,Friday,False,Evening
1498,26MA00003,17,02/14/2026 06:01 AM,2026-02-14 05:26:00,02/14/2026 05:29 AM,Student reported the theft of their unattended personal property,MONT ALTO HALL,2026-02-21 20:58:08,2026-02-14,2026,2,February,5,Saturday,True,Morning
1499,26SL00017,19,02/14/2026 02:06 AM,2026-02-14 02:06:00,02/14/2026 02:38 AM,Assisted a student with a personal matter,STUDENT PARKING LOT - SCHUYLKILL,2026-02-21 20:58:08,2026-02-14,2026,2,February,2,Saturday,True,Late Night
1500,26BW00036,7,02/13/2026 06:16 PM,2026-02-13 17:40:00,02/13/2026 06:16 PM,Assisted the ambulance with a medical emergency,ORCHARD HALL,2026-02-21 20:58:08,2026-02-13,2026,2,February,17,Friday,False,Evening
1501,26WS00006,22,02/13/2026 10:20 AM,2026-02-13 10:20:00,02/13/2026 11:30 AM,Employee requested assistance in locating another employee,CAMAC AVE,2026-02-21 20:58:08,2026-02-13,2026,2,February,10,Friday,False,Morning
1502,26BW00035,7,02/13/2026 09:19 AM,2026-02-13 09:19:00,02/13/2026 10:17 AM,Employee reported suspicious activity,EDWARD S J TOMEZSKO CLASSROOM BUILDING,2026-02-21 20:58:08,2026-02-13,2026,2,February,9,Friday,False,Morning
1503,26BW00034,7,02/13/2026 05:34 AM,2026-02-13 05:34:00,02/13/2026 05:42 AM,Employee reported an intrusion alarm activation,MAIN BUILDING,2026-02-21 20:58:08,2026-02-13,2026,2,February,5,Friday,False,Morning
1504,26ER00047,5,02/13/2026 12:00 AM,2026-02-13 00:00:00,,Student reported a suspicious odor,NIAGARA HALL,2026-02-21 20:58:08,2026-02-13,2026,2,February,0,Friday,False,Late Night
1505,26BW00033,7,02/12/2026 02:03 PM,2026-02-12 14:03:00,,Student reported suspicious person,COMMONS & ATHLETIC CENTER,2026-02-21 20:58:08,2026-02-12,2026,2,February,14,Thursday,False,Afternoon
1506,26HB00073,13,02/12/2026 01:41 PM,2026-02-11 15:30:00,02/11/2026 04:00 PM,Employee reported a concern for another employee,OLMSTED BUILDING,2026-02-21 20:58:08,2026-02-11,2026,2,February,15,Wednesday,False,Afternoon
1507,26AL00072,3,02/12/2026 12:05 PM,2026-02-12 12:05:00,,Employee reported suspicious activity,PORT SKY CAFE,2026-02-21 20:58:08,2026-02-12,2026,2,February,12,Thursday,False,Afternoon
1508,26BR00008,6,02/12/2026 02:49 AM,2026-02-12 02:49:00,02/12/2026 03:00 AM,Student reported a concern for another student,HARMONY HALL,2026-02-21 20:58:08,2026-02-12,2026,2,February,2,Thursday,False,Late Night
1509,26AL00071,3,02/12/2026 12:48 AM,2026-02-12 00:48:00,,Assisted the ambulance with a medical emergency,OAK HALL,2026-02-21 20:58:08,2026-02-12,2026,2,February,0,Thursday,False,Late Night
1510,26MA00002,17,02/11/2026 12:05 PM,2026-02-09 19:40:00,02/10/2026 12:35 AM,Employee requested assistance with an administrative matter,MULTI-PURPOSE ACTIVITIES CENTER,2026-02-21 20:58:08,2026-02-09,2026,2,February,19,Monday,False,Evening
1511,26HN00017,15,02/24/2026 04:25 AM,2026-02-24 04:25:00,02/24/2025 04:50 AM,Employee reported an intrusion alarm activation,DINING HALL,2026-02-25 02:54:48,2026-02-24,2026,2,February,4,Tuesday,False,Late Night
1512,2026-00002453,1,02/24/2026 03:20 AM,2025-12-25 00:00:00,02/24/2026 03:20 AM,Student reported being harassed,SOUTH HALLS RESIDENCE COMPLEX,2026-02-25 02:54:48,2025-12-25,2025,12,December,0,Thursday,False,Late Night
1513,26AB00072,2,02/24/2026 02:30 AM,2026-02-24 02:25:00,02/24/2026 03:00 AM,Employee reported a fire alarm activation,LIONS GATE AT PENN STATE ABINGTON,2026-02-25 02:54:48,2026-02-24,2026,2,February,2,Tuesday,False,Late Night
1514,2026-00002439,1,02/23/2026 10:53 PM,2026-02-23 22:53:00,02/23/2026 11:00 PM,Employee reported a suspicious odor,STONE HALL,2026-02-25 02:54:48,2026-02-23,2026,2,February,22,Monday,False,Late Night
1515,2026-00002438,1,02/23/2026 10:10 PM,2026-02-22 18:58:00,,Student reported being harassed,BRUMBAUGH HALL,2026-02-25 02:54:48,2026-02-22,2026,2,February,18,Sunday,True,Evening
1516,2026-00002432,1,02/23/2026 08:53 PM,2026-02-23 20:53:00,02/23/2026 09:15 PM,Employee reported a suspcious vehicle,EAST PARKING DECK,2026-02-25 02:54:48,2026-02-23,2026,2,February,20,Monday,False,Evening
1517,26BK00040,4,02/23/2026 05:46 PM,2026-02-23 17:46:00,02/23/2026 05:58 PM,,OAKMOSS HALL,2026-02-25 02:54:48,2026-02-23,2026,2,February,17,Monday,False,Evening
1518,26ER00054,5,02/23/2026 05:20 PM,2026-02-13 18:00:00,02/20/2026 10:00 PM,Student reported the theft of their unattended personal property,NIAGARA HALL,2026-02-25 02:54:48,2026-02-13,2026,2,February,18,Friday,False,Evening
1519,26AL00091,3,02/23/2026 03:26 PM,2026-02-23 15:26:00,02/23/2026 04:00 PM,Assisted an outside law enforcement agency with an investigation,PARKSIDE DR,2026-02-25 02:54:48,2026-02-23,2026,2,February,15,Monday,False,Afternoon
1520,2026-00002417,1,02/23/2026 02:18 PM,2026-02-23 14:00:00,02/23/2026 02:15 PM,Employee reported a two vehicle crash with no injuries,EAST PARKING DECK,2026-02-25 02:54:48,2026-02-23,2026,2,February,14,Monday,False,Afternoon
1521,26AL00090,3,02/23/2026 12:45 PM,2026-02-22 23:47:00,02/22/2023 11:48 PM,Employee reported suspicious activity,HAWTHORN LOT - ALTOONA,2026-02-25 02:54:48,2026-02-22,2026,2,February,23,Sunday,True,Late Night
1522,2026-00002416,1,02/23/2026 12:21 PM,2026-02-23 12:21:00,02/23/2026 01:10 PM,Visitor requested assistance in locating a student,MCELWAIN HALL,2026-02-25 02:54:48,2026-02-23,2026,2,February,12,Monday,False,Afternoon
1523,26AL00089,3,02/23/2026 12:19 PM,2026-02-22 16:15:00,02/22/2026 06:30 PM,Student reported suspicious persons,OAK HALL,2026-02-25 02:54:48,2026-02-22,2026,2,February,16,Sunday,True,Afternoon
1524,26HB00088,13,02/23/2026 11:52 AM,2026-02-20 17:00:00,02/23/2026 11:30 AM,Employee reported suspicious activity,OLMSTED BUILDING,2026-02-25 02:54:48,2026-02-20,2026,2,February,17,Friday,False,Evening
1525,2026-00002410,1,02/23/2026 09:43 AM,2026-02-23 07:03:00,02/23/2026 07:04 AM,Employee reported a one vehicle crash with no injuries,HUB PARKING DECK,2026-02-25 02:54:48,2026-02-23,2026,2,February,7,Monday,False,Morning
1526,26SH00002,20,02/23/2026 09:24 AM,2026-02-23 09:15:00,,Employee requested assistance with an administrative matter,BLACK AND BASHORE BUILDING SIDEWALK AREA,2026-02-25 02:54:48,2026-02-23,2026,2,February,9,Monday,False,Morning
1527,2026-00002409,1,02/23/2026 09:11 AM,2026-02-23 06:00:00,02/23/2026 09:00 AM,Assisted the ambulance with a medical emergency,HAFFNER HALL,2026-02-25 02:54:48,2026-02-23,2026,2,February,6,Monday,False,Morning
1528,2026-00002407,1,02/23/2026 08:43 AM,2026-02-21 00:00:00,02/21/2026 04:00 PM,Employee reported suspcious activity,EAST PARKING DECK,2026-02-25 02:54:48,2026-02-21,2026,2,February,0,Saturday,True,Late Night
1529,26AL00088,3,02/23/2026 12:47 AM,2026-02-23 00:47:00,02/23/2026 03:00 AM,Students found in possession of marijuana and drug paraphernalia,OAK HALL,2026-02-25 02:54:48,2026-02-23,2026,2,February,0,Monday,False,Late Night
1530,2026-00002397,1,02/23/2026 12:05 AM,2026-02-22 23:49:00,02/23/2026 12:05 AM,Employee reported a hit and run crash,HUB PARKING DECK,2026-02-25 02:54:48,2026-02-22,2026,2,February,23,Sunday,True,Late Night
1531,26HB00087,13,02/22/2026 11:42 PM,2026-02-22 23:42:00,02/22/2026 11:55 PM,Employee reported a fire alarm activation,FALCON HALL,2026-02-25 02:54:48,2026-02-22,2026,2,February,23,Sunday,True,Late Night
1532,PSHI-2026-02-I-134166,1,02/22/2026 11:08 PM,2026-02-22 22:34:00,,,Hershey - Dispatched To: HMC - Main Hospital - 4 - Acute Care > HMC - Main Hospital - 4 - Acute Care,2026-02-25 02:54:48,2026-02-22,2026,2,February,22,Sunday,True,Late Night
1533,PSHI-2026-02-I-134165,1,02/22/2026 11:07 PM,2026-02-22 20:51:00,,,Hershey - Dispatched To: HMC - Main Hospital > HMC - Main Hospital,2026-02-25 02:54:48,2026-02-22,2026,2,February,20,Sunday,True,Evening
1534,26ER00053,5,02/22/2026 09:25 PM,2026-02-22 21:25:00,02/22/2026 10:30 PM,Student reported a suspicious person,SENAT HALL,2026-02-25 02:54:48,2026-02-22,2026,2,February,21,Sunday,True,Evening
1535,26AB00061,2,02/22/2026 09:00 PM,2026-02-22 20:50:00,02/22/2026 08:55 PM,Employee reported afire alarm activation,LIONS GATE AT PENN STATE ABINGTON,2026-02-25 02:54:48,2026-02-22,2026,2,February,20,Sunday,True,Evening
1536,26AL00087,3,02/22/2026 07:25 PM,2026-02-22 19:25:00,02/22/2026 07:40 PM,Student reported a concern for another student,OAK HALL,2026-02-25 02:54:48,2026-02-22,2026,2,February,19,Sunday,True,Evening
1537,2026-00002379,1,02/22/2026 06:34 PM,2026-02-22 18:34:00,02/22/2026 07:50 PM,Assisted the fire department with a reported smoke condition,BEAM HALL,2026-02-25 02:54:48,2026-02-22,2026,2,February,18,Sunday,True,Evening
1538,26AL00086,3,02/22/2026 05:50 PM,2026-02-20 12:00:00,02/21/2026 08:30 PM,Student reported damage to their personally owned vehicle,MAPLE LOT - GMA - ALTOONA,2026-02-25 02:54:48,2026-02-20,2026,2,February,12,Friday,False,Afternoon
1539,PSHI-2026-02-I-134161,1,02/22/2026 04:25 PM,2026-02-22 14:08:00,,Assisted clinical staff with agitated patient.,Hershey - Dispatched To: HMC - Children's Hospital - 3 > HMC - Children's Hospital - 3,2026-02-25 02:54:48,2026-02-22,2026,2,February,14,Sunday,True,Afternoon
1540,PSHI-2026-02-I-134160,1,02/22/2026 04:09 PM,2026-02-22 15:39:00,,Assisted clinical staff with agitated patient.,Hershey - Dispatched To: HMC - Emergency Department > HMC - Emergency Department,2026-02-25 02:54:48,2026-02-22,2026,2,February,15,Sunday,True,Afternoon
1541,PSHI-2026-02-I-134155,1,02/22/2026 02:47 PM,2026-02-22 13:43:00,,,Hershey - Dispatched To: HMC - Emergency Department > HMC - Emergency Department,2026-02-25 02:54:48,2026-02-22,2026,2,February,13,Sunday,True,Afternoon
1542,26AB00060,2,02/22/2026 02:10 PM,2026-02-22 14:10:00,02/22/2026 02:40 PM,Employee reported a fire alarm activation,LIONS GATE AT PENN STATE ABINGTON,2026-02-25 02:54:48,2026-02-22,2026,2,February,14,Sunday,True,Afternoon
1543,26AL00085,3,02/22/2026 02:08 PM,2026-02-22 14:08:00,02/22/2026 02:24 PM,Assisted an outside law enforcement agency with an investigation,JUNIATA GAP RD & BECKERS LN,2026-02-25 02:54:48,2026-02-22,2026,2,February,14,Sunday,True,Afternoon
1544,26SL00020,19,02/22/2026 01:48 PM,2026-02-22 13:48:00,02/22/2026 02:00 PM,Employee reported a University policy violation,HEALTH & WELLNESS BUILDING,2026-02-25 02:54:48,2026-02-22,2026,2,February,13,Sunday,True,Afternoon
1545,2026-00002365,1,02/22/2026 01:03 PM,2026-01-22 00:00:00,02/22/2026 01:03 PM,Student reported being harassed,DEIKE BLDG,2026-02-25 02:54:48,2026-01-22,2026,1,January,0,Thursday,False,Late Night
1546,26AL00084,3,02/22/2026 12:00 PM,2026-02-22 12:00:00,02/22/2026 12:21 PM,Assisted an outside law enforcement agency with an investigation,CAMPUS VIEW DR,2026-02-25 02:54:48,2026-02-22,2026,2,February,12,Sunday,True,Afternoon
1547,2026-00002358,1,02/22/2026 07:01 AM,2026-02-22 06:55:00,02/22/2026 07:01 AM,Employee reported a one vehicle crash with no injuries,NITTANY PARKING,2026-02-25 02:54:48,2026-02-22,2026,2,February,6,Sunday,True,Morning
1548,PSHI-2026-02-I-134146,1,02/22/2026 05:44 AM,2026-02-22 05:05:00,,Assisted clinical staff with agitated patient.,Hershey - Dispatched To: HMC - Main Hospital - 3 - Acute Care Medical Oncology       > HMC - Main Hospital - 3 - Acute Care Medical Oncology,2026-02-25 02:54:48,2026-02-22,2026,2,February,5,Sunday,True,Morning
1549,PSHI-2026-02-I-134145,1,02/22/2026 05:38 AM,2026-02-22 04:59:00,,,Hershey - Dispatched To: HMC - Main Hospital - 4 - Acute Care > HMC - Main Hospital - 4 - Acute Care,2026-02-25 02:54:48,2026-02-22,2026,2,February,4,Sunday,True,Late Night
1550,26SL00019,19,02/22/2026 03:40 AM,2026-02-22 03:30:00,02/22/2026 03:40 AM,Assisted an outside law enforcement agency with an investigation,DOCK ST,2026-02-25 02:54:48,2026-02-22,2026,2,February,3,Sunday,True,Late Night
1551,PSHI-2026-02-I-134144,1,02/22/2026 03:05 AM,2026-02-22 02:13:00,,Assisted clinical staff with moving a patient.,Hershey - Dispatched To: HMC - Emergency Department > HMC - Emergency Department,2026-02-25 02:54:48,2026-02-22,2026,2,February,2,Sunday,True,Late Night
1552,2026-00002352,1,02/22/2026 02:19 AM,2026-02-22 02:00:00,02/22/2026 02:19 AM,Student reported a hit and run crash,MCKEAN RD,2026-02-25 02:54:48,2026-02-22,2026,2,February,2,Sunday,True,Late Night
1553,2026-00002349,1,02/22/2026 01:05 AM,2026-02-22 01:02:00,02/22/2026 01:49 AM,Assisted ambulance with a medical emergency,MCKEE HALL,2026-02-25 02:54:48,2026-02-22,2026,2,February,1,Sunday,True,Late Night
1554,2026-00002350,1,02/22/2026 12:56 AM,2026-02-22 00:56:00,02/22/2026 01:15 AM,Underage student observed highly intoxicated and transported to the hospital,STUART HALL,2026-02-25 02:54:48,2026-02-22,2026,2,February,0,Sunday,True,Late Night
1555,PSHI-2026-02-I-134140,1,02/22/2026 12:35 AM,2026-02-21 22:32:00,,,Hershey - Dispatched To: HMC - Main Hospital > HMC - Main Hospital,2026-02-25 02:54:48,2026-02-21,2026,2,February,22,Saturday,True,Late Night
1556,PSHI-2026-02-I-134139,1,02/21/2026 11:20 PM,2026-02-21 22:15:00,,Assisted clinical staff with property damage.,Hershey - Dispatched To: HMC - Main Hospital - 6 - Acute Care > HMC - Main Hospital - 6 - Acute Care,2026-02-25 02:54:48,2026-02-21,2026,2,February,22,Saturday,True,Late Night
1557,PSHI-2026-02-I-134138,1,02/21/2026 11:08 PM,2026-02-21 22:48:00,,Assisted clinical staff with agitated patient.,Hershey - Dispatched To: HMC - Emergency Department > HMC - Emergency Department,2026-02-25 02:54:48,2026-02-21,2026,2,February,22,Saturday,True,Late Night
1558,PSHI-2026-02-I-134137,1,02/21/2026 10:31 PM,2026-02-21 21:49:00,,Assisted clinical staff with agitated patient.,Hershey - Dispatched To: HMC - Main Hospital > HMC - Main Hospital,2026-02-25 02:54:48,2026-02-21,2026,2,February,21,Saturday,True,Evening
1559,26BR00013,6,02/21/2026 10:21 PM,2026-02-21 22:21:00,02/21/2026 10:54 PM,Assisted the ambulance with a medical emergency,HARMONY HALL,2026-02-25 02:54:48,2026-02-21,2026,2,February,22,Saturday,True,Late Night
1560,PSHI-2026-02-I-134136,1,02/21/2026 09:59 PM,2026-02-17 02:00:00,,Investigate suspicious activity.,Hershey - Reported Location: HMC - Main Hospital - 1,2026-02-25 02:54:48,2026-02-17,2026,2,February,2,Tuesday,False,Late Night
1561,26AL00083,3,02/21/2026 09:30 PM,2026-02-21 20:20:00,02/21/2026 11:20 PM,A vehicle stop investigation revealed the operator to be driving under the influence of alcohol,POPLAR LOT - BPO - ALTOONA,2026-02-25 02:54:48,2026-02-21,2026,2,February,20,Saturday,True,Evening
1562,26ER00052,5,02/21/2026 09:00 PM,2026-02-20 15:30:00,02/20/2026 11:00 PM,Student reported the theft of their unattended personal property,ALMY HALL,2026-02-25 02:54:48,2026-02-20,2026,2,February,15,Friday,False,Afternoon
1563,PSHI-2026-02-I-134134,1,02/21/2026 08:03 PM,2026-02-21 18:27:00,,Assisted clinical staff with agitated patient.,Hershey - Dispatched To: HMC - Emergency Department > HMC - Emergency Department,2026-02-25 02:54:48,2026-02-21,2026,2,February,18,Saturday,True,Evening
1564,2026-00002332,1,02/21/2026 08:00 PM,2026-02-21 20:00:00,,Conducted a background investigation for a ride-along,UNIVERSITY SUPPORT BLDG I,2026-02-25 02:54:48,2026-02-21,2026,2,February,20,Saturday,True,Evening
1565,26SL00018,19,02/21/2026 05:30 PM,2026-02-21 13:42:00,02/21/2026 01:43 PM,Employee reported accidental damage to University property,UNIVERISITY DR,2026-02-25 02:54:48,2026-02-21,2026,2,February,13,Saturday,True,Afternoon
1566,26AB00059,2,02/21/2026 04:43 PM,2026-02-21 16:43:00,02/21/2026 05:03 PM,Employee reported a fire alarm activation,LIONS GATE AT PENN STATE ABINGTON,2026-02-25 02:54:48,2026-02-21,2026,2,February,16,Saturday,True,Afternoon
1568,PSHI-2026-02-I-134122,1,02/21/2026 03:32 PM,2026-02-21 14:59:00,,Visitor issue.,Hershey - Dispatched To: HMC - Main Hospital > HMC - Main Hospital,2026-02-25 02:54:48,2026-02-21,2026,2,February,14,Saturday,True,Afternoon
1569,PSHI-2026-02-I-134121,1,02/21/2026 03:12 PM,2026-02-21 14:00:00,,Assisted clinical staff with agitated visitor.,Hershey - Dispatched To: HMC - Children's Hospital - 7 > HMC - Children's Hospital - 7,2026-02-25 02:54:48,2026-02-21,2026,2,February,14,Saturday,True,Afternoon
1570,PSHI-2026-02-I-134120,1,02/21/2026 03:05 PM,2026-02-21 14:50:00,,Assisted visitor with return of personal property.,Hershey - Dispatched To: HMC - Main Hospital > HMC - Main Hospital,2026-02-25 02:54:48,2026-02-21,2026,2,February,14,Saturday,True,Afternoon
1571,26BR00012,6,02/21/2026 02:06 PM,2026-02-21 14:06:00,02/21/2026 02:11 PM,Employee reported suspicious activity,UNIVERSITY DR,2026-02-25 02:54:48,2026-02-21,2026,2,February,14,Saturday,True,Afternoon
1572,26BK00037,4,02/21/2026 12:45 PM,2026-02-21 07:00:00,02/21/2026 12:45 PM,Employee reported a parking concern,CLARY DR,2026-02-25 02:54:48,2026-02-21,2026,2,February,7,Saturday,True,Morning
1573,2026-00002307,1,02/21/2026 10:12 AM,2026-02-21 10:00:00,02/21/2026 10:15 AM,Employee reported loud music,IKENBERRY HALL,2026-02-25 02:54:48,2026-02-21,2026,2,February,10,Saturday,True,Morning
1574,26HB00086,13,02/21/2026 10:08 AM,2026-02-21 10:08:00,02/21/2026 10:25 AM,Assisted an outside law enforcement agency with an investigation,W MAIN ST,2026-02-25 02:54:48,2026-02-21,2026,2,February,10,Saturday,True,Morning
1575,PSHI-2026-02-I-134112,1,02/21/2026 08:42 AM,2026-02-21 08:35:00,,Assisted clinical staff with agitated visitor.,Hershey - Dispatched To: HMC - Emergency Department > HMC - Emergency Department,2026-02-25 02:54:48,2026-02-21,2026,2,February,8,Saturday,True,Morning
1576,PSHI-2026-02-I-134110,1,02/21/2026 05:29 AM,2026-02-21 04:17:00,,Assisted clinical staff with agitated patient.,Hershey - Dispatched To: HMC - Emergency Department > HMC - Emergency Department,2026-02-25 02:54:48,2026-02-21,2026,2,February,4,Saturday,True,Late Night
1577,2026-00002303,1,02/21/2026 04:03 AM,2026-02-20 23:45:00,02/21/2026 03:45 AM,Student reported accidental damage to personal property,STADIUM WEST (SMALL LOT) LOT,2026-02-25 02:54:48,2026-02-20,2026,2,February,23,Friday,False,Late Night
1578,2026-00002301,1,02/21/2026 02:12 AM,2026-02-21 02:12:00,02/21/2026 02:31 AM,A vehicle stop investigation revealed the operator to be driving under the influence of alcohol,N ATHERTON ST & CURTIN RD,2026-02-25 02:54:48,2026-02-21,2026,2,February,2,Saturday,True,Late Night
1579,26AL00082,3,02/21/2026 02:09 AM,2026-02-21 02:09:00,02/21/2026 02:38 AM,Underage student observed highly intoxicated,CEDAR HALL,2026-02-25 02:54:48,2026-02-21,2026,2,February,2,Saturday,True,Late Night
1580,26AL00081,3,02/21/2026 01:13 AM,2026-02-21 01:13:00,02/21/2026 01:47 AM,Assisted an outside law enforcement agency with an investigation,GWIN RD,2026-02-25 02:54:48,2026-02-21,2026,2,February,1,Saturday,True,Late Night
1581,2026-00002299,1,02/21/2026 01:10 AM,2026-02-21 01:05:00,02/21/2026 01:18 AM,"Resident Assistant reported the odor of marijuana, origin not located",PENNYPACKER HALL,2026-02-25 02:54:48,2026-02-21,2026,2,February,1,Saturday,True,Late Night
1582,2026-00002294,1,02/21/2026 12:22 AM,2026-02-21 00:15:00,02/21/2026 12:22 AM,Student reported accidental damage to University property,GEARY HALL,2026-02-25 02:54:48,2026-02-21,2026,2,February,0,Saturday,True,Late Night
1583,PSHI-2026-02-I-134105,1,02/21/2026 12:08 AM,2026-02-20 23:30:00,,,Hershey - Dispatched To: HMC - 30 Hope Drive - 1 - Radiology East > HMC - 30 Hope Drive - 1 - Radiology East,2026-02-25 02:54:48,2026-02-20,2026,2,February,23,Friday,False,Late Night
1584,2026-00002289,1,02/20/2026 11:24 PM,2026-02-20 23:24:00,02/20/2026 11:32 PM,Assisted an outside law enforcement agency with an investigation,DEANS WAY,2026-02-25 02:54:48,2026-02-20,2026,2,February,23,Friday,False,Late Night
1585,26AL00080,3,02/20/2026 11:08 PM,2026-02-20 23:08:00,02/20/2026 11:18 PM,Assisted an outside law enforcement agency with an investigation,N 8TH ST & N 3RD AVE,2026-02-25 02:54:48,2026-02-20,2026,2,February,23,Friday,False,Late Night
1586,2026-00002271,1,02/20/2026 08:32 PM,2026-02-20 20:32:00,,Received this department's copy of a Protection From Abuse (PFA) order,UNIVERSITY SUPPORT BLDG I,2026-02-25 02:54:48,2026-02-20,2026,2,February,20,Friday,False,Evening
1587,2026-00002267,1,02/20/2026 07:04 PM,2026-02-15 15:00:00,02/20/2026 07:00 PM,Student reported the theft of their unsecured personal property,SHUNK HALL,2026-02-25 02:54:48,2026-02-15,2026,2,February,15,Sunday,True,Afternoon
1588,PSHI-2026-02-I-134098,1,02/20/2026 06:20 PM,2026-02-20 18:12:00,,Assisted visitor with release of personal property.,Hershey - Dispatched To: HMC - Main Hospital - 1 - Security Operations Center > HMC - Main Hospital - 1 - Security Operations Center,2026-02-25 02:54:48,2026-02-20,2026,2,February,18,Friday,False,Evening
1589,PSHI-2026-02-I-134097,1,02/20/2026 05:56 PM,2026-02-20 17:40:00,,Assisted clinical staff with agitated patient.,Hershey - Dispatched To: HMC - Emergency Department > HMC - Emergency Department,2026-02-25 02:54:48,2026-02-20,2026,2,February,17,Friday,False,Evening
1590,2026-00002260,1,02/20/2026 05:48 PM,2026-02-20 17:45:00,02/20/2026 05:48 PM,Employee reported a one vehicle crash with no injuries,NITTANY PARKING,2026-02-25 02:54:48,2026-02-20,2026,2,February,17,Friday,False,Evening
1591,PSHI-2026-02-I-134094,1,02/20/2026 04:53 PM,2026-02-20 16:46:00,,Assisted clinical staff with agitated patient.,Hershey - Dispatched To: HMC - Emergency Department > HMC - Emergency Department,2026-02-25 02:54:48,2026-02-20,2026,2,February,16,Friday,False,Afternoon
1592,PSHI-2026-02-I-134093,1,02/20/2026 03:51 PM,2026-02-20 11:49:00,,,Hershey - Dispatched To: HMC - Emergency Department > HMC - Emergency Department,2026-02-25 02:54:48,2026-02-20,2026,2,February,11,Friday,False,Morning
1593,2026-00002257,1,02/20/2026 03:22 PM,2026-02-20 15:22:00,02/20/2026 06:38 PM,Officer conducted a security inspection,BRYCE JORDAN CENTER,2026-02-25 02:54:48,2026-02-20,2026,2,February,15,Friday,False,Afternoon
1594,2026-00002256,1,02/20/2026 02:09 PM,2026-01-17 20:36:00,02/16/2026 01:00 AM,Student reported the theft of their unsecured personal property,CURTIN HALL,2026-02-25 02:54:48,2026-01-17,2026,1,January,20,Saturday,True,Evening
1595,26AB00058,2,02/20/2026 12:11 PM,2026-02-20 02:00:00,02/20/2026 03:00 AM,Student reported being harassed,LIONS GATE AT PENN STATE ABINGTON,2026-02-25 02:54:48,2026-02-20,2026,2,February,2,Friday,False,Late Night
1596,PSHI-2026-02-I-134086,1,02/20/2026 11:00 AM,2026-02-20 10:36:00,,Assisted clinical staff with agitated visitor.,Hershey - Dispatched To: HMC - Children's Hospital - 7 - Women's Health Post \Antepartum > HMC - Children's Hospital - 7 - Women's Health Post \Antepartum,2026-02-25 02:54:48,2026-02-20,2026,2,February,10,Friday,False,Morning
1597,2026-00002245,1,02/20/2026 10:50 AM,2026-02-19 19:45:00,,Visitor reported a hit and run crash,EAST PARKING DECK,2026-02-25 02:54:48,2026-02-19,2026,2,February,19,Thursday,False,Evening
1598,PSHI-2026-02-I-134083,1,02/20/2026 10:35 AM,2026-02-20 10:24:00,,Visitor mismatch to the sex offender registry.,Hershey - Dispatched To: HMC - Children's Hospital > HMC - Children's Hospital,2026-02-25 02:54:48,2026-02-20,2026,2,February,10,Friday,False,Morning
1599,PSHI-2026-02-I-134082,1,02/20/2026 09:31 AM,2026-02-20 06:31:00,,Investigation of suspicious activity.,Hershey - Dispatched To: COM - BMR - 1 > COM - BMR - 1,2026-02-25 02:54:48,2026-02-20,2026,2,February,6,Friday,False,Morning
1600,PSHI-2026-02-I-134080,1,02/20/2026 08:20 AM,2026-02-20 06:35:00,,Assisted clinical staff with agitated patient.,Hershey - Dispatched To: HMC - Emergency Department > HMC - Emergency Department,2026-02-25 02:54:48,2026-02-20,2026,2,February,6,Friday,False,Morning
1601,PSHI-2026-02-I-134076,1,02/20/2026 05:23 AM,2026-02-20 05:01:00,,Assisted clinical staff with a visitor issue.,Hershey - Dispatched To: HMC - Children's Hospital > HMC - Children's Hospital,2026-02-25 02:54:48,2026-02-20,2026,2,February,5,Friday,False,Morning
1604,PSHI-2026-02-I-134064,1,02/20/2026 12:14 AM,2026-02-19 18:38:00,,,Hershey - Dispatched To: HMC - Campus Drive Roadway > HMC - Campus Drive Roadway,2026-02-25 02:54:48,2026-02-19,2026,2,February,18,Thursday,False,Evening
1605,26HN00016,15,02/17/2026 08:34 PM,2026-02-17 20:24:00,02/17/2026 08:45 PM,Employee reported suspicious activity,RESIDENCE HALL NORTH,2026-02-25 02:54:48,2026-02-17,2026,2,February,20,Tuesday,False,Evening
1606,26HN00014,15,02/16/2026 09:44 PM,2026-02-16 21:44:00,02/16/2026 12:00 AM,Assisted an outside law enforcement agency with an investigation,W COUNTY RD,2026-02-25 02:54:48,2026-02-16,2026,2,February,21,Monday,False,Evening
1607,26BK00038,4,02/16/2026 09:16 PM,2026-02-16 21:16:00,02/16/2026 09:35 PM,Employee reported a person trespassing inside a residence hall,LAUREL HALL,2026-02-25 02:54:48,2026-02-16,2026,2,February,21,Monday,False,Evening
1608,26BK00039,4,02/16/2026 03:30 PM,2026-02-16 15:30:00,02/16/2026 04:30 PM,Employee reported a fire alarm activation,IVY HALL,2026-02-25 02:54:48,2026-02-16,2026,2,February,15,Monday,False,Afternoon
1609,26AB00070,2,02/15/2026 11:50 PM,2026-02-15 23:50:00,02/16/2026 01:00 AM,Visitor requested assistance in locating a student,LIONS GATE AT PENN STATE ABINGTON,2026-02-25 02:54:48,2026-02-15,2026,2,February,23,Sunday,True,Late Night
1610,26AB00069,2,02/15/2026 08:24 PM,2026-02-15 20:24:00,02/15/2026 08:30 PM,Employee reported a /fire alarm activation,LIONS GATE AT PENN STATE ABINGTON,2026-02-25 02:54:48,2026-02-15,2026,2,February,20,Sunday,True,Evening
1611,26AB00067,2,02/14/2026 12:16 PM,2026-02-14 12:16:00,02/14/2026 12:35 PM,Assisted the ambulance with a medical emergency,PHYSICAL EDUCATION BUILDING,2026-02-25 02:54:48,2026-02-14,2026,2,February,12,Saturday,True,Afternoon
1612,26AB00068,2,02/14/2026 11:01 AM,2026-02-14 11:18:00,02/14/2026 11:36 AM,Employee reported suspicious activity,LIONS GATE AT PENN STATE ABINGTON,2026-02-25 02:54:48,2026-02-14,2026,2,February,11,Saturday,True,Morning
1613,26BK00036,4,02/14/2026 10:37 AM,2026-02-14 10:37:00,02/14/2026 11:20 AM,Assisted an outside law enforcement agency with an investigation,HILLVALE AVE & SPOHN RD,2026-02-25 02:54:48,2026-02-14,2026,2,February,10,Saturday,True,Morning
1614,26AB00066,2,02/13/2026 08:00 PM,2026-02-13 20:00:00,02/13/2026 08:30 PM,Employee reported a fire alarm activation,LIONS GATE AT PENN STATE ABINGTON,2026-02-25 02:54:48,2026-02-13,2026,2,February,20,Friday,False,Evening
1615,26AB00065,2,02/13/2026 02:31 PM,2026-02-13 14:31:00,02/13/2026 02:46 PM,Visitor reported an intrusion alarm activation,LARES BUILDING,2026-02-25 02:54:48,2026-02-13,2026,2,February,14,Friday,False,Afternoon
1616,26HN00013,15,02/13/2026 12:00 PM,2026-02-08 08:00:00,02/12/2026 09:00 PM,Employee reported suspicious activity,LOT J - HAZLETON,2026-02-25 02:54:48,2026-02-08,2026,2,February,8,Sunday,True,Morning
1617,26HN00012,15,02/13/2026 08:30 AM,2026-02-13 08:30:00,02/13/2026 09:00 AM,Assisted an outside law enforcement agency with an investigation,PA-93 & I-81,2026-02-25 02:54:48,2026-02-13,2026,2,February,8,Friday,False,Morning
1618,26AB00064,2,02/13/2026 12:00 AM,2026-02-13 00:00:00,,Employee reported a fire alarm activation,LIONS GATE AT PENN STATE ABINGTON,2026-02-25 02:54:48,2026-02-13,2026,2,February,0,Friday,False,Late Night
1619,26HN00011,15,02/12/2026 08:30 AM,2026-02-12 08:30:00,,Employee requested assistance with a civil matter,AZALEA RD,2026-02-25 02:54:48,2026-02-12,2026,2,February,8,Thursday,False,Morning
1620,26AB00063,2,02/12/2026 12:50 AM,2026-02-12 00:50:00,02/12/2026 01:13 AM,Assisted an outside law enforcement agency with an investigation,OLD YORK RD,2026-02-25 02:54:48,2026-02-12,2026,2,February,0,Thursday,False,Late Night
1621,26AB00062,2,02/11/2026 04:56 PM,2026-02-11 16:56:00,,Assisted the ambulance with a medical emergency,SUTHERLAND BUILDING,2026-02-25 02:54:48,2026-02-11,2026,2,February,16,Wednesday,False,Afternoon
1622,26HN00015,15,02/11/2026 11:15 AM,2026-02-11 11:15:00,02/11/2026 12:05 PM,Assisted an outside law enforcement agency with an investigation,PA-93 & WOODBINE ST,2026-02-25 02:54:48,2026-02-11,2026,2,February,11,Wednesday,False,Morning
1623,26AB00071,2,02/11/2026 12:00 AM,2026-02-11 00:00:00,,Employee reported a parking concern,LOT G - ABINGTON,2026-02-25 02:54:48,2026-02-11,2026,2,February,0,Wednesday,False,Late Night
1624,26UP00930,1,02/26/2026 04:25 AM,2026-02-26 04:15:00,02/26/2026 04:25 AM,Student observed highly intoxicated and transported to the hospital,EARLE HALL,2026-02-26 23:59:30,2026-02-26,2026,2,February,4,Thursday,False,Late Night
1625,26UP00929,1,02/26/2026 04:07 AM,2026-02-26 04:07:00,02/26/2026 04:25 AM,Student consumed alcoholic beverages being less than 21 years of age,MCKEAN HALL,2026-02-26 23:59:30,2026-02-26,2026,2,February,4,Thursday,False,Late Night
1626,26UP00928,1,02/26/2026 02:40 AM,2026-02-26 02:40:00,02/26/2026 04:00 AM,Student observed highly intoxicated and transported to the hospital,PANOFSKY HALL,2026-02-26 23:59:30,2026-02-26,2026,2,February,2,Thursday,False,Late Night
1627,26UP00925,1,02/26/2026 01:21 AM,2026-02-26 00:45:00,02/26/2026 01:40 AM,Underage student observed highly intoxicated and transported to the hospital,BRUMBAUGH HALL,2026-02-26 23:59:30,2026-02-26,2026,2,February,0,Thursday,False,Late Night
1628,26UP00926,1,02/26/2026 01:06 AM,2026-02-26 01:06:00,02/26/2026 01:56 AM,Student observed highly intoxicated and transported to the hospital,STONE HALL,2026-02-26 23:59:30,2026-02-26,2026,2,February,1,Thursday,False,Late Night
1629,26UP00923,1,02/26/2026 12:37 AM,2026-02-26 00:37:00,02/26/2026 01:04 AM,Underage student observed highly intoxicated and transported to the hospital,COOPER HALL,2026-02-26 23:59:30,2026-02-26,2026,2,February,0,Thursday,False,Late Night
1630,26UP00922,1,02/26/2026 12:29 AM,2026-02-20 00:01:00,02/26/2026 12:10 AM,Student reported disorderly persons,FARRELL HALL,2026-02-26 23:59:30,2026-02-20,2026,2,February,0,Friday,False,Late Night
1631,26AB00079,2,02/25/2026 10:02 PM,2026-02-25 22:02:00,02/25/2026 10:16 PM,Employee reported a fire alarm activation,LIONS GATE AT PENN STATE ABINGTON,2026-02-26 23:59:30,2026-02-25,2026,2,February,22,Wednesday,False,Late Night
1632,26UP00916,1,02/25/2026 09:20 PM,2026-02-25 19:11:00,02/25/2026 09:20 PM,Student reported a hit and run vehicle crash,HUB PARKING DECK,2026-02-26 23:59:30,2026-02-25,2026,2,February,19,Wednesday,False,Evening
1633,26UP00915,1,02/25/2026 09:05 PM,2026-02-25 21:05:00,02/25/2026 09:32 PM,Student reported abandoned property,BRYCE JORDAN CENTER,2026-02-26 23:59:30,2026-02-25,2026,2,February,21,Wednesday,False,Evening
1634,26UP00914,1,02/25/2026 08:18 PM,2026-02-25 20:18:00,02/25/2026 08:41 PM,Employee reported fraudulent activity,HUCK LIFE SCIENCES BLDG,2026-02-26 23:59:30,2026-02-25,2026,2,February,20,Wednesday,False,Evening
1635,26BR00016,6,02/25/2026 06:50 PM,2026-02-25 18:50:00,02/25/2026 07:15 PM,Employee reported a fire alarm activation,HARMONY HALL,2026-02-26 23:59:30,2026-02-25,2026,2,February,18,Wednesday,False,Evening
1636,26UP00913,1,02/25/2026 06:08 PM,2026-02-25 18:08:00,02/25/2026 07:02 PM,Assisted the fire department with a reported fire alarm activation,INNOVATION BLVD,2026-02-26 23:59:30,2026-02-25,2026,2,February,18,Wednesday,False,Evening
1637,26AB00078,2,02/25/2026 05:34 PM,2026-02-25 19:00:00,02/25/2026 07:10 PM,Employee reported a fire alarm activation,LIONS GATE AT PENN STATE ABINGTON,2026-02-26 23:59:30,2026-02-25,2026,2,February,19,Wednesday,False,Evening
1638,26AB00077,2,02/25/2026 05:31 PM,2026-02-25 17:31:00,02/25/2026 05:45 PM,Employee reported a fire alarm activation,LIONS GATE AT PENN STATE ABINGTON,2026-02-26 23:59:30,2026-02-25,2026,2,February,17,Wednesday,False,Evening
1639,26UP00912,1,02/25/2026 05:23 PM,2026-02-24 15:00:00,02/25/2026 05:00 PM,Student reported the theft of their unattended personal property,WILLARD BLDG,2026-02-26 23:59:30,2026-02-24,2026,2,February,15,Tuesday,False,Afternoon
1640,26AL00094,3,02/25/2026 05:00 PM,2026-02-25 17:00:00,02/25/2026 05:33 PM,Assisted an outside law enforcement agency with an investigation,CAMPUS VIEW DR,2026-02-26 23:59:30,2026-02-25,2026,2,February,17,Wednesday,False,Evening
1641,26UP00911,1,02/25/2026 04:44 PM,2026-02-02 22:00:00,02/03/2026 09:00 AM,Student reported damage to their privately owned vehicle,MCELWAIN HALL,2026-02-26 23:59:30,2026-02-02,2026,2,February,22,Monday,False,Late Night
1642,26UP00910,1,02/25/2026 04:40 PM,2026-02-24 00:00:00,02/25/2026 04:40 PM,Assisted an outside law enforcement agency with an investigation,OFF CAMPUS FRATERNITY,2026-02-26 23:59:30,2026-02-24,2026,2,February,0,Tuesday,False,Late Night
1643,26UP00909,1,02/25/2026 03:15 PM,2025-07-31 12:17:00,02/25/2026 03:15 PM,Student reported suspicious activity,UNIVERSITY SUPPORT BLDG I,2026-02-26 23:59:30,2025-07-31,2025,7,July,12,Thursday,False,Afternoon
1644,26SL00021,19,02/25/2026 02:40 PM,2025-08-01 00:00:00,02/25/2026 07:00 PM,Student requested assistance with a personal matter,NITTANY APARTMENTS I,2026-02-26 23:59:30,2025-08-01,2025,8,August,0,Friday,False,Late Night
1645,26UP00908,1,02/25/2026 01:40 PM,2026-02-17 18:20:00,02/17/2026 06:44 PM,Employee reported the theft of University property,REDIFER HALL,2026-02-26 23:59:30,2026-02-17,2026,2,February,18,Tuesday,False,Evening
1646,26AB00076,2,02/25/2026 01:30 PM,2026-02-25 09:30:00,02/25/2026 01:00 AM,Employee reported a concern for another employee,LOT J - ABINGTON,2026-02-26 23:59:30,2026-02-25,2026,2,February,9,Wednesday,False,Morning
1647,26LV00005,16,02/25/2026 12:58 PM,2026-02-25 12:58:00,02/25/2026 01:20 PM,Employee reported a fire alarm activation,LEHIGH VALLEY BLDG,2026-02-26 23:59:30,2026-02-25,2026,2,February,12,Wednesday,False,Afternoon
1648,26AB00075,2,02/25/2026 11:40 AM,2026-02-18 23:00:00,02/24/2026 03:00 AM,Visitor requested assistance with a civil matter,OLD YORK RD,2026-02-26 23:59:30,2026-02-18,2026,2,February,23,Wednesday,False,Late Night
1649,26HB00093,13,02/25/2026 10:40 AM,2026-02-25 08:00:00,02/25/2026 11:00 AM,Student requested assistance with a personal matter,W MAIN ST,2026-02-26 23:59:30,2026-02-25,2026,2,February,8,Wednesday,False,Morning
1650,26UP00907,1,02/25/2026 10:07 AM,2026-02-18 11:07:00,02/18/2026 11:25 AM,Employee reported the theft of University property,REDIFER HALL,2026-02-26 23:59:30,2026-02-18,2026,2,February,11,Wednesday,False,Morning
1651,26UP00906,1,02/25/2026 10:04 AM,2026-02-21 23:00:00,02/22/2026 03:30 AM,Student reported the theft of their unsecured personal property,BRYCE JORDAN CENTER,2026-02-26 23:59:30,2026-02-21,2026,2,February,23,Saturday,True,Late Night
1652,26UP00905,1,02/25/2026 09:29 AM,2026-02-25 09:29:00,02/25/2026 09:46 AM,Assisted an outside agency with a reported Hazing at an off campus fraternity,OFF CAMPUS FRATERNITY,2026-02-26 23:59:30,2026-02-25,2026,2,February,9,Wednesday,False,Morning
1653,26UP00904,1,02/25/2026 08:11 AM,2026-02-20 10:26:00,02/20/2026 10:33 AM,Employee reported the theft of University property,REDIFER HALL,2026-02-26 23:59:30,2026-02-20,2026,2,February,10,Friday,False,Morning
1654,26UP00903,1,02/25/2026 07:12 AM,2026-02-20 14:37:00,02/20/2026 02:40 PM,Employee reported the theft of University property,REDIFER HALL,2026-02-26 23:59:30,2026-02-20,2026,2,February,14,Friday,False,Afternoon
1655,26BR00015,6,02/25/2026 01:45 AM,2026-02-25 01:45:00,02/25/2026 01:59 AM,Student reported a University policy violation,HARMONY HALL,2026-02-26 23:59:30,2026-02-25,2026,2,February,1,Wednesday,False,Late Night
1656,26UP00902,1,02/25/2026 12:22 AM,2026-02-25 00:10:00,02/25/2026 12:33 AM,"Resident Assistant reported the odor of marijuana, origin not located",HARTRANFT HALL,2026-02-26 23:59:30,2026-02-25,2026,2,February,0,Wednesday,False,Late Night
1657,26UP00899,1,02/24/2026 10:36 PM,2026-02-24 22:36:00,02/24/2026 11:13 PM,Employee reported suspicious activity,AIRPORT AIR TERMINAL BLDG,2026-02-26 23:59:30,2026-02-24,2026,2,February,22,Tuesday,False,Late Night
1658,26UP00898,1,02/24/2026 09:37 PM,2026-02-24 21:37:00,02/24/2026 10:15 PM,Officer observed students engaged in disorderly behavior,MCKEAN HALL,2026-02-26 23:59:30,2026-02-24,2026,2,February,21,Tuesday,False,Evening
1659,PSHI-2026-02-I-134245,1,02/24/2026 09:25 PM,2026-02-24 18:30:00,,,Hershey - Dispatched To: HMC - Main Hospital > HMC - Main Hospital,2026-02-26 23:59:30,2026-02-24,2026,2,February,18,Tuesday,False,Evening
1660,PSHI-2026-02-I-134244,1,02/24/2026 09:15 PM,2026-02-24 20:47:00,,,Hershey - Dispatched To: HMC - Emergency Department > HMC - Emergency Department,2026-02-26 23:59:30,2026-02-24,2026,2,February,20,Tuesday,False,Evening
1661,26UP00897,1,02/24/2026 09:07 PM,2026-02-24 21:07:00,02/24/2026 09:40 PM,Employee reported disorderly persons,OLD MAIN,2026-02-26 23:59:30,2026-02-24,2026,2,February,21,Tuesday,False,Evening
1662,26HB00092,13,02/24/2026 09:02 PM,2026-02-24 21:02:00,,Assisted the ambulance with a medical emergency,UPPER OLMSTED WEST LOT - HARRISBURG,2026-02-26 23:59:30,2026-02-24,2026,2,February,21,Tuesday,False,Evening
1663,PSHI-2026-02-I-134243,1,02/24/2026 08:20 PM,2026-02-24 20:02:00,,,Hershey - Dispatched To: HMC - Emergency Department > HMC - Emergency Department,2026-02-26 23:59:30,2026-02-24,2026,2,February,20,Tuesday,False,Evening
1664,26UP00896,1,02/24/2026 08:08 PM,2026-02-24 17:07:00,02/24/2026 08:08 PM,Student reported the theft of their unsecured personal property,INTRAMURAL BLDG,2026-02-26 23:59:30,2026-02-24,2026,2,February,17,Tuesday,False,Evening
1665,26UP00895,1,02/24/2026 07:23 PM,2026-02-24 19:23:00,02/24/2026 07:40 PM,Student reported a smoke condition,NITTANY APT,2026-02-26 23:59:30,2026-02-24,2026,2,February,19,Tuesday,False,Evening
1666,PSHI-2026-02-I-134240,1,02/24/2026 05:49 PM,2026-02-24 17:39:00,,,Hershey - Dispatched To: HMC - Main Hospital - 1 - Cashier's Office > HMC - Main Hospital - 1 - Cashier's Office,2026-02-26 23:59:30,2026-02-24,2026,2,February,17,Tuesday,False,Evening
1667,26UP00894,1,02/24/2026 05:34 PM,2026-02-24 16:20:00,02/24/2026 05:00 PM,Student reported the theft of their unsecured personal property,PATTEE LIBRARY,2026-02-26 23:59:30,2026-02-24,2026,2,February,16,Tuesday,False,Afternoon
1668,PSHI-2026-02-I-134237,1,02/24/2026 05:26 PM,2026-02-24 17:18:00,,Vetted nuisance phone call issue.,Hershey - Dispatched To: HMC - Life Lion Hanger > HMC - Life Lion Hanger,2026-02-26 23:59:30,2026-02-24,2026,2,February,17,Tuesday,False,Evening
1669,26AL00093,3,02/24/2026 05:01 PM,2023-02-24 16:55:00,02/24/2026 05:00 PM,Employee reported the theft of University Property from a secured University building,PENN BLDG,2026-02-26 23:59:30,2023-02-24,2023,2,February,16,Friday,False,Afternoon
1670,PSHI-2026-02-I-134235,1,02/24/2026 04:55 PM,2026-02-24 16:53:00,,,Hershey - Dispatched To: HMC - Parking Lot - Lot A-1 > HMC - Parking Lot - Lot A-1,2026-02-26 23:59:30,2026-02-24,2026,2,February,16,Tuesday,False,Afternoon
1671,PSHI-2026-02-I-134234,1,02/24/2026 04:47 PM,2026-02-24 16:35:00,,,Hershey - Dispatched To: HMC - Main Hospital - 1 - Security Operations Center > HMC - Main Hospital - 1 - Security Operations Center,2026-02-26 23:59:30,2026-02-24,2026,2,February,16,Tuesday,False,Afternoon
1672,26UP00893,1,02/24/2026 04:47 PM,2026-02-24 16:47:00,02/24/2026 05:45 PM,Assisted a student with a personal matter,STUDENT HEALTH CENTER,2026-02-26 23:59:30,2026-02-24,2026,2,February,16,Tuesday,False,Afternoon
1673,26BW00044,7,02/24/2026 04:43 PM,2026-02-24 16:43:00,02/24/2026 04:55 PM,Employee reported a panic alarm activation,STUDENT UNION AND DINING,2026-02-26 23:59:30,2026-02-24,2026,2,February,16,Tuesday,False,Afternoon
1674,26HB00090,13,02/24/2026 04:35 PM,2026-02-24 16:35:00,,Employee reported a fire alarm activation,CONOY HOUSE,2026-02-26 23:59:30,2026-02-24,2026,2,February,16,Tuesday,False,Afternoon
1675,26UP00892,1,02/24/2026 03:52 PM,2026-02-24 15:52:00,02/24/2026 04:25 PM,Visitor reported a two vehicle crash with no injuries,ORANGE L EAST (FOUNDERS LOT),2026-02-26 23:59:30,2026-02-24,2026,2,February,15,Tuesday,False,Afternoon
1676,PSHI-2026-02-I-134233,1,02/24/2026 03:49 PM,2026-02-24 15:28:00,,,Hershey - Dispatched To: HMC - UPC-2 - 3 - Pain Management > HMC - UPC-2 - 3 - Pain Management,2026-02-26 23:59:30,2026-02-24,2026,2,February,15,Tuesday,False,Afternoon
1677,26HB00089,13,02/24/2026 03:48 PM,2026-02-24 15:48:00,,"Employee reported the odor of marijuana, origin not located",JUNIATA HOUSE,2026-02-26 23:59:30,2026-02-24,2026,2,February,15,Tuesday,False,Afternoon
1678,26UP00891,1,02/24/2026 03:13 PM,2026-02-24 15:13:00,02/24/2026 03:40 PM,Student reported a two vehicle crash with no injuries,WEST DECK,2026-02-26 23:59:30,2026-02-24,2026,2,February,15,Tuesday,False,Afternoon
1679,26AL00092,3,02/24/2026 03:09 PM,2026-02-24 14:30:00,02/24/2026 03:00 PM,Student reported being harassed,CAMPUS VIEW DR,2026-02-26 23:59:30,2026-02-24,2026,2,February,14,Tuesday,False,Afternoon
1680,26UP00890,1,02/24/2026 03:07 PM,2026-02-15 17:11:00,,Employee reported being harassed,UNKNOWN LOCATION,2026-02-26 23:59:30,2026-02-15,2026,2,February,17,Sunday,True,Evening
1681,26BR00014,6,02/24/2026 02:46 PM,2026-02-21 03:00:00,02/24/2026 02:46 PM,Student reported the theft of their unattended personal property,HARMONY HALL,2026-02-26 23:59:30,2026-02-21,2026,2,February,3,Saturday,True,Late Night
1682,26AB00073,2,02/24/2026 02:17 PM,2026-02-24 14:17:00,02/24/2026 02:38 PM,Employee reported a fire alarm activation,LIONS GATE AT PENN STATE ABINGTON,2026-02-26 23:59:30,2026-02-24,2026,2,February,14,Tuesday,False,Afternoon
1683,26AB00074,2,02/24/2026 02:15 PM,2026-02-24 14:15:00,02/24/2026 02:45 PM,Employee requested assistance with an administrative matter,LIONS GATE AT PENN STATE ABINGTON,2026-02-26 23:59:30,2026-02-24,2026,2,February,14,Tuesday,False,Afternoon
1684,26UP00889,1,02/24/2026 02:08 PM,2026-02-20 17:40:00,02/20/2026 05:50 PM,Employee reported the theft of University property,REDIFER HALL,2026-02-26 23:59:30,2026-02-20,2026,2,February,17,Friday,False,Evening
1685,PSHI-2026-02-I-134228,1,02/24/2026 01:32 PM,2026-02-24 13:08:00,,,Hershey - Dispatched To: HMC - Main Hospital > HMC - Main Hospital,2026-02-26 23:59:30,2026-02-24,2026,2,February,13,Tuesday,False,Afternoon
1686,26HB00091,13,02/24/2026 01:30 PM,2026-02-24 10:23:00,02/24/2026 01:27 PM,Student reported suspicious activity,OLMSTED PARKING LOT - HARRISBURG,2026-02-26 23:59:30,2026-02-24,2026,2,February,10,Tuesday,False,Morning
1687,PSHI-2026-02-I-134227,1,02/24/2026 12:57 PM,2026-02-23 02:47:00,,,Hershey - Dispatched To: HMC and COM - University Technology Center > HMC and COM - University Technology Center,2026-02-26 23:59:30,2026-02-23,2026,2,February,2,Monday,False,Late Night
1688,26BK00042,4,02/24/2026 12:22 PM,2026-02-24 12:50:00,,Assisted the ambulance with a medical emergency,LUERSSEN SCIENCE BUILDING,2026-02-26 23:59:30,2026-02-24,2026,2,February,12,Tuesday,False,Afternoon
1689,26BK00041,4,02/24/2026 11:40 AM,2026-02-24 11:40:00,02/24/2026 11:55 AM,Employee requested assistance in locating a student,LUERSSEN SCIENCE BUILDING,2026-02-26 23:59:30,2026-02-24,2026,2,February,11,Tuesday,False,Morning
1690,PSHI-2026-02-I-134223,1,02/24/2026 11:14 AM,2026-02-24 10:47:00,,,Hershey - Dispatched To: HMC - Children's Hospital - 3 > HMC - Children's Hospital - 3,2026-02-26 23:59:30,2026-02-24,2026,2,February,10,Tuesday,False,Morning
1692,PSHI-2026-02-I-134216,1,02/24/2026 09:51 AM,2026-02-24 09:29:00,,,Hershey - Reported Location: HMC - 35 Hope Drive - 2 - OBGYN,2026-02-26 23:59:30,2026-02-24,2026,2,February,9,Tuesday,False,Morning
1693,26UP00888,1,02/24/2026 09:43 AM,2026-02-24 08:36:00,02/24/2026 09:43 AM,Employee reported a hit and run vehicle crash,EAST PARKING DECK,2026-02-26 23:59:30,2026-02-24,2026,2,February,8,Tuesday,False,Morning
1694,26UP00887,1,02/24/2026 08:32 AM,2026-02-24 08:00:00,02/24/2026 08:37 AM,Employee requested assistance with an administrative matter,PATERNO LIBRARY,2026-02-26 23:59:30,2026-02-24,2026,2,February,8,Tuesday,False,Morning
1695,PSHI-2026-02-I-134214,1,02/24/2026 07:06 AM,2026-02-24 06:57:00,,,Hershey - Dispatched To: HMC - Main Hospital - 1 - Main Entrance\Valet > HMC - Main Hospital - 1 - Main Entrance\Valet,2026-02-26 23:59:30,2026-02-24,2026,2,February,6,Tuesday,False,Morning
1696,PSHI-2026-02-I-134207,1,02/23/2026 11:51 PM,2026-02-23 20:25:00,,,Hershey - Dispatched To: HMC - Children's Hospital - 2 - Children's Hospital PACU > HMC - Children's Hospital - 2 - Children's Hospital PACU,2026-02-26 23:59:30,2026-02-23,2026,2,February,20,Monday,False,Evening
1697,PSHI-2026-02-I-134203,1,02/23/2026 10:42 PM,2026-02-23 22:30:00,,,Hershey - Dispatched To: HMC - Emergency Department > HMC - Emergency Department,2026-02-26 23:59:30,2026-02-23,2026,2,February,22,Monday,False,Late Night
1698,PSHI-2026-02-I-134200,1,02/23/2026 10:36 PM,2026-02-23 18:00:00,,,Hershey - Dispatched To: HMC - Children's Hospital - 3 - Children's Hospital Acute Care > HMC - Children's Hospital - 3 - Children's Hospital Acute Care,2026-02-26 23:59:30,2026-02-23,2026,2,February,18,Monday,False,Evening
1699,PSHI-2026-02-I-134197,1,02/23/2026 07:24 PM,2026-02-23 18:12:00,,,Hershey - Dispatched To: HMC - Children's Hospital > HMC - Children's Hospital,2026-02-26 23:59:30,2026-02-23,2026,2,February,18,Monday,False,Evening
1700,PSHI-2026-02-I-134190,1,02/23/2026 04:42 PM,2026-02-23 16:30:00,,,Hershey - Reported Location: HMC - Main Hospital - 1 - Security Operations Center,2026-02-26 23:59:30,2026-02-23,2026,2,February,16,Monday,False,Afternoon
1701,PSHI-2026-02-I-134187,1,02/23/2026 02:52 PM,2026-02-23 14:35:00,,,Hershey - Dispatched To: HMC - Children's Hospital - 3 > HMC - Children's Hospital - 3,2026-02-26 23:59:30,2026-02-23,2026,2,February,14,Monday,False,Afternoon
1702,PSHI-2026-02-I-134184,1,02/23/2026 01:36 PM,2026-02-23 13:27:00,,,Hershey - Dispatched To: HMC - Emergency Department > HMC - Emergency Department,2026-02-26 23:59:30,2026-02-23,2026,2,February,13,Monday,False,Afternoon
1703,PSHI-2026-02-I-134183,1,02/23/2026 01:35 PM,2026-02-23 13:11:00,,,Hershey - Dispatched To: HMC - Main Hospital - 3 > HMC - Main Hospital - 3,2026-02-26 23:59:30,2026-02-23,2026,2,February,13,Monday,False,Afternoon
1704,PSHI-2026-02-I-134180,1,02/23/2026 11:56 AM,2026-02-23 11:37:00,,,Hershey - Reported Location: HMC - Children's Hospital - 3 - Children's Hospital Acute Care,2026-02-26 23:59:30,2026-02-23,2026,2,February,11,Monday,False,Morning
1705,PSHI-2026-02-I-134179,1,02/23/2026 10:28 AM,2026-02-23 10:05:00,,,Hershey - Reported Location: HMC - Main Hospital - 6 - MIMCU,2026-02-26 23:59:30,2026-02-23,2026,2,February,10,Monday,False,Morning
1706,PSHI-2026-02-I-134176,1,02/23/2026 07:56 AM,2026-02-23 07:43:00,,,Hershey - Dispatched To: HMC - Children's Hospital - 1 - Children's Hospital Main Information Desk > HMC - Children's Hospital - 1 - Children's Hospital Main Information Desk,2026-02-26 23:59:30,2026-02-23,2026,2,February,7,Monday,False,Morning
1707,PSHI-2026-02-I-134175,1,02/23/2026 07:24 AM,2026-02-23 07:00:00,,,Hershey - Reported Location: HMC - Children's Hospital - 7 - Labor and Delivery,2026-02-26 23:59:30,2026-02-23,2026,2,February,7,Monday,False,Morning
1708,PSHI-2026-02-I-134173,1,02/23/2026 05:23 AM,2026-02-23 03:03:00,,,Hershey - Dispatched To: HMC - Main Hospital - 4 - Acute Care > HMC - Main Hospital - 4 - Acute Care,2026-02-26 23:59:30,2026-02-23,2026,2,February,3,Monday,False,Late Night
1709,PSHI-2026-02-I-134170,1,02/23/2026 03:51 AM,2026-02-23 03:14:00,,Patient threw cup of water on nurse.,Hershey - Dispatched To: HMC - Main Hospital - 6 - MIMCU > HMC - Main Hospital - 6 - MIMCU,2026-02-26 23:59:30,2026-02-23,2026,2,February,3,Monday,False,Late Night
1710,PSHI-2026-02-I-134168,1,02/23/2026 12:06 AM,2026-02-22 22:15:00,,Assisted clinical staff with an agitated patient.,Hershey - Dispatched To: HMC - Main Hospital - 6 - Acute Care > HMC - Main Hospital - 6 - Acute Care,2026-02-26 23:59:30,2026-02-22,2026,2,February,22,Sunday,True,Late Night
1711,26BK00043,4,02/11/2026 09:02 AM,2026-02-11 09:02:00,,Employee reported a parking concern,COMMUTER LOT G1 - BERKS,2026-02-26 23:59:30,2026-02-11,2026,2,February,9,Wednesday,False,Morning
