id,incident_number,campus_id,final_campus,reported_datetime,occurred_start,occurred_end,nature_of_incident,location,created_at,date,year,month,month_name,hour,day_of_week,is_weekend,time_bucket
2,2026-00002149,2,Abington,02/18/2026 01:03 AM,02/18/2026 01:03 AM,02/18/2026 01:53 AM,Visitor requested assistance with a personal matter,EISENHOWER PARKING DECK,2026-02-18 21:43:32,2026-02-18,2026,2,February,1,Wednesday,False,Late Night
3,2026-00002147,2,Abington,02/18/2026 12:05 AM,02/18/2026 12:05 AM,02/18/2026 12:38 AM,Employee reported a gas leak,GUION S BLUFORD BLDG,2026-02-18 21:43:32,2026-02-18,2026,2,February,0,Wednesday,False,Late Night
4,26ALtemp00008,3,Altoona,02/17/2026 08:47 PM,02/17/2026 07:05 PM,02/17/2026 08:47 PM,Employee reported a concern for another student,Slep Student Center,2026-02-18 21:43:32,2026-02-17,2026,2,February,20,Tuesday,False,Evening
5,26HNtemp0006,15,Hershey,02/17/2026 08:34 PM,02/17/2026 08:24 PM,02/17/2026 08:40 PM,Employee reported suspicious vehicle,NORTH HALL,2026-02-18 21:43:32,2026-02-17,2026,2,February,20,Tuesday,False,Evening
6,2026-00002133,2,Abington,02/17/2026 06:24 PM,02/17/2026 06:15 PM,02/17/2026 08:28 PM,Employee reported a concern for another person,REDIFER HALL,2026-02-18 21:43:32,2026-02-17,2026,2,February,18,Tuesday,False,Evening
7,2026-00002131,2,Abington,02/17/2026 06:04 PM,01/10/2026 12:00 AM,02/17/2026 06:00 PM,Student reported the loss or theft of their unattended personal property,RUNKLE HALL,2026-02-18 21:43:32,2026-02-17,2026,2,February,18,Tuesday,False,Evening
8,2026-00002119,2,Abington,02/17/2026 03:13 PM,02/17/2026 03:13 PM,02/17/2026 04:35 PM,Visitor requested assistance with an administrative matter,UNIVERSITY SUPPORT BLDG I,2026-02-18 21:43:32,2026-02-17,2026,2,February,15,Tuesday,False,Afternoon
9,26BRtemp0003,6,Berks,02/17/2026 02:00 PM,02/17/2026 01:58 PM,02/17/2026 02:00 PM,Employee reported a vehicle crash with no injuries,University Dr,2026-02-18 21:43:32,2026-02-17,2026,2,February,14,Tuesday,False,Afternoon
10,2026-00002115,2,Abington,02/17/2026 01:59 PM,02/17/2026 01:30 PM,02/17/2026 01:50 PM,Employee reported a suspicious person,HINTZ FAMILY ALUMNI CENTER,2026-02-18 21:43:32,2026-02-17,2026,2,February,13,Tuesday,False,Afternoon
11,2026-00002114,2,Abington,02/17/2026 01:30 PM,02/16/2026 04:43 PM,02/16/2026 05:36 PM,Employee reported persons trespassing inside a University building,GREENBERG INDOOR SPORTS,2026-02-18 21:43:32,2026-02-17,2026,2,February,13,Tuesday,False,Afternoon
12,26ALtemp00007,3,Altoona,02/17/2026 01:30 PM,02/17/2026 01:30 PM,,Employee reported a two vehicle crash with no injuries,Slep Lot,2026-02-18 21:43:32,2026-02-17,2026,2,February,13,Tuesday,False,Afternoon
13,2026-00002113,2,Abington,02/17/2026 11:28 AM,02/14/2026 12:00 AM,02/17/2026 11:28 AM,Student reported being harassed,MARTIN ST,2026-02-18 21:43:32,2026-02-17,2026,2,February,11,Tuesday,False,Morning
14,26BRtemp0002,6,Berks,02/17/2026 11:06 AM,02/17/2026 12:00 AM,02/17/2026 11:06 AM,Employee reported concern for another person,POLICE SERVICES BLDG,2026-02-18 21:43:32,2026-02-17,2026,2,February,11,Tuesday,False,Morning
15,26ALtemp00006,3,Altoona,02/17/2026 09:20 AM,02/17/2026 09:20 AM,,Student requested assistance with a personal matter,Poplar Building,2026-02-18 21:43:32,2026-02-17,2026,2,February,9,Tuesday,False,Morning
16,2026-00002104,2,Abington,02/17/2026 01:14 AM,02/17/2026 01:14 AM,02/17/2026 01:30 AM,"Student reported the odor of marijuana, origin not located",PENNYPACKER HALL,2026-02-18 21:43:32,2026-02-17,2026,2,February,1,Tuesday,False,Late Night
17,2026-00002100,2,Abington,02/16/2026 11:00 PM,02/16/2026 08:12 PM,02/16/2026 11:46 PM,University employee reported a suspicious vehicle,STEAM DR,2026-02-18 21:43:32,2026-02-16,2026,2,February,23,Monday,False,Late Night
18,26HNtemp0005,15,Hershey,02/16/2026 09:44 PM,02/16/2026 09:44 PM,02/16/2026 11:35 PM,Assisted a law enforcement agency with an investigation,527 W COUNTY RD,2026-02-18 21:43:32,2026-02-16,2026,2,February,21,Monday,False,Evening
19,26ERtemp0006,5,Erie (Behrend),02/16/2026 09:43 PM,02/16/2026 09:43 PM,02/16/2026 10:15 PM,Student reported suspicious activity,REED UNION BUILDING,2026-02-18 21:43:32,2026-02-16,2026,2,February,21,Monday,False,Evening
20,2026-00002099,2,Abington,02/16/2026 09:30 PM,02/16/2026 09:30 PM,02/16/2026 10:24 PM,Identified occupants in possession of marijuana and drug paraphernalia,NELSON HALL,2026-02-18 21:43:32,2026-02-16,2026,2,February,21,Monday,False,Evening
21,26BKTemp0004,4,Beaver,02/16/2026 09:16 PM,02/16/2026 09:16 PM,02/16/2026 09:35 PM,Employee reported a visitor trespassing in a residence hall,LAUREL HALL,2026-02-18 21:43:32,2026-02-16,2026,2,February,21,Monday,False,Evening
22,2026-00002086,2,Abington,02/16/2026 04:36 PM,02/17/2024 12:00 AM,02/18/2024 12:00 AM,Student reported they were sexually assaulted by a known person in a residence hall,WEST HALLS RESIDENCE COMPLEX,2026-02-18 21:43:32,2026-02-16,2026,2,February,16,Monday,False,Afternoon
23,26BKTemp0003,4,Beaver,02/16/2026 03:30 PM,02/16/2026 03:30 PM,02/16/2026 04:30 PM,Employee reported a fire drill alarm,PEPPERWOOD HALL,2026-02-18 21:43:32,2026-02-16,2026,2,February,15,Monday,False,Afternoon
24,26ERtemp0005,5,Erie (Behrend),02/16/2026 03:20 PM,02/16/2026 03:15 PM,02/16/2026 03:45 PM,Employee reported a concern for a visitor,REED LOT,2026-02-18 21:43:32,2026-02-16,2026,2,February,15,Monday,False,Afternoon
25,2026-00002079,2,Abington,02/16/2026 11:39 AM,02/06/2026 09:30 PM,02/07/2026 01:30 AM,Assisted a student with an administrative matter,STONE HALL,2026-02-18 21:43:32,2026-02-16,2026,2,February,11,Monday,False,Morning
26,2026-00002078,2,Abington,02/16/2026 11:20 AM,02/13/2026 12:00 AM,02/13/2026 11:59 PM,Assisted an outside law enforcement agency with an investigation,OFF CAMPUS FRATERNITY,2026-02-18 21:43:32,2026-02-16,2026,2,February,11,Monday,False,Morning
27,2026-00002076,2,Abington,02/16/2026 10:17 AM,02/06/2026 12:00 AM,02/06/2026 11:59 PM,Assisted an outside law enforcement agency with an investigation,OFF CAMPUS FRATERNITY,2026-02-18 21:43:32,2026-02-16,2026,2,February,10,Monday,False,Morning
28,26SHtemp0001,20,Shenango,02/16/2026 09:45 AM,02/16/2026 09:45 AM,02/17/2026 01:00 PM,Employee requested assistance with an adminstrative matter,Sharon Hall,2026-02-18 21:43:32,2026-02-16,2026,2,February,9,Monday,False,Morning
29,2026-00002074,2,Abington,02/16/2026 02:47 AM,02/16/2026 02:47 AM,02/16/2026 03:24 AM,A vehicle stop investigation revealed the operator to be driving under the influence of alcohol,N ATHERTON ST & WOODLAND DR,2026-02-18 21:43:32,2026-02-16,2026,2,February,2,Monday,False,Late Night
30,2026-00002081,2,Abington,02/16/2026 02:00 AM,02/16/2026 02:00 AM,02/16/2026 08:30 AM,Employee reported suspicious person,UNIVERSITY SUPPORT BLDG I,2026-02-18 21:43:32,2026-02-16,2026,2,February,2,Monday,False,Late Night
31,26ABTemp0009,2,Abington,02/15/2026 11:50 PM,02/15/2026 11:50 PM,02/15/2026 11:59 PM,Visitor reported a concern for a student,LIONS GATE AT PENN STATE ABINGTON,2026-02-18 21:43:32,2026-02-15,2026,2,February,23,Sunday,True,Late Night
32,2026-00002067,2,Abington,02/15/2026 09:31 PM,02/15/2026 09:27 PM,02/15/2026 10:30 PM,Assisted an outside law enforcement agency with an investigation,WHITE BLDG,2026-02-18 21:43:32,2026-02-15,2026,2,February,21,Sunday,True,Evening
33,2026-00002066,2,Abington,02/15/2026 09:07 PM,02/15/2026 09:07 PM,02/15/2026 09:33 PM,Student reported suspicious activity,HASTINGS HALL,2026-02-18 21:43:32,2026-02-15,2026,2,February,21,Sunday,True,Evening
34,26ABTemp0008,2,Abington,02/15/2026 08:24 PM,02/15/2026 08:20 PM,02/14/2026 08:50 PM,Employee reported a fire alarm activation,LIONS GATE AT PENN STATE ABINGTON,2026-02-18 21:43:32,2026-02-15,2026,2,February,20,Sunday,True,Evening
35,2026-00002065,2,Abington,02/15/2026 08:20 PM,02/15/2026 08:20 PM,,Assisted a student with a personal matter,WARING HALL,2026-02-18 21:43:32,2026-02-15,2026,2,February,20,Sunday,True,Evening
36,26ERtemp0004,5,Erie (Behrend),02/15/2026 08:15 PM,02/15/2026 08:13 PM,02/15/2026 09:12 PM,Employee reported a power outage and alarm activation,NIAGARA HALL,2026-02-18 21:43:32,2026-02-15,2026,2,February,20,Sunday,True,Evening
37,2026-00002059,2,Abington,02/15/2026 07:24 PM,02/15/2026 07:24 PM,02/15/2026 07:26 PM,Assisted an outside law enforcement agency with an investigation,PENNSYLVANIA AVE,2026-02-18 21:43:32,2026-02-15,2026,2,February,19,Sunday,True,Evening
38,PSHI-2026-02-I-133881,2,Abington,02/15/2026 07:12 PM,02/15/2026 06:21 PM,,Assisted clinical staff with agitated patient.,Hershey - Dispatched To: HMC - Main Hospital > HMC - Main Hospital,2026-02-18 21:43:32,2026-02-15,2026,2,February,19,Sunday,True,Evening
39,26ALtemp0005,3,Altoona,02/15/2026 07:11 PM,02/15/2026 07:00 PM,02/15/2026 07:08 PM,Student reported being physically assaulted by a known person,SPRUCE HALL,2026-02-18 21:43:32,2026-02-15,2026,2,February,19,Sunday,True,Evening
40,2026-00002055,2,Abington,02/15/2026 04:28 PM,10/01/2025 12:00 AM,02/11/2026 11:59 PM,Student reported fraudulent charges,BRUMBAUGH HALL,2026-02-18 21:43:32,2026-02-15,2026,2,February,16,Sunday,True,Afternoon
41,PSHI-2026-02-I-133879,2,Abington,02/15/2026 03:44 PM,02/15/2026 03:03 PM,,Assisted clinical staff with visitor issue.,Hershey - Dispatched To: HMC - Emergency Department > HMC - Emergency Department,2026-02-18 21:43:32,2026-02-15,2026,2,February,15,Sunday,True,Afternoon
42,2026-00002049,2,Abington,02/15/2026 02:23 PM,02/14/2026 11:20 PM,02/15/2026 02:40 PM,Student reported being harassed,KATZ BLDG,2026-02-18 21:43:32,2026-02-15,2026,2,February,14,Sunday,True,Afternoon
43,PSHI-2026-02-I-133876,2,Abington,02/15/2026 02:14 PM,02/15/2026 11:40 AM,,,Hershey - Dispatched To: HMC - Main Hospital - 1 - Security Operations Center > HMC - Main Hospital - 1 - Security Operations Center,2026-02-18 21:43:32,2026-02-15,2026,2,February,14,Sunday,True,Afternoon
44,PSHI-2026-02-I-133872,2,Abington,02/15/2026 01:19 PM,02/15/2026 12:09 PM,,,Hershey - Dispatched To: HMC - Parking Lot - Lot M1 > HMC - Parking Lot - Lot M1,2026-02-18 21:43:32,2026-02-15,2026,2,February,13,Sunday,True,Afternoon
45,PSHI-2026-02-I-133870,2,Abington,02/15/2026 11:15 AM,02/15/2026 11:10 AM,,Patient left care prior to discharge.,Hershey - Dispatched To: HMC - Emergency Department > HMC - Emergency Department,2026-02-18 21:43:32,2026-02-15,2026,2,February,11,Sunday,True,Morning
46,PSHI-2026-02-I-133869,2,Abington,02/15/2026 10:09 AM,02/15/2026 10:08 AM,,Received court documents.,Hershey - Dispatched To: HMC - Children's Hospital - 7 > HMC - Children's Hospital - 7,2026-02-18 21:43:32,2026-02-15,2026,2,February,10,Sunday,True,Morning
47,PSHI-2026-02-I-133868,2,Abington,02/15/2026 10:09 AM,02/15/2026 08:38 AM,,AED quarterly inspections.,Hershey - Dispatched To: HMC - Main Hospital > HMC - Main Hospital,2026-02-18 21:43:32,2026-02-15,2026,2,February,10,Sunday,True,Morning
48,2026-00002045,2,Abington,02/15/2026 09:23 AM,02/15/2026 09:20 AM,02/15/2026 10:30 AM,Visitor reported being assaulted by a known person,HASTINGS RD & UNIVERSITY DR,2026-02-18 21:43:32,2026-02-15,2026,2,February,9,Sunday,True,Morning
49,PSHI-2026-02-I-133866,2,Abington,02/15/2026 09:02 AM,02/15/2026 08:58 AM,,,Hershey - Dispatched To: HMC - Main Hospital - 1 - Cashier's Office > HMC - Main Hospital - 1 - Cashier's Office,2026-02-18 21:43:32,2026-02-15,2026,2,February,9,Sunday,True,Morning
50,PSHI-2026-02-I-133864,2,Abington,02/15/2026 07:06 AM,02/14/2026 05:13 PM,,Assisted clinical staff with agitated visitor.,Hershey - Dispatched To: HMC - Children's Hospital - 3 > HMC - Children's Hospital - 3,2026-02-18 21:43:32,2026-02-15,2026,2,February,7,Sunday,True,Morning
51,PSHI-2026-02-I-133855,2,Abington,02/15/2026 04:04 AM,02/15/2026 03:41 AM,,Assisted clinical staff with agitated patient.,Hershey - Dispatched To: HMC - Emergency Department > HMC - Emergency Department,2026-02-18 21:43:32,2026-02-15,2026,2,February,4,Sunday,True,Late Night
52,2026-00002040,2,Abington,02/15/2026 03:48 AM,02/15/2026 03:48 AM,02/15/2026 03:59 AM,A vehicle stop investigation revealed the operator to be driving under the influence of  alcohol,W COLLEGE AVE & N BURROWES RD,2026-02-18 21:43:32,2026-02-15,2026,2,February,3,Sunday,True,Late Night
53,PSHI-2026-02-I-133854,2,Abington,02/15/2026 03:19 AM,02/15/2026 02:50 AM,,Assisted clinical staff with agitated patient.,Hershey - Dispatched To: HMC - Emergency Department > HMC - Emergency Department,2026-02-18 21:43:32,2026-02-15,2026,2,February,3,Sunday,True,Late Night
54,PSHI-2026-02-I-133853,2,Abington,02/15/2026 02:23 AM,02/15/2026 02:08 AM,,,Hershey - Dispatched To: HMC - Emergency Department > HMC - Emergency Department,2026-02-18 21:43:32,2026-02-15,2026,2,February,2,Sunday,True,Late Night
55,2026-00002034,2,Abington,02/15/2026 01:41 AM,02/15/2026 01:41 AM,02/15/2026 02:27 AM,Underage student observed highly intoxicated,SIMMONS HALL,2026-02-18 21:43:32,2026-02-15,2026,2,February,1,Sunday,True,Late Night
56,2026-00002033,2,Abington,02/15/2026 01:28 AM,02/15/2026 01:10 AM,02/15/2026 01:27 AM,Employee reported persons trespassing inside a restricted area,BEAVER STADIUM,2026-02-18 21:43:32,2026-02-15,2026,2,February,1,Sunday,True,Late Night
57,PSHI-2026-02-I-133851,2,Abington,02/14/2026 10:52 PM,02/14/2026 09:21 PM,,,Hershey - Dispatched To: HMC - Emergency Department > HMC - Emergency Department,2026-02-18 21:43:32,2026-02-14,2026,2,February,22,Saturday,True,Late Night
58,2026-00002019,2,Abington,02/14/2026 10:15 PM,02/14/2026 10:15 PM,02/14/2026 10:38 PM,Visitor expressed concern for a student,HIBBS HALL,2026-02-18 21:43:32,2026-02-14,2026,2,February,22,Saturday,True,Late Night
59,2026-00002020,2,Abington,02/14/2026 10:13 PM,02/14/2026 10:13 PM,02/14/2026 10:32 PM,Student observed highly intoxicated and transported to the hospital,SIMMONS HALL,2026-02-18 21:43:32,2026-02-14,2026,2,February,22,Saturday,True,Late Night
60,26ERtemp0003,5,Erie (Behrend),02/14/2026 09:03 PM,02/14/2026 09:03 PM,02/14/2026 09:30 PM,Resident Assistant reported a suspicious odor,NIAGARA HALL,2026-02-18 21:43:32,2026-02-14,2026,2,February,21,Saturday,True,Evening
61,2026-00002016,2,Abington,02/14/2026 09:01 PM,02/09/2026 12:00 AM,02/14/2026 09:00 PM,Student reported being harassed,THOMPSON HALL,2026-02-18 21:43:32,2026-02-14,2026,2,February,21,Saturday,True,Evening
62,2026-00002015,2,Abington,02/14/2026 08:29 PM,02/14/2026 08:25 PM,02/14/2026 08:42 PM,Resident Assistant reported a suspicious odor,TENER HALL,2026-02-18 21:43:32,2026-02-14,2026,2,February,20,Saturday,True,Evening
63,2026-00002014,2,Abington,02/14/2026 08:25 PM,02/14/2026 06:00 PM,02/14/2026 06:45 PM,Student reported the theft of their unsecured personal property,INTRAMURAL BLDG,2026-02-18 21:43:32,2026-02-14,2026,2,February,20,Saturday,True,Evening
64,PSHI-2026-02-I-133849,2,Abington,02/14/2026 08:17 PM,02/14/2026 06:47 PM,,Assisted clinical staff with agitated patient.,Hershey - Dispatched To: HMC - Emergency Department > HMC - Emergency Department,2026-02-18 21:43:32,2026-02-14,2026,2,February,20,Saturday,True,Evening
65,PSHI-2026-02-I-133847,2,Abington,02/14/2026 05:52 PM,02/14/2026 04:45 PM,,Assisted clinical staff with agitated patient.,Hershey - Dispatched To: HMC - Children's Hospital - 3 > HMC - Children's Hospital - 3,2026-02-18 21:43:32,2026-02-14,2026,2,February,17,Saturday,True,Afternoon
66,PSHI-2026-02-I-133842,2,Abington,02/14/2026 03:06 PM,02/14/2026 02:51 PM,,Assisted clinical staff with agitated patient.,Hershey - Dispatched To: HMC - Emergency Department > HMC - Emergency Department,2026-02-18 21:43:32,2026-02-14,2026,2,February,15,Saturday,True,Afternoon
67,26ALtemp0004,3,Altoona,02/14/2026 02:55 PM,02/14/2026 02:55 PM,02/14/2026 04:40 PM,Visitor reported a concern for a student,SPRUCE HALL,2026-02-18 21:43:32,2026-02-14,2026,2,February,14,Saturday,True,Afternoon
68,PSHI-2026-02-I-133840,2,Abington,02/14/2026 02:35 PM,02/14/2026 02:21 PM,,,Hershey - Dispatched To: HMC - Main Hospital - 1 - Cashier's Office > HMC - Main Hospital - 1 - Cashier's Office,2026-02-18 21:43:32,2026-02-14,2026,2,February,14,Saturday,True,Afternoon
69,2026-00002006,2,Abington,02/14/2026 01:03 PM,02/14/2026 03:00 AM,02/14/2026 07:00 AM,Student reported the theft of University property,ROBINSON HALL,2026-02-18 21:43:32,2026-02-14,2026,2,February,13,Saturday,True,Afternoon
70,2026-00002005,2,Abington,02/14/2026 12:32 PM,02/14/2026 12:25 PM,02/14/2026 12:32 PM,Student reported the theft of unsecured personal property,CHEMICAL AND BIOMEDICAL ENGINEERING BLDG,2026-02-18 21:43:32,2026-02-14,2026,2,February,12,Saturday,True,Afternoon
71,26ABTemp0007,2,Abington,02/14/2026 12:16 PM,02/14/2026 12:16 PM,02/14/2026 12:35 PM,Assisted the ambulance with a medical emergency,PHYSICAL EDUCATION BUILDING,2026-02-18 21:43:32,2026-02-14,2026,2,February,12,Saturday,True,Afternoon
72,26ABTemp0006,2,Abington,02/14/2026 11:18 AM,02/14/2026 11:36 AM,,Employee reported a suspicious activity,LIONS GATE AT PENN STATE ABINGTON,2026-02-18 21:43:32,2026-02-14,2026,2,February,11,Saturday,True,Morning
73,26BKTemp0002,4,Beaver,02/14/2026 11:07 AM,02/14/2026 10:37 AM,02/14/2026 10:47 AM,Assisted an outside law enforcement agency with an investigation,HILLVALE AVE & SPOHN RD,2026-02-18 21:43:32,2026-02-14,2026,2,February,11,Saturday,True,Morning
74,PSHI-2026-02-I-133831,2,Abington,02/14/2026 10:13 AM,02/14/2026 10:04 AM,,,Hershey - Dispatched To: HMC - Centerview Parking Garage > HMC - Centerview Parking Garage,2026-02-18 21:43:32,2026-02-14,2026,2,February,10,Saturday,True,Morning
75,PSHI-2026-02-I-133830,2,Abington,02/14/2026 09:46 AM,02/14/2026 09:10 AM,,,Hershey - Dispatched To: HMC - Main Hospital - 3 - Acute Care > HMC - Main Hospital - 3 - Acute Care,2026-02-18 21:43:32,2026-02-14,2026,2,February,9,Saturday,True,Morning
76,26ALtemp0003,3,Altoona,02/14/2026 09:29 AM,02/13/2026 05:00 PM,02/14/2026 09:00 AM,Employee reported damage to University property,OAK HALL,2026-02-18 21:43:32,2026-02-14,2026,2,February,9,Saturday,True,Morning
77,PSHI-2026-02-I-133827,2,Abington,02/14/2026 09:25 AM,02/14/2026 09:21 AM,,Assisted staff with stolen property.,Hershey - Dispatched To: HMC - Main Hospital - 1 - Security Operations Center > HMC - Main Hospital - 1 - Security Operations Center,2026-02-18 21:43:32,2026-02-14,2026,2,February,9,Saturday,True,Morning
78,2026-00001998,2,Abington,02/14/2026 08:09 AM,02/14/2026 08:09 AM,02/14/2026 08:49 AM,Student observed highly intoxicated,ATHERTON HALL,2026-02-18 21:43:32,2026-02-14,2026,2,February,8,Saturday,True,Morning
79,26MAtemp0002,17,Mont Alto,02/14/2026 06:01 AM,02/14/2026 05:26 AM,02/14/2026 05:29 AM,Student reported theft of their unattended personal property,MONT ALTO HALL,2026-02-18 21:43:32,2026-02-14,2026,2,February,6,Saturday,True,Morning
80,PSHI-2026-02-I-133819,2,Abington,02/14/2026 04:55 AM,02/14/2026 03:43 AM,,Assisted clinical staff with agitated patient.,Hershey - Dispatched To: HMC - Emergency Department > HMC - Emergency Department,2026-02-18 21:43:32,2026-02-14,2026,2,February,4,Saturday,True,Late Night
81,PSHI-2026-02-I-133818,2,Abington,02/14/2026 04:12 AM,,,Assisted clinical staff with agitated patient.,Hershey - Dispatched To: HMC - Emergency Department > HMC - Emergency Department,2026-02-18 21:43:32,2026-02-14,2026,2,February,4,Saturday,True,Late Night
82,2026-00001995,2,Abington,02/14/2026 03:30 AM,02/14/2026 03:30 AM,02/14/2026 04:28 AM,Underage student observed highly intoxicated and transported to the hospital,EARLE HALL,2026-02-18 21:43:32,2026-02-14,2026,2,February,3,Saturday,True,Late Night
83,2026-00001994,2,Abington,02/14/2026 03:27 AM,02/14/2026 03:27 AM,02/14/2026 03:48 AM,Underage student observed highly intoxicated and transported to the hospital,HIBBS HALL,2026-02-18 21:43:32,2026-02-14,2026,2,February,3,Saturday,True,Late Night
84,2026-00001993,2,Abington,02/14/2026 03:05 AM,02/14/2026 03:05 AM,02/14/2026 03:32 AM,Student reported damage to University property,HASTINGS HALL,2026-02-18 21:43:32,2026-02-14,2026,2,February,3,Saturday,True,Late Night
85,PSHI-2026-02-I-133817,2,Abington,02/14/2026 03:02 AM,,,,Hershey - Dispatched To: HMC - Main Hospital > HMC - Main Hospital,2026-02-18 21:43:32,2026-02-14,2026,2,February,3,Saturday,True,Late Night
86,2026-00001990,2,Abington,02/14/2026 02:28 AM,02/14/2026 02:28 AM,02/14/2026 03:05 AM,Underage student observed highly intoxicated,SPROUL HALL,2026-02-18 21:43:32,2026-02-14,2026,2,February,2,Saturday,True,Late Night
87,PSHI-2026-02-I-133814,2,Abington,02/14/2026 01:23 AM,02/14/2026 12:15 AM,,Assisted clinical staff with agitated patient.,Hershey - Dispatched To: HMC - Main Hospital > HMC - Main Hospital,2026-02-18 21:43:32,2026-02-14,2026,2,February,1,Saturday,True,Late Night
88,PSHI-2026-02-I-133813,2,Abington,02/14/2026 01:22 AM,02/14/2026 12:48 AM,,,Hershey - Dispatched To: HMC - Main Hospital > HMC - Main Hospital,2026-02-18 21:43:32,2026-02-14,2026,2,February,1,Saturday,True,Late Night
89,PSHI-2026-02-I-133810,2,Abington,02/13/2026 10:41 PM,02/13/2026 10:20 PM,,Assisted LE with access to patient.,Hershey - Dispatched To: HMC - Main Hospital - 4 - Neuroscience Integrated Care Unit East > HMC - Main Hospital - 4 - Neuroscience Integrated Care Unit East,2026-02-18 21:43:32,2026-02-13,2026,2,February,22,Friday,False,Late Night
90,PSHI-2026-02-I-133808,2,Abington,02/13/2026 10:30 PM,02/13/2026 09:26 PM,,Assisted clinical staff with agitated patient.,Hershey - Dispatched To: HMC - Main Hospital > HMC - Main Hospital,2026-02-18 21:43:32,2026-02-13,2026,2,February,22,Friday,False,Late Night
91,2026-00001981,2,Abington,02/13/2026 10:25 PM,02/13/2026 10:25 PM,,Student reported theft of unattended personal property,MARTIN HALL,2026-02-18 21:43:32,2026-02-13,2026,2,February,22,Friday,False,Late Night
92,2026-00001975,2,Abington,02/13/2026 09:45 PM,02/13/2026 09:35 PM,02/13/2026 09:45 PM,Visitor reported hit and run vehicle crash,PARK AVE & STADIUM WEST RD,2026-02-18 21:43:32,2026-02-13,2026,2,February,21,Friday,False,Evening
93,2026-00001973,2,Abington,02/13/2026 09:40 PM,02/13/2026 09:40 PM,02/13/2026 10:00 PM,Assisted outside law enforcement agency with an investigation,E CALDER WAY & HETZEL ST,2026-02-18 21:43:32,2026-02-13,2026,2,February,21,Friday,False,Evening
94,PSHI-2026-02-I-133805,2,Abington,02/13/2026 09:34 PM,02/13/2026 06:50 PM,,Assisted clinical staff with agitated patient.,Hershey - Dispatched To: HMC - Emergency Department > HMC - Emergency Department,2026-02-18 21:43:32,2026-02-13,2026,2,February,21,Friday,False,Evening
95,2026-00001961,2,Abington,02/13/2026 06:44 PM,02/13/2026 06:44 PM,02/13/2026 07:01 PM,Employee reported a one vehicle accident with no injuries,EAST PARKING DECK,2026-02-18 21:43:32,2026-02-13,2026,2,February,18,Friday,False,Evening
96,2026-00001960,2,Abington,02/13/2026 06:41 PM,02/13/2026 06:41 PM,,Assisted outside law enforcement agency with an investigation,UNIVERSITY SUPPORT BLDG I,2026-02-18 21:43:32,2026-02-13,2026,2,February,18,Friday,False,Evening
97,2026-00001959,2,Abington,02/13/2026 06:15 PM,02/13/2026 06:15 PM,02/13/2026 06:44 PM,Employee reported a one vehicle accident with no injuries,EAST PARKING DECK,2026-02-18 21:43:32,2026-02-13,2026,2,February,18,Friday,False,Evening
98,PSHI-2026-02-I-133799,2,Abington,02/13/2026 05:48 PM,02/13/2026 05:39 PM,,,Hershey - Dispatched To: HMC - Main Hospital - 1 - Cashier's Office > HMC - Main Hospital - 1 - Cashier's Office,2026-02-18 21:43:32,2026-02-13,2026,2,February,17,Friday,False,Afternoon
99,PSHI-2026-02-I-133798,2,Abington,02/13/2026 05:35 PM,02/13/2026 05:06 PM,,Assisted clinical staff with agitated visitor.,Hershey - Dispatched To: HMC - Children's Hospital - 4 - PIMCU > HMC - Children's Hospital - 4 - PIMCU,2026-02-18 21:43:32,2026-02-13,2026,2,February,17,Friday,False,Afternoon
100,PSHI-2026-02-I-133797,2,Abington,02/13/2026 05:23 PM,02/14/2026 04:00 PM,,Assisted clinical staff with agitated patient.,Hershey - Dispatched To: HMC Off-Site - PSMG - Elizabethtown - PSMG > HMC Off-Site - PSMG - Elizabethtown - PSMG,2026-02-18 21:43:32,2026-02-13,2026,2,February,17,Friday,False,Afternoon
101,2026-00001958,2,Abington,02/13/2026 04:59 PM,02/13/2026 04:59 PM,02/13/2026 05:38 PM,Employee reported smoke or fire condition,SPARKS BLDG,2026-02-18 21:43:32,2026-02-13,2026,2,February,16,Friday,False,Afternoon
102,2026-00001954,2,Abington,02/13/2026 03:33 PM,02/13/2026 03:33 PM,02/13/2026 04:15 PM,Two vehicle crash with no injuries,RIDER BLDG,2026-02-18 21:43:32,2026-02-13,2026,2,February,15,Friday,False,Afternoon
103,PSHI-2026-02-I-133793,2,Abington,02/13/2026 03:31 PM,02/13/2026 02:34 PM,,,Hershey - Dispatched To: HMC - UPC-1 > HMC - UPC-1,2026-02-18 21:43:32,2026-02-13,2026,2,February,15,Friday,False,Afternoon
104,PSHI-2026-02-I-133792,2,Abington,02/13/2026 02:40 PM,02/13/2026 01:59 PM,,Assisted clinical staff with agitated patient.,Hershey - Dispatched To: HMC - Main Hospital  > HMC - Main Hospital,2026-02-18 21:43:32,2026-02-13,2026,2,February,14,Friday,False,Afternoon
105,2026-00001953,2,Abington,02/13/2026 02:08 PM,02/13/2026 02:08 PM,02/13/2026 02:28 PM,Student reported theft of unattended university property,BRILL HALL,2026-02-18 21:43:32,2026-02-13,2026,2,February,14,Friday,False,Afternoon
106,PSHI-2026-02-I-133783,2,Abington,02/13/2026 11:43 AM,02/13/2026 11:20 AM,,Assisted clinical staff with agitated visitor.,Hershey - Dispatched To: HMC - Emergency Department > HMC - Emergency Department,2026-02-18 21:43:32,2026-02-13,2026,2,February,11,Friday,False,Morning
107,PSHI-2026-02-I-133782,2,Abington,02/13/2026 11:40 AM,02/13/2026 11:31 AM,,,Hershey - Dispatched To: HMC - Main Hospital > HMC - Main Hospital,2026-02-18 21:43:32,2026-02-13,2026,2,February,11,Friday,False,Morning
108,PSHI-2026-02-I-133779,2,Abington,02/13/2026 11:26 AM,02/13/2026 11:21 AM,,Visitor fall.,Hershey - Dispatched To: HMC - Main Hospital - 1 - Rotunda Cafe > HMC - Main Hospital - 1 - Rotunda Cafe,2026-02-18 21:43:32,2026-02-13,2026,2,February,11,Friday,False,Morning
109,PSHI-2026-02-I-133778,2,Abington,02/13/2026 11:24 AM,02/13/2026 10:45 AM,,,Hershey - Dispatched To: HMC - Main Hospital - 4 - Neuro > HMC - Main Hospital - 4 - Neuro,2026-02-18 21:43:32,2026-02-13,2026,2,February,11,Friday,False,Morning
110,2026-00001946,2,Abington,02/13/2026 10:53 AM,02/13/2026 10:53 AM,02/13/2026 11:21 AM,Employee reported concern for a student,STUDENT HEALTH CENTER,2026-02-18 21:43:32,2026-02-13,2026,2,February,10,Friday,False,Morning
111,PSHI-2026-02-I-133776,2,Abington,02/13/2026 10:35 AM,02/13/2026 10:07 AM,,,Hershey - Dispatched To: HMC - Centerview Parking Garage > HMC - Centerview Parking Garage,2026-02-18 21:43:32,2026-02-13,2026,2,February,10,Friday,False,Morning
112,PSHI-2026-02-I-133775,2,Abington,02/13/2026 10:09 AM,02/13/2026 09:57 AM,,,Hershey - Dispatched To: HMC - Main Hospital - 3 > HMC - Main Hospital - 3,2026-02-18 21:43:32,2026-02-13,2026,2,February,10,Friday,False,Morning
113,PSHI-2026-02-I-133774,2,Abington,02/13/2026 10:01 AM,02/13/2026 09:27 AM,,,Hershey - Dispatched To: HMC - UPC-1 > HMC - UPC-1,2026-02-18 21:43:32,2026-02-13,2026,2,February,10,Friday,False,Morning
114,PSHI-2026-02-I-133770,2,Abington,02/13/2026 08:07 AM,02/13/2026 07:40 AM,,,Hershey - Dispatched To: HMC - Main Hospital - 1 - Security Operations Center > HMC - Main Hospital - 1 - Security Operations Center,2026-02-18 21:43:32,2026-02-13,2026,2,February,8,Friday,False,Morning
115,PSHI-2026-02-I-133767,2,Abington,02/13/2026 06:20 AM,02/13/2026 06:09 AM,,Patient left care prior to discharge.,Hershey - Dispatched To: HMC - Emergency Department > HMC - Emergency Department,2026-02-18 21:43:32,2026-02-13,2026,2,February,6,Friday,False,Morning
116,PSHI-2026-02-I-133766,2,Abington,02/13/2026 05:45 AM,02/12/2026 06:23 PM,,Visitor mismatch to the sex offender registry.,Hershey - Reported Location: HMC - Children's Hospital,2026-02-18 21:43:32,2026-02-13,2026,2,February,5,Friday,False,Late Night
117,26ERtemp0002,5,Erie (Behrend),02/13/2026 12:00 AM,02/13/2026 12:00 AM,02/13/2026 12:10 AM,Resident Assistant reported a suspicious odor,NIAGARA HALL,2026-02-18 21:43:32,2026-02-13,2026,2,February,0,Friday,False,Late Night
118,26ABTemp0003,2,Abington,02/13/2026 12:00 AM,02/13/2026 10:03 AM,02/13/2026 10:19 AM,Employee reported a fire alarm activation,LIONS GATE AT PENN STATE ABINGTON,2026-02-18 21:43:32,2026-02-13,2026,2,February,0,Friday,False,Late Night
119,2026-00001929,2,Abington,02/12/2026 08:39 PM,02/12/2026 08:39 PM,02/12/2026 08:57 PM,"Employee reported the odor of marijuana, origin not located",TENER HALL,2026-02-18 21:43:32,2026-02-12,2026,2,February,20,Thursday,False,Evening
120,PSHI-2026-02-I-133760,2,Abington,02/12/2026 08:03 PM,02/12/2026 06:53 PM,,Assisted clinical staff with agitated patient.,Hershey - Dispatched To: HMC - Emergency Department > HMC - Emergency Department,2026-02-18 21:43:32,2026-02-12,2026,2,February,20,Thursday,False,Evening
121,PSHI-2026-02-I-133759,2,Abington,02/12/2026 06:48 PM,02/12/2026 05:52 PM,,Assisted clinical staff with agitated patient.,Hershey - Dispatched To: HMC - Emergency Department > HMC - Emergency Department,2026-02-18 21:43:32,2026-02-12,2026,2,February,18,Thursday,False,Evening
122,PSHI-2026-02-I-133758,2,Abington,02/12/2026 06:41 PM,,,Assisted LE with access to patient.,Hershey - Dispatched To: HMC - 1 - Trauma Surgical Main Southeast      > HMC - 1 - Trauma Surgical Main Southeast,2026-02-18 21:43:32,2026-02-12,2026,2,February,18,Thursday,False,Evening
123,2026-00001917,2,Abington,02/12/2026 04:41 PM,02/12/2026 05:30 AM,02/12/2026 04:30 PM,Employee reported suspicious activity,PHYSICAL PLANT BLDG,2026-02-18 21:43:32,2026-02-12,2026,2,February,16,Thursday,False,Afternoon
124,PSHI-2026-02-I-133752,2,Abington,02/12/2026 04:23 PM,02/12/2026 04:00 PM,,Assisted clinical staff with agitated patient.,Hershey - Dispatched To: HMC - Emergency Department > HMC - Emergency Department,2026-02-18 21:43:32,2026-02-12,2026,2,February,16,Thursday,False,Afternoon
125,PSHI-2026-02-I-133750,2,Abington,02/12/2026 02:46 PM,02/12/2026 02:33 PM,,,Hershey - Dispatched To: HMC - Emergency Department > HMC - Emergency Department,2026-02-18 21:43:32,2026-02-12,2026,2,February,14,Thursday,False,Afternoon
126,2026-00001915,2,Abington,02/12/2026 02:36 PM,02/12/2026 02:27 PM,02/12/2026 03:01 PM,"Employee reported the odor of marijuana, origin not located",TENER HALL,2026-02-18 21:43:32,2026-02-12,2026,2,February,14,Thursday,False,Afternoon
127,PSHI-2026-02-I-133749,2,Abington,02/12/2026 02:24 PM,,,"Theft of wallet that was lost, mislaid, or delivered by mistake.",Hershey - Dispatched To: COM - College of Medicine > COM - College of Medicine,2026-02-18 21:43:32,2026-02-12,2026,2,February,14,Thursday,False,Afternoon
128,2026-00001913,2,Abington,02/12/2026 02:00 PM,01/26/2026 01:00 PM,01/26/2026 03:00 PM,Employee reported a university policy violation,NITTANY APT,2026-02-18 21:43:32,2026-02-12,2026,2,February,14,Thursday,False,Afternoon
129,2026-00001912,2,Abington,02/12/2026 01:45 PM,02/09/2026 12:00 AM,02/12/2026 01:45 PM,Student reported being harassed,UNKNOWN ON CAMPUS PROPERTY,2026-02-18 21:43:32,2026-02-12,2026,2,February,13,Thursday,False,Afternoon
130,PSHI-2026-02-I-133745,2,Abington,02/12/2026 12:23 PM,02/12/2026 11:39 AM,,Assisted clinical staff with agitated patient.,Hershey - Dispatched To: HMC - Emergency Department > HMC - Emergency Department,2026-02-18 21:43:32,2026-02-12,2026,2,February,12,Thursday,False,Afternoon
131,26ALtemp0002,3,Altoona,02/12/2026 12:05 PM,02/12/2026 11:50 AM,,Employee reported suspicious activity,PORT SKY,2026-02-18 21:43:32,2026-02-12,2026,2,February,12,Thursday,False,Afternoon
132,PSHI-2026-02-I-133744,2,Abington,02/12/2026 11:01 AM,02/12/2026 10:30 AM,,Assisted clinical staff with agitated patient.,Hershey - Dispatched To: HMC - Emergency Department > HMC - Emergency Department,2026-02-18 21:43:32,2026-02-12,2026,2,February,11,Thursday,False,Morning
133,2026-00001907,2,Abington,02/12/2026 10:49 AM,02/11/2026 11:15 AM,02/11/2026 03:00 PM,Visitor reported the theft of their unattended personal property,HOLUBA HALL,2026-02-18 21:43:32,2026-02-12,2026,2,February,10,Thursday,False,Morning
134,PSHI-2026-02-I-133743,2,Abington,02/12/2026 10:31 AM,02/12/2026 09:48 AM,,,Hershey - Dispatched To: HMC - UPC-2 - 1 - Dialysis > HMC - UPC-2 - 1 - Dialysis,2026-02-18 21:43:32,2026-02-12,2026,2,February,10,Thursday,False,Morning
135,PSHI-2026-02-I-133742,2,Abington,02/12/2026 09:54 AM,02/12/2026 09:10 AM,,Assisted clinical staff with a visitor issue.,Hershey - Dispatched To: HMC - Emergency Department > HMC - Emergency Department,2026-02-18 21:43:32,2026-02-12,2026,2,February,9,Thursday,False,Morning
136,PSHI-2026-02-I-133741,2,Abington,02/12/2026 09:26 AM,02/12/2026 09:00 AM,,Victim of violence receiving treatment.,Hershey - Dispatched To: HMC - Emergency Department > HMC - Emergency Department,2026-02-18 21:43:32,2026-02-12,2026,2,February,9,Thursday,False,Morning
137,2026-00001901,2,Abington,02/12/2026 09:25 AM,02/12/2026 09:21 AM,02/12/2026 10:05 AM,Employee reported a university policy violation,SIMMONS HALL,2026-02-18 21:43:32,2026-02-12,2026,2,February,9,Thursday,False,Morning
138,PSHI-2026-02-I-133740,2,Abington,02/12/2026 08:59 AM,,,Assisted clinical staff with agitated patient.,Hershey - Dispatched To: HMC - Emergency Department > HMC - Emergency Department,2026-02-18 21:43:32,2026-02-12,2026,2,February,8,Thursday,False,Morning
139,PSHI-2026-02-I-133737,2,Abington,02/12/2026 08:17 AM,02/12/2026 08:04 AM,,Assisted LE with access to forensic kit.,Hershey - Dispatched To: HMC - Emergency Department > HMC - Emergency Department,2026-02-18 21:43:32,2026-02-12,2026,2,February,8,Thursday,False,Morning
140,26HNtemp0001,15,Hershey,02/12/2026 08:00 AM,02/10/2026 12:00 AM,02/12/2026 08:00 AM,Employee requested assistance with an administrative matter,6585 MCKINLEY ST,2026-02-18 21:43:32,2026-02-12,2026,2,February,8,Thursday,False,Morning
141,PSHI-2026-02-I-133731,2,Abington,02/12/2026 03:22 AM,02/12/2026 02:54 AM,,Intervened in patient elopement.,Hershey - Dispatched To: HMC - Emergency Department > HMC - Emergency Department,2026-02-18 21:43:32,2026-02-12,2026,2,February,3,Thursday,False,Late Night
142,26BRtemp0001,6,Berks,02/12/2026 02:29 AM,02/12/2026 02:29 AM,02/12/2026 02:49 AM,Employee reported a concern for a student,HARMONY HALL,2026-02-18 21:43:32,2026-02-12,2026,2,February,2,Thursday,False,Late Night
143,PSHI-2026-02-I-133729,2,Abington,02/12/2026 01:26 AM,02/11/2026 11:57 AM,,Patient left care prior to discharge process being completed.,Hershey - Reported Location: HMC - Emergency Department - 1 - Emergency Department,2026-02-18 21:43:32,2026-02-12,2026,2,February,1,Thursday,False,Late Night
144,26ALtemp0001,3,Altoona,02/12/2026 12:48 AM,02/12/2026 12:48 AM,,Assisted the ambulance with a medical emergency,OAK HALL,2026-02-18 21:43:32,2026-02-12,2026,2,February,0,Thursday,False,Late Night
145,26HNtemp0002,15,Hershey,02/11/2026 11:55 PM,02/11/2026 11:55 PM,02/12/2026 12:05 AM,Assisted Law Enfoecement agency with an investigation,PA-93 & WOODBINE ST,2026-02-18 21:43:32,2026-02-11,2026,2,February,23,Wednesday,False,Late Night
146,PSHI-2026-02-I-133727,2,Abington,02/11/2026 11:27 PM,02/11/2026 08:58 PM,,Assisted clinical staff with agitated patient.,Hershey - Dispatched To: HMC - Main Hospital - 4 - Acute Care > HMC - Main Hospital - 4 - Acute Care,2026-02-18 21:43:32,2026-02-11,2026,2,February,23,Wednesday,False,Late Night
147,PSHI-2026-02-I-133728,2,Abington,02/11/2026 11:27 PM,02/11/2026 10:03 PM,,,Hershey - Dispatched To: HMC - Emergency Department > HMC - Emergency Department,2026-02-18 21:43:32,2026-02-11,2026,2,February,23,Wednesday,False,Late Night
148,PSHI-2026-02-I-133725,2,Abington,02/11/2026 10:56 PM,02/11/2026 07:35 PM,,Assisted clinical staff with agitated patient.,Hershey - Dispatched To: HMC - Main Hospital - 4 - Acute Care > HMC - Main Hospital - 4 - Acute Care,2026-02-18 21:43:32,2026-02-11,2026,2,February,22,Wednesday,False,Late Night
149,2026-00001891,2,Abington,02/11/2026 09:45 PM,02/11/2026 09:45 PM,02/12/2026 12:50 AM,Employee reported disorderly persons,MCKEAN RD & BIGLER RD,2026-02-18 21:43:32,2026-02-11,2026,2,February,21,Wednesday,False,Evening
150,PSHI-2026-02-I-133719,2,Abington,02/11/2026 09:35 PM,02/11/2026 08:42 PM,,Assisted clinical staff with agitated patient.,Hershey - Dispatched To: HMC - Emergency Department > HMC - Emergency Department,2026-02-18 21:43:32,2026-02-11,2026,2,February,21,Wednesday,False,Evening
151,2026-00001885,2,Abington,02/11/2026 07:53 PM,02/11/2026 07:53 PM,02/11/2026 08:30 PM,Students reported disorderly persons,PATTERSON HALL,2026-02-18 21:43:32,2026-02-11,2026,2,February,19,Wednesday,False,Evening
152,2026-00001880,2,Abington,02/11/2026 06:20 PM,02/11/2026 06:20 PM,02/11/2026 06:53 PM,Visitor reported suspicious activity,UNIVERSITY SUPPORT BLDG I,2026-02-18 21:43:32,2026-02-11,2026,2,February,18,Wednesday,False,Evening
153,26ERtemp0001,5,Erie (Behrend),02/11/2026 05:31 PM,02/11/2026 05:31 PM,02/11/2026 05:50 PM,Assisted the fire department with a reported fire,SENAT HALL,2026-02-18 21:43:32,2026-02-11,2026,2,February,17,Wednesday,False,Afternoon
154,PSHI-2026-02-I-133714,2,Abington,02/11/2026 05:08 PM,02/11/2026 04:40 PM,,Theft of wallet.,Hershey - Dispatched To: HMC - UPC-1 > HMC - UPC-1,2026-02-18 21:43:32,2026-02-11,2026,2,February,17,Wednesday,False,Afternoon
155,26ABTMP00001,2,Abington,02/11/2026 04:56 PM,02/11/2026 04:50 PM,02/11/2026 04:56 PM,Assisted an ambulance with a medical emergency,SUTHERLAND BUILDING,2026-02-18 21:43:32,2026-02-11,2026,2,February,16,Wednesday,False,Afternoon
156,PSHI-2026-02-I-133705,2,Abington,02/11/2026 01:58 PM,,,Assisted clinical staff with agitated patient.,Hershey - Dispatched To: HMC - Main Hospital - 6 - Acute Care > HMC - Main Hospital - 6 - Acute Care,2026-02-18 21:43:32,2026-02-11,2026,2,February,13,Wednesday,False,Afternoon
157,PSHI-2026-02-I-133704,2,Abington,02/11/2026 01:34 PM,02/11/2026 01:20 PM,,Vetted suspicious activity.,Hershey - Dispatched To: COM - College of Medicine - 1 > COM - College of Medicine - 1,2026-02-18 21:43:32,2026-02-11,2026,2,February,13,Wednesday,False,Afternoon
158,PSHI-2026-02-I-133703,2,Abington,02/11/2026 12:40 PM,02/11/2026 12:16 PM,,Assisted clinical staff with agitated patient.,Hershey - Dispatched To: HMC - Main Hospital - 4 - Acute Care > HMC - Main Hospital - 4 - Acute Care,2026-02-18 21:43:32,2026-02-11,2026,2,February,12,Wednesday,False,Afternoon
159,PSHI-2026-02-I-133702,2,Abington,02/11/2026 12:13 PM,02/11/2026 10:55 AM,,Assisted clinical staff with agitated patient.,Hershey - Dispatched To: HMC - Main Hospital - 4 - Acute Care > HMC - Main Hospital - 4 - Acute Care,2026-02-18 21:43:32,2026-02-11,2026,2,February,12,Wednesday,False,Afternoon
160,26MAtemp0001,17,Mont Alto,02/11/2026 12:05 PM,02/09/2026 07:40 PM,02/10/2026 12:30 AM,Assisted an employee with an administrative matter,MULTI-PURPOSE BUILDING,2026-02-18 21:43:32,2026-02-11,2026,2,February,12,Wednesday,False,Afternoon
161,PSHI-2026-02-I-133699,2,Abington,02/11/2026 11:19 AM,,,Investigated suspicious activity.,Hershey - Dispatched To: HMC - UPC-2 - 2 - Medicine Suite > HMC - UPC-2 - 2 - Medicine Suite,2026-02-18 21:43:32,2026-02-11,2026,2,February,11,Wednesday,False,Morning
162,PSHI-2026-02-I-133698,2,Abington,02/11/2026 11:10 AM,02/11/2026 10:41 PM,,Property damage,Hershey - Dispatched To: HMC - Main Hospital > HMC - Main Hospital,2026-02-18 21:43:32,2026-02-11,2026,2,February,11,Wednesday,False,Morning
163,PSHI-2026-02-I-133697,2,Abington,02/11/2026 11:09 AM,02/11/2026 10:05 PM,,Assisted clinical staff with agitated patient.,Hershey - Dispatched To: HMC - Main Hospital - 6 - Acute Care > HMC - Main Hospital - 6 - Acute Care,2026-02-18 21:43:32,2026-02-11,2026,2,February,11,Wednesday,False,Morning
164,PSHI-2026-02-I-133696,2,Abington,02/11/2026 10:56 AM,02/11/2026 08:01 AM,,Assisted clinical staff with agitated patient.,Hershey - Dispatched To: HMC - Main Hospital - 4 > HMC - Main Hospital - 4,2026-02-18 21:43:32,2026-02-11,2026,2,February,10,Wednesday,False,Morning
165,PSHI-2026-02-I-133695,2,Abington,02/11/2026 10:53 AM,02/11/2026 08:40 AM,,Theft of items.,Hershey - Dispatched To: COM - Basic Science - 7 > COM - Basic Science - 7,2026-02-18 21:43:32,2026-02-11,2026,2,February,10,Wednesday,False,Morning
166,2026-00001870,2,Abington,02/11/2026 10:22 AM,02/11/2026 10:22 AM,,Student reported the loss or theft of their unsecured personal property,HIESTER HALL,2026-02-18 21:43:32,2026-02-11,2026,2,February,10,Wednesday,False,Morning
167,2026-00001867,2,Abington,02/11/2026 09:50 AM,02/05/2026 05:00 AM,02/11/2026 09:50 AM,Employee reported the loss of their unsecured personal property,INTRAMURAL BLDG,2026-02-18 21:43:32,2026-02-11,2026,2,February,9,Wednesday,False,Morning
168,PSHI-2026-02-I-133691,2,Abington,02/11/2026 09:35 AM,02/11/2026 09:20 AM,,Assisted clinical staff with agitated patient.,Hershey - Dispatched To: HMC - Children's Hospital > HMC - Children's Hospital,2026-02-18 21:43:32,2026-02-11,2026,2,February,9,Wednesday,False,Morning
169,2026-00001864,2,Abington,02/11/2026 09:13 AM,02/11/2026 09:13 AM,02/11/2026 09:32 AM,Assisted the fire department with a reported fire alarm,MINUTEMAN LN,2026-02-18 21:43:32,2026-02-11,2026,2,February,9,Wednesday,False,Morning
170,26BKtemp0001,4,Beaver,02/11/2026 09:02 AM,02/11/2026 09:02 AM,,Employee reported parking concern,FACULTY STAFF VISITOR LOT B1- BERKS,2026-02-18 21:43:32,2026-02-11,2026,2,February,9,Wednesday,False,Morning
171,2026-00001862,2,Abington,02/11/2026 08:30 AM,02/11/2026 08:13 AM,02/11/2026 08:48 AM,Employee reported a two vehicle crash with no injury,SHORTLIDGE RD & EISENHOWER RD,2026-02-18 21:43:32,2026-02-11,2026,2,February,8,Wednesday,False,Morning
172,PSHI-2026-02-I-133686,2,Abington,02/11/2026 04:17 AM,02/10/2026 10:59 PM,,Visitor match to the sex offender registry.,Hershey - Dispatched To: HMC - Children's Hospital > HMC - Children's Hospital,2026-02-18 21:43:32,2026-02-11,2026,2,February,4,Wednesday,False,Late Night
173,PSHI-2026-02-I-133685,2,Abington,02/11/2026 04:12 AM,,,Team de-escalation for agitated patient.,Hershey - Dispatched To: HMC - Emergency Department > HMC - Emergency Department,2026-02-18 21:43:32,2026-02-11,2026,2,February,4,Wednesday,False,Late Night
174,PSHI-2026-02-I-133684,2,Abington,02/11/2026 04:08 AM,02/10/2026 11:15 PM,,Vetted visitor through lobby management software.,Hershey - Dispatched To: HMC - Main Hospital - 1 - Main Information Desk > HMC - Main Hospital - 1 - Main Information Desk,2026-02-18 21:43:32,2026-02-11,2026,2,February,4,Wednesday,False,Late Night
175,PSHI-2026-02-I-133679,2,Abington,02/11/2026 12:58 AM,02/11/2026 12:13 AM,,Victim of violence receiving treatment.,Hershey - Dispatched To: HMC - Emergency Department > HMC - Emergency Department,2026-02-18 21:43:32,2026-02-11,2026,2,February,0,Wednesday,False,Late Night
176,PSHI-2026-02-I-133678,2,Abington,02/11/2026 12:55 AM,02/10/2026 07:51 AM,,Assisted clinical staff with agitated patient.,Hershey - Dispatched To: HMC - Main Hospital > HMC - Main Hospital,2026-02-18 21:43:32,2026-02-11,2026,2,February,0,Wednesday,False,Late Night
177,PSHI-2026-02-I-133677,2,Abington,02/11/2026 12:17 AM,02/10/2026 11:25 PM,,Assisted clinical staff with agitated patient.,Hershey - Dispatched To: HMC - Main Hospital > HMC - Main Hospital,2026-02-18 21:43:32,2026-02-11,2026,2,February,0,Wednesday,False,Late Night
178,26AL00070,3,Altoona,02/10/2026 11:43 PM,02/10/2026 11:23 PM,02/10/2026 11:33 PM,Student reported a suspicious odor,CEDAR HALL,2026-02-18 21:43:32,2026-02-10,2026,2,February,23,Tuesday,False,Late Night
179,26ER00046,5,Erie (Behrend),02/10/2026 10:45 PM,02/10/2026 10:45 PM,,Student reported the theft of University property,NIAGARA HALL,2026-02-18 21:43:32,2026-02-10,2026,2,February,22,Tuesday,False,Late Night
180,26HB00068,13,Harrisburg,02/10/2026 09:30 PM,02/10/2026 09:30 PM,02/10/2026 09:40 PM,Student requested assistance with a personal matter,OLMSTED BUILDING,2026-02-18 21:43:32,2026-02-10,2026,2,February,21,Tuesday,False,Evening
181,26UP00696,1,University Park,02/10/2026 07:07 PM,02/10/2026 07:07 PM,02/10/2026 07:25 PM,Student reported suspicious activity,PATTERSON HALL,2026-02-18 21:43:32,2026-02-10,2026,2,February,19,Tuesday,False,Evening
182,26UP00695,1,University Park,02/10/2026 06:42 PM,02/10/2026 06:42 PM,02/10/2026 07:15 PM,Employee reported a University policy violation,WILLARD BLDG,2026-02-18 21:43:32,2026-02-10,2026,2,February,18,Tuesday,False,Evening
183,26UP00693,1,University Park,02/10/2026 04:25 PM,02/10/2026 04:25 PM,02/10/2026 05:00 PM,Student reported suspicious person,NITTANY PARKING,2026-02-18 21:43:32,2026-02-10,2026,2,February,16,Tuesday,False,Afternoon
184,26AB00054,2,Abington,02/10/2026 03:56 PM,02/10/2026 02:45 PM,02/10/2026 03:05 PM,Student reported the loss or theft of their unattended personal property,WOODLAND BUILDING,2026-02-18 21:43:32,2026-02-10,2026,2,February,15,Tuesday,False,Afternoon
185,PSHI-2026-02-I-133660,2,Abington,02/10/2026 03:45 PM,02/10/2026 03:52 PM,,Cashiers office escort.,Hershey - Dispatched To: HMC - Main Hospital - 1 - Cashier's Office > HMC - Main Hospital - 1 - Cashier's Office,2026-02-18 21:43:32,2026-02-10,2026,2,February,15,Tuesday,False,Afternoon
186,PSHI-2026-02-I-133659,2,Abington,02/10/2026 03:37 PM,02/10/2026 02:00 PM,,Provider received scam DEA call.,Hershey - Dispatched To: HMC - Main Hospital - 1 - Security Operations Center > HMC - Main Hospital - 1 - Security Operations Center,2026-02-18 21:43:32,2026-02-10,2026,2,February,15,Tuesday,False,Afternoon
187,26UP00691,1,University Park,02/10/2026 02:33 PM,02/10/2026 02:33 PM,02/10/2026 03:21 PM,Employee reported abandoned property,WESTGATE BLDG,2026-02-18 21:43:32,2026-02-10,2026,2,February,14,Tuesday,False,Afternoon
188,PSHI-2026-02-I-133650,2,Abington,02/10/2026 02:18 PM,02/10/2026 02:04 PM,,Visitor fall.,Hershey - Dispatched To: HMC - UPC-1 > HMC - UPC-1,2026-02-18 21:43:32,2026-02-10,2026,2,February,14,Tuesday,False,Afternoon
189,26UP00690,1,University Park,02/10/2026 01:38 PM,02/10/2026 01:38 PM,02/10/2026 02:38 PM,Employee requested assistance with a personal matter,RED A (BUS DEPOT) LOT,2026-02-18 21:43:32,2026-02-10,2026,2,February,13,Tuesday,False,Afternoon
190,26UP00689,1,University Park,02/10/2026 01:36 PM,02/10/2026 01:36 PM,02/10/2026 03:30 PM,Officer conducted a pre-employment background investigation,UNIVERSITY SUPPORT BLDG I,2026-02-18 21:43:32,2026-02-10,2026,2,February,13,Tuesday,False,Afternoon
191,26UP00688,1,University Park,02/10/2026 01:28 PM,02/10/2026 01:28 PM,02/10/2026 01:44 PM,Visitor reported suspicious activity/persons,MILLENNIUM SCIENCE COMPLEX,2026-02-18 21:43:32,2026-02-10,2026,2,February,13,Tuesday,False,Afternoon
192,26UP00687,1,University Park,02/10/2026 12:45 PM,02/10/2026 12:45 PM,02/10/2026 01:15 PM,Student reported the loss of their unattended personal property,AG SCIENCE AND INDUSTRIES,2026-02-18 21:43:32,2026-02-10,2026,2,February,12,Tuesday,False,Afternoon
193,26AB00055,2,Abington,02/10/2026 12:25 PM,02/10/2026 11:54 AM,02/10/2026 11:55 AM,Student reported being harassed,LOT G - ABINGTON,2026-02-18 21:43:32,2026-02-10,2026,2,February,12,Tuesday,False,Afternoon
194,26BK00033,4,Beaver,02/10/2026 12:17 PM,08/01/2025 12:00 AM,02/10/2026 12:55 PM,Received this department's copy of a Protection From Abuse (PFA) order,LUERSSEN SCIENCE BUILDING,2026-02-18 21:43:32,2026-02-10,2026,2,February,12,Tuesday,False,Afternoon
195,26AL00069,3,Altoona,02/10/2026 12:13 PM,02/10/2026 10:05 AM,02/10/2026 12:10 PM,Student reported a hit and run vehicle crash,HAWTHORN LOT - ALTOONA,2026-02-18 21:43:32,2026-02-10,2026,2,February,12,Tuesday,False,Afternoon
196,26UP00686,1,University Park,02/10/2026 12:08 PM,02/10/2026 12:00 PM,02/10/2026 12:08 PM,Employee reported a two vehicle crash with no injuries,YELLOW R AG ADMIN LOT,2026-02-18 21:43:32,2026-02-10,2026,2,February,12,Tuesday,False,Afternoon
197,26BW00031,7,Brandywine,02/10/2026 11:45 AM,02/10/2026 11:45 AM,02/10/2026 11:50 AM,Employee requested assistance with an administrative matter,COMMONS & ATHLETIC CENTER,2026-02-18 21:43:32,2026-02-10,2026,2,February,11,Tuesday,False,Morning
198,26BW00030,7,Brandywine,02/10/2026 10:27 AM,02/10/2026 06:37 AM,02/10/2026 06:38 AM,Employee reported accidental damage to University property,MAIN BUILDING,2026-02-18 21:43:32,2026-02-10,2026,2,February,10,Tuesday,False,Morning
199,PSHI-2026-02-I-133646,2,Abington,02/10/2026 10:22 AM,02/10/2026 10:02 AM,,Assisted clinical staff with complex social issue involving patient.,Hershey - Dispatched To: HMC - Children's Hospital > HMC - Children's Hospital,2026-02-18 21:43:32,2026-02-10,2026,2,February,10,Tuesday,False,Morning
200,PSHI-2026-02-I-133643,2,Abington,02/10/2026 08:20 AM,02/10/2026 08:17 AM,,Medical marijuana safekeeping.,Hershey - Dispatched To: HMC - Children's Hospital - 3 > HMC - Children's Hospital - 3,2026-02-18 21:43:32,2026-02-10,2026,2,February,8,Tuesday,False,Morning
201,PSHI-2026-02-I-133638,2,Abington,02/10/2026 02:30 AM,02/10/2026 01:38 AM,,Visitor mismatch to the sex offender registry.,Hershey - Dispatched To: HMC - Children's Hospital > HMC - Children's Hospital,2026-02-18 21:43:32,2026-02-10,2026,2,February,2,Tuesday,False,Late Night
202,PSHI-2026-02-I-133635,2,Abington,02/10/2026 12:34 AM,02/09/2026 10:30 PM,,Assisted clinical staff with agitated patient.,Hershey - Dispatched To: HMC - Children's Hospital - 5 > HMC - Children's Hospital - 5,2026-02-18 21:43:32,2026-02-10,2026,2,February,0,Tuesday,False,Late Night
203,PSHI-2026-02-I-133634,2,Abington,02/10/2026 12:30 AM,,,Received court documents.,Hershey - Dispatched To: HMC - Children's Hospital - 7 - Labor and Delivery  > HMC - Children's Hospital - 7 - Labor and Delivery,2026-02-18 21:43:32,2026-02-10,2026,2,February,0,Tuesday,False,Late Night
204,PSHI-2026-02-I-133633,2,Abington,02/09/2026 11:47 PM,,,Assisted with unlocked door.,Hershey - Dispatched To: HMC - UPC-1 > HMC - UPC-1,2026-02-18 21:43:32,2026-02-09,2026,2,February,23,Monday,False,Late Night
205,26BK00032,4,Beaver,02/09/2026 11:24 PM,02/09/2026 11:07 PM,02/10/2026 12:30 AM,Students reported being harassed,POPLAR HALL,2026-02-18 21:43:32,2026-02-09,2026,2,February,23,Monday,False,Late Night
206,26UP00685,1,University Park,02/09/2026 09:50 PM,02/09/2026 09:50 PM,02/10/2026 12:38 AM,Assisted the fire department with a reported fire,SHULZE HALL,2026-02-18 21:43:32,2026-02-09,2026,2,February,21,Monday,False,Evening
207,26AB00053,2,Abington,02/09/2026 09:15 PM,02/09/2026 09:00 PM,02/09/2026 09:40 PM,Employee reported a fire alarm activation,LIONS GATE AT PENN STATE ABINGTON,2026-02-18 21:43:32,2026-02-09,2026,2,February,21,Monday,False,Evening
208,PSHI-2026-02-I-133624,2,Abington,02/09/2026 08:31 PM,02/09/2026 06:14 PM,,Assisted staff with employee problem.,Hershey - Dispatched To: HMC - Children's Hospital > HMC - Children's Hospital,2026-02-18 21:43:32,2026-02-09,2026,2,February,20,Monday,False,Evening
209,26BW00029,7,Brandywine,02/09/2026 07:35 PM,02/09/2026 07:27 PM,02/09/2026 08:02 PM,Student reported being harassed,EDWARD S J TOMEZSKO CLASSROOM BUILDING,2026-02-18 21:43:32,2026-02-09,2026,2,February,19,Monday,False,Evening
210,PSHI-2026-02-I-133616,2,Abington,02/09/2026 05:16 PM,02/09/2026 05:00 PM,,Court order received.,Hershey - Dispatched To: HMC - Main Hospital - 1 - Security Operations Center > HMC - Main Hospital - 1 - Security Operations Center,2026-02-18 21:43:32,2026-02-09,2026,2,February,17,Monday,False,Afternoon
211,26YK00006,23,York,02/09/2026 05:12 PM,09/14/2025 12:00 AM,,Employee reported a student was indecently assaulted by a known person at a University sponsored location,HESHEYPARK DR,2026-02-18 21:43:32,2026-02-09,2026,2,February,17,Monday,False,Afternoon
212,26UP00682,1,University Park,02/09/2026 04:43 PM,01/12/2026 12:00 AM,01/29/2026 12:00 AM,Employee reported being harassed,BOUCKE BLDG,2026-02-18 21:43:32,2026-02-09,2026,2,February,16,Monday,False,Afternoon
213,26HB00067,13,Harrisburg,02/09/2026 04:28 PM,02/09/2026 04:28 PM,02/09/2026 05:00 PM,Assisted the ambulance with a medical emergency,FALCON HALL,2026-02-18 21:43:32,2026-02-09,2026,2,February,16,Monday,False,Afternoon
214,PSHI-2026-02-I-133615,2,Abington,02/09/2026 04:24 PM,02/09/2026 04:10 PM,,Safe keeping of medical marijuana.,Hershey - Dispatched To: HMC - Children's Hospital - 3 > HMC - Children's Hospital - 3,2026-02-18 21:43:32,2026-02-09,2026,2,February,16,Monday,False,Afternoon
215,26BK00031,4,Beaver,02/09/2026 04:20 PM,02/09/2026 03:00 PM,02/09/2026 03:30 PM,Student requested assistance with a personal matter,GREENWICH ST,2026-02-18 21:43:32,2026-02-09,2026,2,February,16,Monday,False,Afternoon
216,26UP00683,1,University Park,02/09/2026 04:19 PM,02/05/2025 04:15 PM,02/09/2026 04:19 PM,Student reported the loss or theft of their unattended personal property,WHITE BLDG,2026-02-18 21:43:32,2026-02-09,2026,2,February,16,Monday,False,Afternoon
217,26UP00680,1,University Park,02/09/2026 03:55 PM,02/04/2026 03:55 PM,02/05/2026 02:00 PM,Employee reported a concern for a student,UNIVERSITY SUPPORT BLDG I,2026-02-18 21:43:32,2026-02-09,2026,2,February,15,Monday,False,Afternoon
218,26UP00678,1,University Park,02/09/2026 03:36 PM,02/08/2026 03:26 AM,02/08/2026 04:17 AM,Visitor reported disorderly persons,BEAVER HALL,2026-02-18 21:43:32,2026-02-09,2026,2,February,15,Monday,False,Afternoon
219,26UP00679,1,University Park,02/09/2026 02:56 PM,02/07/2026 04:47 PM,02/09/2026 02:56 PM,Visitor reported a hit and run vehicle crash,EAST PARKING DECK,2026-02-18 21:43:32,2026-02-09,2026,2,February,14,Monday,False,Afternoon
220,PSHI-2026-02-I-133607,2,Abington,02/09/2026 02:32 PM,02/06/2026 02:00 PM,,Assisted clinical staff with agitated patient.,"Hershey - Reported Location: HMC Off-Site - PSCMG - Mechanicsburg - 335 Lambs Gap Rd, Mechanicsburg PA 17050 - PSCMG",2026-02-18 21:43:32,2026-02-09,2026,2,February,14,Monday,False,Afternoon
221,PSHI-2026-02-I-133606,2,Abington,02/09/2026 02:24 PM,02/09/2026 02:05 PM,,Team de-escalation plan for agitated patient.,Hershey - Dispatched To: HMC - Emergency Department > HMC - Emergency Department,2026-02-18 21:43:32,2026-02-09,2026,2,February,14,Monday,False,Afternoon
222,26BW00028,7,Brandywine,02/09/2026 02:09 PM,02/02/2026 12:00 AM,02/09/2026 02:12 PM,Employee reported the theft of University property,VAIRO LIBRARY,2026-02-18 21:43:32,2026-02-09,2026,2,February,14,Monday,False,Afternoon
223,PSHI-2026-02-I-133602,2,Abington,02/09/2026 02:03 PM,02/06/2026 02:01 PM,,,Hershey - Reported Location: HMC - Parking Lot - Lot M2,2026-02-18 21:43:32,2026-02-09,2026,2,February,14,Monday,False,Afternoon
224,26UP00677,1,University Park,02/09/2026 01:46 PM,02/09/2026 10:55 AM,02/09/2026 03:00 PM,Student reported a hit and run vehicle crash,HUB PARKING DECK,2026-02-18 21:43:32,2026-02-09,2026,2,February,13,Monday,False,Afternoon
225,26BW00027,7,Brandywine,02/09/2026 01:06 PM,02/09/2026 01:06 PM,02/09/2026 01:15 PM,Student reported suspicious activity,MAIN BUILDING LOT - BRANDYWINE,2026-02-18 21:43:32,2026-02-09,2026,2,February,13,Monday,False,Afternoon
226,26HB00065,13,Harrisburg,02/09/2026 11:42 AM,02/09/2026 11:42 AM,02/09/2026 12:15 PM,Student reported a two vehicle crash with no injuries,LOWER OLMSTED WEST LOT - HARRISBURG,2026-02-18 21:43:32,2026-02-09,2026,2,February,11,Monday,False,Morning
227,PSHI-2026-02-I-133592,2,Abington,02/09/2026 11:00 AM,02/09/2026 10:33 AM,,Received court documents.,Hershey - Dispatched To: HMC - Children's Hospital > HMC - Children's Hospital,2026-02-18 21:43:32,2026-02-09,2026,2,February,11,Monday,False,Morning
228,26BW00026,7,Brandywine,02/09/2026 09:52 AM,02/09/2026 09:52 AM,02/09/2026 10:19 AM,Visitor  reported a one vehicle crash with no injuries,CAMPUS DR & N MIDDLETOWN RD,2026-02-18 21:43:32,2026-02-09,2026,2,February,9,Monday,False,Morning
229,26UP00674,1,University Park,02/09/2026 09:37 AM,02/07/2026 12:00 AM,02/09/2026 09:37 AM,Assisted an outside law enforcement agency with an investigation,OFF CAMPUS FRATERNITY,2026-02-18 21:43:32,2026-02-09,2026,2,February,9,Monday,False,Morning
230,PSHI-2026-02-I-133589,2,Abington,02/09/2026 09:27 AM,02/09/2026 09:04 AM,,Assisted staff with employee problem.,Hershey - Dispatched To: HMC - Main Hospital - 1 > HMC - Main Hospital - 1,2026-02-18 21:43:32,2026-02-09,2026,2,February,9,Monday,False,Morning
231,26AB00052,2,Abington,02/09/2026 05:53 AM,02/09/2026 05:32 AM,02/09/2026 05:34 AM,Assisted an outside law enforcement agency with an investigation,ROBERTS AVE & WELDON AVE,2026-02-18 21:43:32,2026-02-09,2026,2,February,5,Monday,False,Late Night
232,26HB00064,13,Harrisburg,02/09/2026 04:00 AM,02/09/2026 03:57 AM,02/09/2026 04:10 AM,Employee reported a fire alarm activation,CONOY HOUSE,2026-02-18 21:43:32,2026-02-09,2026,2,February,4,Monday,False,Late Night
233,PSHI-2026-02-I-133581,2,Abington,02/09/2026 03:48 AM,02/09/2026 03:31 AM,,Assisted LE with access to patient.,Hershey - Dispatched To: HMC - Emergency Department > HMC - Emergency Department,2026-02-18 21:43:32,2026-02-09,2026,2,February,3,Monday,False,Late Night
234,26UP00673,1,University Park,02/09/2026 03:47 AM,02/09/2026 03:47 AM,02/09/2026 04:40 AM,Visitor reported a traffic concern regarding a vehicle,FOX HOLLOW RD & E PARK AVE,2026-02-18 21:43:32,2026-02-09,2026,2,February,3,Monday,False,Late Night
235,PSHI-2026-02-I-133580,2,Abington,02/09/2026 03:25 AM,02/08/2026 10:36 PM,,Team de-escalation for agitated patient.,Hershey - Dispatched To: HMC - Main Hospital > HMC - Main Hospital,2026-02-18 21:43:32,2026-02-09,2026,2,February,3,Monday,False,Late Night
236,PSHI-2026-02-I-133578,2,Abington,02/09/2026 01:44 AM,02/09/2026 12:46 AM,,Assisted clinical staff with agitated patient.,Hershey - Dispatched To: HMC - Main Hospital > HMC - Main Hospital,2026-02-18 21:43:32,2026-02-09,2026,2,February,1,Monday,False,Late Night
237,PSHI-2026-02-I-133577,2,Abington,02/09/2026 01:07 AM,02/09/2026 12:46 AM,,Report made in error.,Hershey - Dispatched To: HMC - Main Hospital - 6 - Acute Care > HMC - Main Hospital - 6 - Acute Care,2026-02-18 21:43:32,2026-02-09,2026,2,February,1,Monday,False,Late Night
238,PSHI-2026-02-I-133576,2,Abington,02/09/2026 12:17 AM,02/08/2026 11:00 PM,,Assisted LE with access to patient.,Hershey - Dispatched To: HMC - Main Hospital > HMC - Main Hospital,2026-02-18 21:43:32,2026-02-09,2026,2,February,0,Monday,False,Late Night
239,PSHI-2026-02-I-133575,2,Abington,02/08/2026 11:50 PM,02/09/2026 11:09 PM,,Patient threatened staff member.,Hershey - Dispatched To: HMC - Main Hospital - 4 - Acute Care > HMC - Main Hospital - 4 - Acute Care,2026-02-18 21:43:32,2026-02-08,2026,2,February,23,Sunday,True,Late Night
240,PSHI-2026-02-I-133574,2,Abington,02/08/2026 11:49 PM,,,Assisted LE with access to patient.,Hershey - Dispatched To: HMC - Main Hospital - 6 - MIMCU > HMC - Main Hospital - 6 - MIMCU,2026-02-18 21:43:32,2026-02-08,2026,2,February,23,Sunday,True,Late Night
241,26SL00015,19,Schuylkill,02/08/2026 11:28 PM,02/08/2026 11:28 PM,02/08/2026 11:49 PM,Student requested assistance with a civil matter,NITTANY APARTMENTS III,2026-02-18 21:43:32,2026-02-08,2026,2,February,23,Sunday,True,Late Night
242,PSHI-2026-02-I-133573,2,Abington,02/08/2026 10:44 PM,02/08/2026 06:04 PM,,Assisted clinical staff with agitated patient.,Hershey - Dispatched To: HMC - Main Hospital - 6 - Medicine > HMC - Main Hospital - 6 - Medicine,2026-02-18 21:43:32,2026-02-08,2026,2,February,22,Sunday,True,Late Night
243,PSHI-2026-02-I-133571,2,Abington,02/08/2026 10:23 PM,02/08/2026 08:08 PM,,Assisted clinical staff with agitated patient.,Hershey - Dispatched To: HMC - Main Hospital - 4 - Acute Care > HMC - Main Hospital - 4 - Acute Care,2026-02-18 21:43:32,2026-02-08,2026,2,February,22,Sunday,True,Late Night
244,PSHI-2026-02-I-133570,2,Abington,02/08/2026 10:06 PM,02/08/2026 09:22 PM,,Assisted staff with a visitor issue.,Hershey - Dispatched To: HMC - Main Hospital > HMC - Main Hospital,2026-02-18 21:43:32,2026-02-08,2026,2,February,22,Sunday,True,Late Night
245,26HB00063,13,Harrisburg,02/08/2026 10:00 PM,02/08/2026 10:00 PM,02/08/2026 10:30 PM,Student reported being harassed,UNKNOWN LOCATION,2026-02-18 21:43:32,2026-02-08,2026,2,February,22,Sunday,True,Late Night
246,26UP00672,1,University Park,02/08/2026 09:22 PM,02/08/2026 09:22 PM,02/08/2026 11:03 PM,Assisted the fire department with a reported fire alarm activation,PALLADINO HALL,2026-02-18 21:43:32,2026-02-08,2026,2,February,21,Sunday,True,Evening
247,PSHI-2026-02-I-133567,2,Abington,02/08/2026 05:45 PM,02/08/2026 05:30 PM,,Assisted clinical staff with agitated patient.,Hershey - Dispatched To: HMC - Main Hospital - 6 - Medicine > HMC - Main Hospital - 6 - Medicine,2026-02-18 21:43:32,2026-02-08,2026,2,February,17,Sunday,True,Afternoon
248,PSHI-2026-02-I-133565,2,Abington,02/08/2026 04:49 PM,02/08/2026 03:50 PM,,Assisted staff with video policy enforcement.,Hershey - Dispatched To: HMC - Emergency Department > HMC - Emergency Department,2026-02-18 21:43:32,2026-02-08,2026,2,February,16,Sunday,True,Afternoon
249,26AB00051,2,Abington,02/08/2026 03:49 PM,02/08/2026 03:49 PM,02/08/2026 04:15 PM,Employee reported a fire alarm activation,LIONS GATE AT PENN STATE ABINGTON,2026-02-18 21:43:32,2026-02-08,2026,2,February,15,Sunday,True,Afternoon
250,26BR00007,6,Berks,02/08/2026 03:19 PM,02/08/2026 03:19 PM,,Visitor reported suspicious activity,UNIVERSITY DR,2026-02-18 21:43:32,2026-02-08,2026,2,February,15,Sunday,True,Afternoon
251,PSHI-2026-02-I-133563,2,Abington,02/08/2026 03:17 PM,02/08/2026 02:12 PM,,Assisted staff with employee problem.,Hershey - Dispatched To: HMC - Main Hospital - 1 - HVICCU > HMC - Main Hospital - 1 - HVICCU,2026-02-18 21:43:32,2026-02-08,2026,2,February,15,Sunday,True,Afternoon
252,26BK00030,4,Beaver,02/08/2026 11:48 AM,02/08/2026 11:45 AM,02/08/2026 12:04 PM,Assisted an outside law enforcement agency with an investigation,PAPERMILL RD,2026-02-18 21:43:32,2026-02-08,2026,2,February,11,Sunday,True,Morning
253,26HB00062,13,Harrisburg,02/08/2026 11:20 AM,02/08/2026 11:20 AM,02/09/2026 11:40 AM,Student reported a concern for another student,OLMSTED BUILDING,2026-02-18 21:43:32,2026-02-08,2026,2,February,11,Sunday,True,Morning
254,26HN00009,15,Hershey,02/08/2026 09:35 AM,02/08/2026 09:35 AM,,Employee reported a fire alarm activation,DINING HALL,2026-02-18 21:43:32,2026-02-08,2026,2,February,9,Sunday,True,Morning
255,26UP00670,1,University Park,02/08/2026 07:06 AM,02/08/2026 05:06 AM,02/08/2026 07:06 AM,Underage visitor observed highly intoxicated and transported to the hospital,HALLER HALL,2026-02-18 21:43:32,2026-02-08,2026,2,February,7,Sunday,True,Morning
256,26UP00669,1,University Park,02/08/2026 02:50 AM,02/08/2026 02:50 AM,02/08/2026 03:55 AM,Underage student observed highly intoxicated,HIESTER HALL,2026-02-18 21:43:32,2026-02-08,2026,2,February,2,Sunday,True,Late Night
257,26UP00667,1,University Park,02/08/2026 02:32 AM,02/08/2026 02:32 AM,02/08/2026 03:00 AM,Underage student observed highly intoxicated,PENNYPACKER HALL,2026-02-18 21:43:32,2026-02-08,2026,2,February,2,Sunday,True,Late Night
258,PSHI-2026-02-I-133554,2,Abington,02/08/2026 02:26 AM,02/07/2026 06:40 PM,,Assisted clinical staff with agitated patient.,Hershey - Dispatched To: HMC - Main Hospital - 6 - Acute Care > HMC - Main Hospital - 6 - Acute Care,2026-02-18 21:43:32,2026-02-08,2026,2,February,2,Sunday,True,Late Night
259,PSHI-2026-02-I-133555,2,Abington,02/08/2026 02:26 AM,02/07/2026 08:52 PM,,Assisted clinical staff with agitated patient.,Hershey - Dispatched To: HMC - Main Hospital - 4 - Neuro > HMC - Main Hospital - 4 - Neuro,2026-02-18 21:43:32,2026-02-08,2026,2,February,2,Sunday,True,Late Night
260,26UP00671,1,University Park,02/08/2026 01:21 AM,02/08/2026 01:21 AM,02/08/2026 01:50 AM,Student reported a concern for another student,PINCHOT HALL,2026-02-18 21:43:32,2026-02-08,2026,2,February,1,Sunday,True,Late Night
261,26UP00666,1,University Park,02/08/2026 12:52 AM,02/08/2026 12:52 AM,02/08/2026 01:15 AM,Resident Assistant reported the odor of marijuana,STONE HALL,2026-02-18 21:43:32,2026-02-08,2026,2,February,0,Sunday,True,Late Night
262,PSHI-2026-02-I-133553,2,Abington,02/08/2026 12:32 AM,02/07/2026 09:36 AM,,Assisted clinical staff with agitated patient.,Hershey - Dispatched To: HMC - Main Hospital > HMC - Main Hospital,2026-02-18 21:43:32,2026-02-08,2026,2,February,0,Sunday,True,Late Night
263,26ER00045,5,Erie (Behrend),02/08/2026 12:28 AM,02/08/2026 12:28 AM,02/08/2026 01:00 AM,Assisted Residence Life staff with a University policy violation,ELLIOTT HALL,2026-02-18 21:43:32,2026-02-08,2026,2,February,0,Sunday,True,Late Night
264,26UP00664,1,University Park,02/07/2026 11:59 PM,02/07/2026 09:00 PM,02/08/2026 09:15 PM,Visitor observed highly intoxicated,BRYCE JORDAN CENTER,2026-02-18 21:43:32,2026-02-07,2026,2,February,23,Saturday,True,Late Night
265,26UP00665,1,University Park,02/07/2026 11:55 PM,02/07/2026 10:30 PM,02/08/2026 11:00 PM,Employee reported the theft of their unattended personal property,BRYCE JORDAN CENTER,2026-02-18 21:43:32,2026-02-07,2026,2,February,23,Saturday,True,Late Night
266,26UP00663,1,University Park,02/07/2026 11:49 PM,02/07/2026 10:30 PM,02/07/2026 11:44 PM,Visitor reported being harassed,BRYCE JORDAN CENTER,2026-02-18 21:43:32,2026-02-07,2026,2,February,23,Saturday,True,Late Night
267,26UP00662,1,University Park,02/07/2026 11:35 PM,02/07/2026 11:35 PM,02/08/2026 12:05 AM,Visitor reported a two vehicle crash with no injuries,COMMUTER JORDAN EAST 1 LOT,2026-02-18 21:43:32,2026-02-07,2026,2,February,23,Saturday,True,Late Night
268,PSHI-2026-02-I-133550,2,Abington,02/07/2026 11:28 PM,02/07/2026 10:03 PM,,Rolling domestic assault on campus.,Hershey - Dispatched To: HMC - Emergency Department > HMC - Emergency Department,2026-02-18 21:43:32,2026-02-07,2026,2,February,23,Saturday,True,Late Night
269,PSHI-2026-02-I-133545,2,Abington,02/07/2026 10:01 PM,02/07/2026 06:50 PM,,Assisted clinical staff with agitated patient.,Hershey - Dispatched To: HMC - Main Hospital > HMC - Main Hospital,2026-02-18 21:43:32,2026-02-07,2026,2,February,22,Saturday,True,Late Night
270,26UP00658,1,University Park,02/07/2026 10:00 PM,02/07/2026 10:00 PM,02/07/2026 10:35 PM,Visitor reported a concern for another person,BRYCE JORDAN CENTER,2026-02-18 21:43:32,2026-02-07,2026,2,February,22,Saturday,True,Late Night
271,26UP00655,1,University Park,02/07/2026 09:30 PM,02/07/2026 09:20 PM,02/07/2026 09:35 PM,Visitor observed highly intoxicated,BRYCE JORDAN CENTER,2026-02-18 21:43:32,2026-02-07,2026,2,February,21,Saturday,True,Evening
272,26UP00656,1,University Park,02/07/2026 09:29 PM,02/07/2026 09:29 PM,02/07/2026 11:15 PM,Assisted the fire department with a reported fire alarm activation,LUBERT BLDG,2026-02-18 21:43:32,2026-02-07,2026,2,February,21,Saturday,True,Evening
273,26UP00654,1,University Park,02/07/2026 09:29 PM,02/07/2026 03:00 PM,02/07/2026 09:00 PM,Assisted an outside law enforcement agency with an investigation,BRYCE JORDAN CENTER,2026-02-18 21:43:32,2026-02-07,2026,2,February,21,Saturday,True,Evening
274,26UP00657,1,University Park,02/07/2026 09:06 PM,02/07/2026 09:06 PM,02/07/2026 10:20 PM,Visitor observed highly intoxicated and transported to the hospital,BRYCE JORDAN CENTER,2026-02-18 21:43:32,2026-02-07,2026,2,February,21,Saturday,True,Evening
275,26UP00653,1,University Park,02/07/2026 08:56 PM,02/07/2026 12:00 PM,02/07/2026 08:30 PM,Visitor reported a hit and run vehicle crash,HUB PARKING DECK,2026-02-18 21:43:32,2026-02-07,2026,2,February,20,Saturday,True,Evening
276,26UP00652,1,University Park,02/07/2026 08:47 PM,02/07/2026 08:35 PM,02/07/2026 08:57 PM,Underage visitor observed highly intoxicated and transported to the hospital,BRYCE JORDAN CENTER,2026-02-18 21:43:32,2026-02-07,2026,2,February,20,Saturday,True,Evening
277,26BW00025,7,Brandywine,02/07/2026 08:35 PM,02/07/2026 08:35 PM,02/07/2026 08:42 PM,Student reported a fire alarm activation,ORCHARD HALL,2026-02-18 21:43:32,2026-02-07,2026,2,February,20,Saturday,True,Evening
278,PSHI-2026-02-I-133543,2,Abington,02/07/2026 07:04 PM,02/07/2026 06:38 PM,,Victim of violence receiving treatment.,Hershey - Dispatched To: HMC - Emergency Department > HMC - Emergency Department,2026-02-18 21:43:32,2026-02-07,2026,2,February,19,Saturday,True,Evening
279,26BR00006,6,Berks,02/07/2026 06:56 PM,02/07/2026 06:55 PM,02/07/2026 07:29 PM,Student reported a suspicious odor,HARMONY HALL,2026-02-18 21:43:32,2026-02-07,2026,2,February,18,Saturday,True,Evening
280,PSHI-2026-02-I-133537,2,Abington,02/07/2026 04:54 PM,02/07/2026 04:07 PM,,Assisted clinical staff with agitated patient.,Hershey - Dispatched To: HMC - Emergency Department > HMC - Emergency Department,2026-02-18 21:43:32,2026-02-07,2026,2,February,16,Saturday,True,Afternoon
281,PSHI-2026-02-I-133535,2,Abington,02/07/2026 04:19 PM,,,,Hershey - Dispatched To: HMC - Main Hospital > HMC - Main Hospital,2026-02-18 21:43:32,2026-02-07,2026,2,February,16,Saturday,True,Afternoon
282,26AB00048,2,Abington,02/07/2026 02:17 PM,02/07/2026 02:17 PM,02/07/2026 02:59 PM,Employee reported a fire alarm activation,LIONS GATE AT PENN STATE ABINGTON,2026-02-18 21:43:32,2026-02-07,2026,2,February,14,Saturday,True,Afternoon
283,26UP00651,1,University Park,02/07/2026 01:28 PM,02/07/2026 01:28 PM,02/07/2026 02:00 PM,Visitor requested assistance in locating a student,GEARY HALL,2026-02-18 21:43:32,2026-02-07,2026,2,February,13,Saturday,True,Afternoon
284,26UP00650,1,University Park,02/07/2026 01:25 PM,02/07/2026 01:25 PM,02/07/2026 02:04 PM,Employee reported a one vehicle crash with no injuries,EAST PARKING DECK,2026-02-18 21:43:32,2026-02-07,2026,2,February,13,Saturday,True,Afternoon
285,26UP00649,1,University Park,02/07/2026 12:27 PM,02/06/2026 02:45 PM,02/06/2026 03:10 PM,Student requested assistance with a personal matter,MCALLISTER BLDG,2026-02-18 21:43:32,2026-02-07,2026,2,February,12,Saturday,True,Afternoon
286,PSHI-2026-02-I-133521,2,Abington,02/07/2026 09:30 AM,02/07/2026 05:41 AM,,Assisted clinical staff with actively eloping patient.,Hershey - Dispatched To: HMC - Main Hospital > HMC - Main Hospital,2026-02-18 21:43:32,2026-02-07,2026,2,February,9,Saturday,True,Morning
287,26AB00047,2,Abington,02/07/2026 05:48 AM,02/07/2026 03:00 AM,02/07/2026 06:40 AM,Student reported disorderly persons,LIONS GATE AT PENN STATE ABINGTON,2026-02-18 21:43:32,2026-02-07,2026,2,February,5,Saturday,True,Late Night
288,26UP00648,1,University Park,02/07/2026 04:45 AM,02/07/2026 04:45 AM,02/07/2026 05:25 AM,Underage student observed highly intoxicated and transported to the hospital,ROBINSON HALL,2026-02-18 21:43:32,2026-02-07,2026,2,February,4,Saturday,True,Late Night
289,26UP00647,1,University Park,02/07/2026 04:45 AM,02/07/2026 04:45 AM,02/07/2026 06:03 AM,A vehicle stop investigation revealed the operator to be driving under the influence of alcohol,BIGLER RD & EISENHOWER RD,2026-02-18 21:43:32,2026-02-07,2026,2,February,4,Saturday,True,Late Night
290,26UP00646,1,University Park,02/07/2026 03:29 AM,02/07/2026 03:29 AM,02/07/2026 04:01 AM,Student observed highly intoxicated,MCKEAN HALL,2026-02-18 21:43:32,2026-02-07,2026,2,February,3,Saturday,True,Late Night
291,26UP00645,1,University Park,02/07/2026 03:08 AM,02/07/2026 03:08 AM,02/07/2026 03:33 AM,Student observed highly intoxicated and transported to the hospital,HIBBS HALL,2026-02-18 21:43:32,2026-02-07,2026,2,February,3,Saturday,True,Late Night
292,26UP00643,1,University Park,02/07/2026 02:43 AM,02/07/2026 02:43 AM,02/07/2026 05:43 AM,Student reported being physically assaulted by an identified person,SHORTLIDGE RD & POLLOCK RD,2026-02-18 21:43:32,2026-02-07,2026,2,February,2,Saturday,True,Late Night
293,26AL00068,3,Altoona,02/07/2026 02:22 AM,02/07/2026 02:22 AM,02/07/2026 04:22 AM,A vehicle stop investigation revealed the operator to be driving under the influence of alcohol,CEDAR LOT - PCE - ALTOONA,2026-02-18 21:43:32,2026-02-07,2026,2,February,2,Saturday,True,Late Night
294,PSHI-2026-02-I-133519,2,Abington,02/07/2026 02:04 AM,02/06/2026 11:27 PM,,Assisted clinical staff with agitated patient.,Hershey - Dispatched To: HMC - Main Hospital - 5 - Acute Care > HMC - Main Hospital - 5 - Acute Care,2026-02-18 21:43:32,2026-02-07,2026,2,February,2,Saturday,True,Late Night
295,PSHI-2026-02-I-133518,2,Abington,02/07/2026 01:59 AM,02/06/2026 11:19 PM,,Assisted clinical staff with agitated patient.,Hershey - Dispatched To: HMC - Main Hospital - 6 - Acute Care > HMC - Main Hospital - 6 - Acute Care,2026-02-18 21:43:32,2026-02-07,2026,2,February,1,Saturday,True,Late Night
296,26UP00638,1,University Park,02/07/2026 01:26 AM,02/07/2026 01:16 AM,02/07/2026 01:26 AM,Student observed highly intoxicated,MCKEAN HALL,2026-02-18 21:43:32,2026-02-07,2026,2,February,1,Saturday,True,Late Night
297,26UP00684,1,University Park,02/07/2026 01:00 AM,02/09/2026 07:48 PM,02/09/2026 08:53 PM,Received this department's copy of a Protection From Abuse (PFA) order,UNIVERSITY SUPPORT BLDG I,2026-02-18 21:43:32,2026-02-07,2026,2,February,1,Saturday,True,Late Night
298,26UP00637,1,University Park,02/07/2026 12:50 AM,02/07/2026 12:50 AM,02/07/2026 01:11 AM,Student observed highly intoxicated and transported to the hospital,STUART HALL,2026-02-18 21:43:32,2026-02-07,2026,2,February,0,Saturday,True,Late Night
299,26HB00060,13,Harrisburg,02/07/2026 12:30 AM,02/07/2026 12:30 AM,02/07/2026 01:40 AM,Assisted an outside law enforcement agency with an investigation,W MAIN ST & N CATHERINE ST,2026-02-18 21:43:32,2026-02-07,2026,2,February,0,Saturday,True,Late Night
300,PSHI-2026-02-I-133516,2,Abington,02/07/2026 12:12 AM,02/06/2026 10:20 PM,,Assisted clinical staff with a visitor issue.,Hershey - Dispatched To: HMC - Children's Hospital - 4 - PICU > HMC - Children's Hospital - 4 - PICU,2026-02-18 21:43:32,2026-02-07,2026,2,February,0,Saturday,True,Late Night
301,26UP00634,1,University Park,02/06/2026 11:42 PM,02/06/2026 11:42 PM,02/06/2026 11:55 PM,"Resident Assistant reported the odor of marijuana, origin not located",PACKER HALL,2026-02-18 21:43:32,2026-02-06,2026,2,February,23,Friday,False,Late Night
302,26UP00632,1,University Park,02/06/2026 11:36 PM,02/06/2026 11:36 PM,02/07/2026 12:16 AM,Identified occupants in possession of marijuana and drug paraphernalia,RUNKLE HALL,2026-02-18 21:43:32,2026-02-06,2026,2,February,23,Friday,False,Late Night
303,26UP00631,1,University Park,02/06/2026 11:17 PM,02/06/2026 11:17 PM,02/07/2026 11:32 PM,"Resident Assistant reported the odor of marijuana, origin not located",MIFFLIN HALL,2026-02-18 21:43:32,2026-02-06,2026,2,February,23,Friday,False,Late Night
304,26UP00630,1,University Park,02/06/2026 11:08 PM,02/06/2026 10:16 PM,02/06/2026 11:08 PM,Student reported damage to University property,GEARY HALL,2026-02-18 21:43:32,2026-02-06,2026,2,February,23,Friday,False,Late Night
305,26HB00059,13,Harrisburg,02/06/2026 10:01 PM,02/06/2026 09:00 PM,02/06/2026 09:30 PM,"Student reported the odor of marijuana, origin not located",MAHANOY HOUSE,2026-02-18 21:43:32,2026-02-06,2026,2,February,22,Friday,False,Late Night
306,PSHI-2026-02-I-133509,2,Abington,02/06/2026 09:54 PM,02/06/2026 09:47 PM,,Assisted clinical staff with an escort.,Hershey - Dispatched To: HMC - Emergency Department - 1 - ED Obs Unit > HMC - Emergency Department - 1 - ED Obs Unit,2026-02-18 21:43:32,2026-02-06,2026,2,February,21,Friday,False,Evening
307,26UP00625,1,University Park,02/06/2026 09:53 PM,02/06/2026 09:53 PM,02/06/2026 10:39 PM,Student observed highly intoxicated and transported to the hospital,MCKEE HALL,2026-02-18 21:43:32,2026-02-06,2026,2,February,21,Friday,False,Evening
308,26UP00623,1,University Park,02/06/2026 08:29 PM,02/06/2026 08:29 PM,02/06/2026 10:14 PM,Visitor reported a concern for another person,E COLLEGE AVE,2026-02-18 21:43:32,2026-02-06,2026,2,February,20,Friday,False,Evening
309,26UP00619,1,University Park,02/06/2026 06:52 PM,02/05/2026 12:00 AM,02/06/2026 06:52 PM,Assisted an outside law enforcement agency with an investigation,UNIVERSITY SUPPORT BLDG I,2026-02-18 21:43:32,2026-02-06,2026,2,February,18,Friday,False,Evening
310,PSHI-2026-02-I-133506,2,Abington,02/06/2026 05:34 PM,02/06/2026 04:52 PM,,Vendor damaged property.,Hershey - Dispatched To: HMC and COM - Central Plant > HMC and COM - Central Plant,2026-02-18 21:43:32,2026-02-06,2026,2,February,17,Friday,False,Afternoon
311,26UP00615,1,University Park,02/06/2026 05:07 PM,02/06/2026 05:07 PM,02/06/2026 05:40 PM,Employee reported a concern for another student,STUDENT HEALTH CENTER,2026-02-18 21:43:32,2026-02-06,2026,2,February,17,Friday,False,Afternoon
312,26AL00065,3,Altoona,02/06/2026 04:42 PM,02/06/2026 04:19 PM,02/06/2026 04:54 PM,Assisted an outside law enforcement agency with an investigation,E PLEASANT VALLEY BLVD & GRANT ST,2026-02-18 21:43:32,2026-02-06,2026,2,February,16,Friday,False,Afternoon
313,26UP00616,1,University Park,02/06/2026 04:42 PM,02/06/2026 08:00 AM,02/06/2026 04:00 PM,Employee reported being harassed,N BURROWES RD,2026-02-18 21:43:32,2026-02-06,2026,2,February,16,Friday,False,Afternoon
314,PSHI-2026-02-I-133504,2,Abington,02/06/2026 04:21 PM,02/06/2026 03:44 PM,,Assisted clinical staff with a visitor issue.,Hershey - Dispatched To: HMC - Main Hospital - 3 - HVI\HVOC > HMC - Main Hospital - 3 - HVI\HVOC,2026-02-18 21:43:32,2026-02-06,2026,2,February,16,Friday,False,Afternoon
315,26BK00029,4,Beaver,02/06/2026 03:29 PM,02/05/2026 06:00 PM,02/05/2026 07:00 PM,Student reported lost property,PERKINS STUDENT CENTER,2026-02-18 21:43:32,2026-02-06,2026,2,February,15,Friday,False,Afternoon
316,26SL00014,19,Schuylkill,02/06/2026 03:11 PM,02/06/2026 03:11 PM,02/06/2026 03:33 PM,Assisted an outside law enforcement agency with an investigation,E MAIN ST,2026-02-18 21:43:32,2026-02-06,2026,2,February,15,Friday,False,Afternoon
317,26UP00612,1,University Park,02/06/2026 03:05 PM,02/06/2026 03:05 PM,02/06/2026 03:40 PM,Student reported suspicious activity,STUART HALL,2026-02-18 21:43:32,2026-02-06,2026,2,February,15,Friday,False,Afternoon
318,26ER00044,5,Erie (Behrend),02/06/2026 03:03 PM,02/05/2026 12:00 AM,02/05/2026 11:59 PM,Student reported being harassed,REED BUILDING,2026-02-18 21:43:32,2026-02-06,2026,2,February,15,Friday,False,Afternoon
319,PSHI-2026-02-I-133496,2,Abington,02/06/2026 02:26 PM,02/06/2026 01:37 PM,,Assisted clinical staff with agitated patient.,Hershey - Dispatched To: HMC - Emergency Department > HMC - Emergency Department,2026-02-18 21:43:32,2026-02-06,2026,2,February,14,Friday,False,Afternoon
320,26HB00058,13,Harrisburg,02/06/2026 01:53 PM,02/06/2026 01:53 PM,02/06/2026 02:16 PM,"Student reported the odor of marijuana, origin not located",MAHANOY HOUSE,2026-02-18 21:43:32,2026-02-06,2026,2,February,13,Friday,False,Afternoon
321,26AL00064,3,Altoona,02/06/2026 01:34 PM,02/06/2026 01:34 PM,02/06/2026 02:03 PM,Student requested assistance with a personal matter,GRANDVIEW RD,2026-02-18 21:43:32,2026-02-06,2026,2,February,13,Friday,False,Afternoon
322,26UP00611,1,University Park,02/06/2026 01:12 PM,02/06/2026 01:12 PM,02/06/2026 01:52 PM,Student reported a two vehicle crash with no injuries,POWER PLANT,2026-02-18 21:43:32,2026-02-06,2026,2,February,13,Friday,False,Afternoon
323,26UP00610,1,University Park,02/06/2026 01:03 PM,02/06/2026 01:03 PM,02/06/2026 01:41 PM,Assisted the fire department with a reported fire alarm activation,RESEARCH DR,2026-02-18 21:43:32,2026-02-06,2026,2,February,13,Friday,False,Afternoon
324,PSHI-2026-02-I-133491,2,Abington,02/06/2026 12:27 PM,02/05/2026 07:27 PM,,Vendor and visitor issue resolved.,Hershey - Dispatched To: HMC - Children's Hospital > HMC - Children's Hospital,2026-02-18 21:43:32,2026-02-06,2026,2,February,12,Friday,False,Afternoon
325,26HB00057,13,Harrisburg,02/06/2026 11:00 AM,02/06/2026 11:00 AM,02/06/2026 12:51 PM,Assisted a employee with a personal matter,STUDENT ENRICHMENT CENTER,2026-02-18 21:43:32,2026-02-06,2026,2,February,11,Friday,False,Morning
326,26BK00028,4,Beaver,02/06/2026 10:19 AM,02/06/2026 10:19 AM,,Employee reported a parking concern,FACULTY STAFF VISITOR LOT B1 - BERKS,2026-02-18 21:43:32,2026-02-06,2026,2,February,10,Friday,False,Morning
327,26BK00027,4,Beaver,02/06/2026 09:36 AM,02/06/2026 09:36 AM,,Employee reported a parking concern,FACULTY STAFF VISITOR LOT B2 - BERKS,2026-02-18 21:43:32,2026-02-06,2026,2,February,9,Friday,False,Morning
328,PSHI-2026-02-I-133486,2,Abington,02/06/2026 09:23 AM,02/06/2026 09:12 AM,,Assisted clinical staff with agitated patient.,Hershey - Dispatched To: HMC - Emergency Department > HMC - Emergency Department,2026-02-18 21:43:32,2026-02-06,2026,2,February,9,Friday,False,Morning
329,26AB00046,2,Abington,02/06/2026 09:12 AM,02/06/2026 09:00 AM,02/06/2026 09:30 AM,"Employee reported the odor of marijuana, origin not located",LIONS GATE AT PENN STATE ABINGTON,2026-02-18 21:43:32,2026-02-06,2026,2,February,9,Friday,False,Morning
330,26AL00063,3,Altoona,02/06/2026 09:01 AM,02/06/2026 09:10 AM,02/06/2026 09:14 AM,Assisted an outside law enforcement agency with an investigation,BROADWAY & E PENN AVE,2026-02-18 21:43:32,2026-02-06,2026,2,February,9,Friday,False,Morning
331,26UP00609,1,University Park,02/06/2026 07:44 AM,02/06/2026 06:15 AM,,Employee reported a suspicious odor,ORANGE A KATZ LOT,2026-02-18 21:43:32,2026-02-06,2026,2,February,7,Friday,False,Morning
332,26UP00608,1,University Park,02/06/2026 07:38 AM,02/06/2026 07:38 AM,02/06/2026 08:30 AM,Visitor reported a two vehicle crash with no injuries,HOSPITAL DR,2026-02-18 21:43:32,2026-02-06,2026,2,February,7,Friday,False,Morning
333,PSHI-2026-02-I-133481,2,Abington,02/06/2026 05:24 AM,02/06/2026 05:13 AM,,Assisted clinical staff with agitated patient.,Hershey - Dispatched To: HMC - Main Hospital > HMC - Main Hospital,2026-02-18 21:43:32,2026-02-06,2026,2,February,5,Friday,False,Late Night
334,PSHI-2026-02-I-133479,2,Abington,02/06/2026 04:36 AM,02/06/2026 03:50 AM,,Visitor medical emergency.,Hershey - Dispatched To: HMC - Emergency Department > HMC - Emergency Department,2026-02-18 21:43:32,2026-02-06,2026,2,February,4,Friday,False,Late Night
335,26UP00607,1,University Park,02/06/2026 03:51 AM,02/06/2026 03:51 AM,02/06/2026 05:22 AM,Assisted an outside law enforcement agency with an investigation,HETZEL ST,2026-02-18 21:43:32,2026-02-06,2026,2,February,3,Friday,False,Late Night
336,26UP00606,1,University Park,02/06/2026 02:43 AM,02/06/2026 02:43 AM,02/06/2026 03:09 AM,Underage student observed highly intoxicated and transported to the hospital,TENER HALL,2026-02-18 21:43:32,2026-02-06,2026,2,February,2,Friday,False,Late Night
337,PSHI-2026-02-I-133477,2,Abington,02/06/2026 02:09 AM,02/06/2026 12:30 AM,,Assisted Law Enforcement with an intrusion alarm that was set off by cleaning crew.,Hershey - Dispatched To: HMC - 15 Hope Drive - HOSC > HMC - 15 Hope Drive - HOSC,2026-02-18 21:43:32,2026-02-06,2026,2,February,2,Friday,False,Late Night
338,PSHI-2026-02-I-133475,2,Abington,02/06/2026 12:38 AM,02/06/2026 09:54 PM,,Walk of life.,Hershey - Dispatched To: HMC - Children's Hospital - 4 > HMC - Children's Hospital - 4,2026-02-18 21:43:32,2026-02-06,2026,2,February,0,Friday,False,Late Night
339,26UP00602,1,University Park,02/06/2026 12:11 AM,02/06/2026 12:11 AM,02/06/2026 12:30 AM,Student observed highly intoxicated and transported to the hospital,MCELWAIN HALL,2026-02-18 21:43:32,2026-02-06,2026,2,February,0,Friday,False,Late Night
340,PSHI-2026-02-I-133467,2,Abington,02/05/2026 10:38 PM,02/05/2026 09:12 PM,,Visitor mismatch to the sex offender registry.,Hershey - Dispatched To: HMC - Children's Hospital > HMC - Children's Hospital,2026-02-18 21:43:32,2026-02-05,2026,2,February,22,Thursday,False,Late Night
341,PSHI-2026-02-I-133465,2,Abington,02/05/2026 08:51 PM,02/05/2026 06:25 PM,,Safekeeping of Patient Medications.,Hershey - Dispatched To: HMC - Children's Hospital > HMC - Children's Hospital,2026-02-18 21:43:32,2026-02-05,2026,2,February,20,Thursday,False,Evening
342,26HB00055,13,Harrisburg,02/05/2026 08:40 PM,02/05/2026 08:40 PM,02/05/2026 10:45 PM,Employee reported abandoned property,OLMSTED BUILDING,2026-02-18 21:43:32,2026-02-05,2026,2,February,20,Thursday,False,Evening
343,26HN00007,15,Hershey,02/05/2026 07:23 PM,02/04/2026 12:00 PM,02/04/2026 06:15 PM,Student reported being harassed,BUTLER BLDG,2026-02-18 21:43:32,2026-02-05,2026,2,February,19,Thursday,False,Evening
344,26UP00592,1,University Park,02/05/2026 06:21 PM,02/05/2026 06:21 PM,02/05/2026 07:06 PM,Student reported suspicious odor,HOLMES HALL,2026-02-18 21:43:32,2026-02-05,2026,2,February,18,Thursday,False,Evening
345,26UP00591,1,University Park,02/05/2026 06:14 PM,01/10/2026 12:00 AM,02/05/2026 07:38 PM,Student reported the theft of their unsecured / unattended personal property,CHACE HALL,2026-02-18 21:43:32,2026-02-05,2026,2,February,18,Thursday,False,Evening
346,26HN00008,15,Hershey,02/05/2026 06:09 PM,02/05/2026 06:09 PM,02/05/2026 06:15 PM,Employee reported a suspicious odor,KOSTOS BUILDING,2026-02-18 21:43:32,2026-02-05,2026,2,February,18,Thursday,False,Evening
347,26UP00590,1,University Park,02/05/2026 05:54 PM,01/30/2026 12:00 AM,01/31/2026 12:00 AM,Assisted an outside agency with a reported Clery crime at an off campus location,ON CAMPUS PROPERTY,2026-02-18 21:43:32,2026-02-05,2026,2,February,17,Thursday,False,Afternoon
348,26AB00045,2,Abington,02/05/2026 04:55 PM,02/05/2026 04:55 PM,02/05/2026 05:25 PM,Employee reported a fire alarm activation,LIONS GATE AT PENN STATE ABINGTON,2026-02-18 21:43:32,2026-02-05,2026,2,February,16,Thursday,False,Afternoon
349,PSHI-2026-02-I-133459,2,Abington,02/05/2026 04:28 PM,02/05/2026 03:45 PM,,Assisted clinical staff with agitated patient.,Hershey - Dispatched To: HMC - Main Hospital - 2 > HMC - Main Hospital - 2,2026-02-18 21:43:32,2026-02-05,2026,2,February,16,Thursday,False,Afternoon
350,PSHI-2026-02-I-133458,2,Abington,02/05/2026 04:15 PM,02/05/2026 12:58 PM,,Assisted clinical staff with agitated visitor.,"Hershey - Dispatched To: HMC Off-Site - PSMG - Camp Hill, Specialties - PSMG > HMC Off-Site - PSMG - Camp Hill, Specialties - PSMG",2026-02-18 21:43:32,2026-02-05,2026,2,February,16,Thursday,False,Afternoon
351,PSHI-2026-02-I-133457,2,Abington,02/05/2026 04:15 PM,02/05/2026 04:04 PM,,Assisted patient with property related matter.,Hershey - Dispatched To: HMC - Main Hospital - 1 - Cashier's Office > HMC - Main Hospital - 1 - Cashier's Office,2026-02-18 21:43:32,2026-02-05,2026,2,February,16,Thursday,False,Afternoon
352,26LV00003,16,Lehigh Valley,02/05/2026 04:15 PM,02/05/2026 09:00 AM,02/05/2026 11:00 AM,Student reported a hit and run vehicle crash,STUDENT PARKING LOT - LEHIGH VALLEY,2026-02-18 21:43:32,2026-02-05,2026,2,February,16,Thursday,False,Afternoon
353,26DS00002,9,DuBois,02/05/2026 04:09 PM,02/05/2026 04:09 PM,02/05/2026 06:00 PM,Student reported a concerning odor,COLLEGE PL & E DUBOIS AVE,2026-02-18 21:43:32,2026-02-05,2026,2,February,16,Thursday,False,Afternoon
354,PSHI-2026-02-I-133455,2,Abington,02/05/2026 03:57 PM,02/05/2026 01:52 PM,,Asset and equipment accountability audit.,Hershey - Reported Location: HMC - Children's Hospital - 7 - Women's Health Post/Antepartum,2026-02-18 21:43:32,2026-02-05,2026,2,February,15,Thursday,False,Afternoon
355,26BW00023,7,Brandywine,02/05/2026 03:33 PM,02/04/2026 09:45 AM,02/05/2026 03:55 PM,Employee reported a concern for another student,VAIRO LIBRARY,2026-02-18 21:43:32,2026-02-05,2026,2,February,15,Thursday,False,Afternoon
356,26UP00588,1,University Park,02/05/2026 02:34 PM,02/05/2026 01:31 PM,02/05/2026 03:30 PM,Student reported a bicycle crash with injuries,WILLARD BLDG,2026-02-18 21:43:32,2026-02-05,2026,2,February,14,Thursday,False,Afternoon
357,26UP00586,1,University Park,02/05/2026 02:19 PM,02/04/2026 04:19 PM,02/04/2026 05:00 PM,Employee reported suspicious activity,UNIVERSITY SUPPORT BLDG I,2026-02-18 21:43:32,2026-02-05,2026,2,February,14,Thursday,False,Afternoon
358,PSHI-2026-02-I-133450,2,Abington,02/05/2026 02:17 PM,02/05/2026 01:46 PM,,Assisted clinical staff with an agitated patient.,Hershey - Dispatched To: HMC - Emergency Department > HMC - Emergency Department,2026-02-18 21:43:32,2026-02-05,2026,2,February,14,Thursday,False,Afternoon
359,PSHI-2026-02-I-133448,2,Abington,02/05/2026 01:23 PM,02/05/2026 11:01 AM,,Property related matter.,Hershey - Dispatched To: HMC - Centerview Parking Garage > HMC - Centerview Parking Garage,2026-02-18 21:43:32,2026-02-05,2026,2,February,13,Thursday,False,Afternoon
360,26AL00062,3,Altoona,02/05/2026 01:13 PM,02/05/2026 10:02 AM,02/05/2026 10:04 AM,Employee reported a hit and run vehicle crash,ROSSMAN PARK,2026-02-18 21:43:32,2026-02-05,2026,2,February,13,Thursday,False,Afternoon
361,26UP00585,1,University Park,02/05/2026 12:11 PM,01/31/2026 01:10 PM,01/31/2026 03:07 PM,Visitor reported the theft of their unattended personal property,COMMUTER JORDAN EAST 2 LOT,2026-02-18 21:43:32,2026-02-05,2026,2,February,12,Thursday,False,Afternoon
362,26UP00583,1,University Park,02/05/2026 11:48 AM,02/04/2026 02:15 PM,,Student reported a two vehicle crash with no injuries,EAST PARKING DECK,2026-02-18 21:43:32,2026-02-05,2026,2,February,11,Thursday,False,Morning
363,26UP00582,1,University Park,02/05/2026 11:24 AM,02/05/2026 01:45 AM,02/05/2026 10:30 AM,Employee reported damage to University property,HASTINGS HALL,2026-02-18 21:43:32,2026-02-05,2026,2,February,11,Thursday,False,Morning
364,26AL00061,3,Altoona,02/05/2026 11:17 AM,02/05/2026 11:17 AM,02/05/2026 11:22 AM,Employee reported a parking concern,RIDER LOT - ALTOONA,2026-02-18 21:43:32,2026-02-05,2026,2,February,11,Thursday,False,Morning
365,26AL00060,3,Altoona,02/05/2026 10:56 AM,02/05/2026 10:55 AM,02/05/2026 11:15 AM,Employee reported a two vehicle crash with no injuries,RIDER LOT - ALTOONA,2026-02-18 21:43:32,2026-02-05,2026,2,February,10,Thursday,False,Morning
366,26AL00059,3,Altoona,02/05/2026 10:39 AM,02/05/2026 10:39 AM,02/05/2026 10:50 AM,Visitor requested assistance with an administrative matter,POPLAR BLDG,2026-02-18 21:43:32,2026-02-05,2026,2,February,10,Thursday,False,Morning
367,26ER00043,5,Erie (Behrend),02/05/2026 08:20 AM,02/05/2026 08:19 AM,02/05/2026 08:30 AM,Employee reported a fire alarm activation,SENAT HALL,2026-02-18 21:43:32,2026-02-05,2026,2,February,8,Thursday,False,Morning
368,26UP00581,1,University Park,02/05/2026 08:12 AM,02/05/2026 08:12 AM,02/05/2026 03:50 PM,Student requested assistance with a personal matter,UNIVERSITY SUPPORT BLDG I,2026-02-18 21:43:32,2026-02-05,2026,2,February,8,Thursday,False,Morning
369,26BK00026,4,Beaver,02/05/2026 07:50 AM,02/05/2026 07:50 AM,,Employee reported a burglary alarm activation,PERKINS STUDENT CENTER,2026-02-18 21:43:32,2026-02-05,2026,2,February,7,Thursday,False,Morning
370,PSHI-2026-02-I-133435,2,Abington,02/05/2026 06:03 AM,,,Assisted clinical staff with agitated patient.,Hershey - Dispatched To: HMC - Main Hospital - 4 - Acute Care > HMC - Main Hospital - 4 - Acute Care,2026-02-18 21:43:32,2026-02-05,2026,2,February,6,Thursday,False,Morning
371,26UP00580,1,University Park,02/05/2026 05:36 AM,02/05/2026 05:36 AM,02/05/2026 06:05 AM,Student stopped and found in possession of drug paraphernalia,E PARK AVE & HOSPITAL DR,2026-02-18 21:43:32,2026-02-05,2026,2,February,5,Thursday,False,Late Night
372,26UP00579,1,University Park,02/05/2026 02:06 AM,02/05/2026 01:30 AM,02/05/2026 02:45 AM,Underage student observed highly intoxicated,HIESTER HALL,2026-02-18 21:43:32,2026-02-05,2026,2,February,2,Thursday,False,Late Night
373,26UP00578,1,University Park,02/05/2026 01:20 AM,02/04/2026 11:00 PM,02/05/2026 02:38 AM,Student reported a concern for another student,BEAVER HALL,2026-02-18 21:43:32,2026-02-05,2026,2,February,1,Thursday,False,Late Night
374,PSHI-2026-02-I-133426,2,Abington,02/05/2026 12:52 AM,,,Assisted clinical staff with agitated patient.,Hershey - Dispatched To: HMC - Emergency Department > HMC - Emergency Department,2026-02-18 21:43:32,2026-02-05,2026,2,February,0,Thursday,False,Late Night
375,PSHI-2026-02-I-133423,2,Abington,02/05/2026 12:34 AM,02/04/2026 11:45 PM,,Assisted clinical staff with agitated patient.,Hershey - Dispatched To: HMC - Main Hospital - 6 - Acute Care > HMC - Main Hospital - 6 - Acute Care,2026-02-18 21:43:32,2026-02-05,2026,2,February,0,Thursday,False,Late Night
376,26UP00577,1,University Park,02/05/2026 12:27 AM,02/05/2026 12:27 AM,02/05/2026 01:00 AM,Underage student observed highly intoxicated,PENNYPACKER HALL,2026-02-18 21:43:32,2026-02-05,2026,2,February,0,Thursday,False,Late Night
377,26HB00054,13,Harrisburg,02/04/2026 10:45 PM,02/04/2026 10:45 PM,02/05/2026 12:10 AM,Student requested assistance with a civil matter,MAHANOY HOUSE,2026-02-18 21:43:32,2026-02-04,2026,2,February,22,Wednesday,False,Late Night
378,26AB00044,2,Abington,02/04/2026 10:15 PM,02/04/2026 10:15 PM,02/04/2026 11:50 PM,Employee reported a concerning odor/gas leak,LARES BUILDING,2026-02-18 21:43:32,2026-02-04,2026,2,February,22,Wednesday,False,Late Night
379,26AB00043,2,Abington,02/04/2026 09:47 PM,02/04/2026 09:47 PM,02/04/2026 10:01 PM,Employee reported a fire alarm activation,LIONS GATE AT PENN STATE ABINGTON,2026-02-18 21:43:32,2026-02-04,2026,2,February,21,Wednesday,False,Evening
380,26UP00574,1,University Park,02/04/2026 08:19 PM,02/04/2026 08:19 PM,02/04/2026 08:56 PM,Employee reported damage to University property,STUART HALL,2026-02-18 21:43:32,2026-02-04,2026,2,February,20,Wednesday,False,Evening
381,26WS00005,22,Worthington Scranton,02/04/2026 07:34 PM,02/04/2026 07:30 PM,,Employee reported a two vehicle crash with no injuries,RIDGE VIEW DR,2026-02-18 21:43:32,2026-02-04,2026,2,February,19,Wednesday,False,Evening
382,26AB00042,2,Abington,02/04/2026 07:12 PM,02/04/2026 07:12 PM,02/04/2026 07:25 PM,Employee reported a fire alarm activation,LIONS GATE AT PENN STATE ABINGTON,2026-02-18 21:43:32,2026-02-04,2026,2,February,19,Wednesday,False,Evening
383,PSHI-2026-02-I-133415,2,Abington,02/04/2026 04:49 PM,02/04/2026 02:50 PM,,Property related matter.,Hershey - Dispatched To: HMC - Parking Lot - Lot J > HMC - Parking Lot - Lot J,2026-02-18 21:43:32,2026-02-04,2026,2,February,16,Wednesday,False,Afternoon
384,26BK00025,4,Beaver,02/04/2026 04:40 PM,02/04/2026 01:00 PM,02/04/2026 03:00 PM,Student reported being harassed,LUERSSEN SCIENCE BUILDING,2026-02-18 21:43:32,2026-02-04,2026,2,February,16,Wednesday,False,Afternoon
385,26UP00572,1,University Park,02/04/2026 04:04 PM,08/30/2025 12:00 PM,08/30/2025 06:00 PM,Student reported they were indecently assaulted by a known person at a University Building,BEAVER STADIUM,2026-02-18 21:43:32,2026-02-04,2026,2,February,16,Wednesday,False,Afternoon
386,26UP00571,1,University Park,02/04/2026 03:53 PM,02/04/2026 03:53 PM,02/04/2026 03:59 PM,Employee requested assistance with a civil matter,HUB PARKING DECK,2026-02-18 21:43:32,2026-02-04,2026,2,February,15,Wednesday,False,Afternoon
387,PSHI-2026-02-I-133413,2,Abington,02/04/2026 03:45 PM,02/04/2026 03:10 PM,,Assisted clinical staff with agitated patient.,Hershey - Dispatched To: HPD - Emergency Department > HPD - Emergency Department,2026-02-18 21:43:32,2026-02-04,2026,2,February,15,Wednesday,False,Afternoon
388,PSHI-2026-02-I-133411,2,Abington,02/04/2026 02:45 PM,02/04/2026 01:53 PM,,Assisted clinical staff with agitated patient.,Hershey - Dispatched To: HMC - Emergency Department > HMC - Emergency Department,2026-02-18 21:43:32,2026-02-04,2026,2,February,14,Wednesday,False,Afternoon
389,26HB00053,13,Harrisburg,02/04/2026 02:26 PM,02/04/2026 02:26 PM,,Student reported a two vehicle crash with no injuries,1ST ST & OLMSTEAD DR,2026-02-18 21:43:32,2026-02-04,2026,2,February,14,Wednesday,False,Afternoon
390,26BK00024,4,Beaver,02/04/2026 01:47 PM,02/04/2026 01:47 PM,02/04/2026 02:05 PM,Employee reported a parking concern,FACULTY STAFF VISITOR LOT B1 - BERKS,2026-02-18 21:43:32,2026-02-04,2026,2,February,13,Wednesday,False,Afternoon
391,26AB00041,2,Abington,02/04/2026 01:43 PM,02/04/2026 01:43 PM,02/04/2026 02:17 PM,Employee reported a parking concern,LOT G - ABINGTON,2026-02-18 21:43:32,2026-02-04,2026,2,February,13,Wednesday,False,Afternoon
392,PSHI-2026-02-I-133409,2,Abington,02/04/2026 01:21 PM,02/04/2026 12:15 PM,,Patient punched security officer.,Hershey - Dispatched To: HMC - Emergency Department > HMC - Emergency Department,2026-02-18 21:43:32,2026-02-04,2026,2,February,13,Wednesday,False,Afternoon
393,PSHI-2026-02-I-133408,2,Abington,02/04/2026 12:59 PM,02/04/2026 12:46 PM,,Visitor match to the sex offender registry.,Hershey - Dispatched To: HMC - Children's Hospital - 1 - Children's Hospital Main Information Desk > HMC - Children's Hospital - 1 - Children's Hospital Main Information Desk,2026-02-18 21:43:32,2026-02-04,2026,2,February,12,Wednesday,False,Afternoon
394,26WS00004,22,Worthington Scranton,02/04/2026 12:34 PM,02/04/2026 12:30 PM,02/04/2026 01:06 PM,Assisted the ambulance with a medical emergency,STUDENT STUDY - LEARNING CENTER,2026-02-18 21:43:32,2026-02-04,2026,2,February,12,Wednesday,False,Afternoon
395,26UP00570,1,University Park,02/04/2026 11:30 AM,02/04/2026 11:30 AM,02/04/2026 01:59 PM,Assisted the ambulance with a medical emergency,RESEARCH DR,2026-02-18 21:43:32,2026-02-04,2026,2,February,11,Wednesday,False,Morning
396,26UP00569,1,University Park,02/04/2026 11:23 AM,02/04/2026 11:23 AM,02/04/2026 12:55 PM,Assisted an outside law enforcement agency with an investigation,E PARK AVE & HOSPITAL DR,2026-02-18 21:43:32,2026-02-04,2026,2,February,11,Wednesday,False,Morning
397,26UP00568,1,University Park,02/04/2026 11:18 AM,02/04/2026 09:40 AM,02/04/2026 11:20 AM,Student reported a hit and run vehicle crash,NITTANY PARKING,2026-02-18 21:43:32,2026-02-04,2026,2,February,11,Wednesday,False,Morning
398,26AL00058,3,Altoona,02/04/2026 11:07 AM,02/04/2026 11:07 AM,02/04/2026 11:18 AM,Employee reported an alarm activation,SLEP STUDENT CENTER,2026-02-18 21:43:32,2026-02-04,2026,2,February,11,Wednesday,False,Morning
399,26UP00567,1,University Park,02/04/2026 10:56 AM,02/04/2026 10:41 AM,,Employee reported theft of services,EAST PARKING DECK,2026-02-18 21:43:32,2026-02-04,2026,2,February,10,Wednesday,False,Morning
400,PSHI-2026-02-I-133403,2,Abington,02/04/2026 09:27 AM,02/04/2026 07:52 AM,,Vehicle incident.,Hershey - Dispatched To: HMC - 30 Hope Drive > HMC - 30 Hope Drive,2026-02-18 21:43:32,2026-02-04,2026,2,February,9,Wednesday,False,Morning
401,26BW00022,7,Brandywine,02/04/2026 09:20 AM,02/04/2026 09:20 AM,02/04/2026 09:25 AM,Employee reported unsafe conditions,VAIRO PARKING LOT - BRANDYWINE,2026-02-18 21:43:32,2026-02-04,2026,2,February,9,Wednesday,False,Morning
402,26ER00042,5,Erie (Behrend),02/04/2026 08:28 AM,02/04/2026 08:28 AM,,Employee reported suspicious activity,COLLEGE DR,2026-02-18 21:43:32,2026-02-04,2026,2,February,8,Wednesday,False,Morning
403,26BW00021,7,Brandywine,02/04/2026 03:11 AM,02/04/2026 03:11 AM,02/04/2026 03:52 AM,Student requested assistance with a civil matter,ORCHARD HALL,2026-02-18 21:43:32,2026-02-04,2026,2,February,3,Wednesday,False,Late Night
404,PSHI-2026-02-I-133394,2,Abington,02/04/2026 01:26 AM,02/04/2026 12:47 AM,,Assisted clinical staff with agitated visitor,Hershey - Dispatched To: HMC - Emergency Department > HMC - Emergency Department,2026-02-18 21:43:32,2026-02-04,2026,2,February,1,Wednesday,False,Late Night
405,PSHI-2026-02-I-133393,2,Abington,02/04/2026 01:21 AM,02/04/2026 12:23 AM,,Assisted clinical staff with an agitated patient.,Hershey - Dispatched To: HMC - Main Hospital > HMC - Main Hospital,2026-02-18 21:43:32,2026-02-04,2026,2,February,1,Wednesday,False,Late Night
406,PSHI-2026-02-I-133392,2,Abington,02/04/2026 01:13 AM,02/03/2026 10:25 PM,,Assisted clinical staff with an agitated patient.,Hershey - Dispatched To: HMC - Emergency Department > HMC - Emergency Department,2026-02-18 21:43:32,2026-02-04,2026,2,February,1,Wednesday,False,Late Night
407,26HB00052,13,Harrisburg,02/03/2026 11:40 PM,02/03/2026 11:45 PM,02/03/2026 11:59 PM,Assisted an outside law enforcement agency with an investigation,E HIGH ST,2026-02-18 21:43:32,2026-02-03,2026,2,February,23,Tuesday,False,Late Night
408,PSHI-2026-02-I-133389,2,Abington,02/03/2026 11:34 PM,02/02/2026 09:05 PM,,Assisted clinical staff with a patient stand-by.,Hershey - Dispatched To: HMC - Emergency Department > HMC - Emergency Department,2026-02-18 21:43:32,2026-02-03,2026,2,February,23,Tuesday,False,Late Night
409,26BW00020,7,Brandywine,02/03/2026 11:19 PM,02/03/2026 11:19 PM,02/03/2026 11:30 PM,Employee reported an intrusion alarm activation,MAIN BUILDING,2026-02-18 21:43:32,2026-02-03,2026,2,February,23,Tuesday,False,Late Night
410,26AL00057,3,Altoona,02/03/2026 08:45 PM,02/03/2026 08:45 PM,02/03/2026 09:10 PM,Assisted the ambulance with a medical emergency,CEDAR HALL,2026-02-18 21:43:32,2026-02-03,2026,2,February,20,Tuesday,False,Evening
411,26UP00564,1,University Park,02/03/2026 08:36 PM,02/03/2026 08:36 PM,02/03/2026 11:08 PM,Assisted an outside law enforcement agency with an investigation,KIRKBRIDE DR,2026-02-18 21:43:32,2026-02-03,2026,2,February,20,Tuesday,False,Evening
412,PSHI-2026-02-I-133383,2,Abington,02/03/2026 08:04 PM,02/03/2026 06:37 PM,,Assisted clinical staff with agitated patient.,Hershey - Dispatched To: HMC - Main Hospital > HMC - Main Hospital,2026-02-18 21:43:32,2026-02-03,2026,2,February,20,Tuesday,False,Evening
413,PSHI-2026-02-I-133382,2,Abington,02/03/2026 07:45 PM,02/03/2026 06:40 PM,,Assisted clinical staff with an agitated patient.,Hershey - Dispatched To: HMC - Emergency Department > HMC - Emergency Department,2026-02-18 21:43:32,2026-02-03,2026,2,February,19,Tuesday,False,Evening
414,26BK00023,4,Beaver,02/03/2026 05:49 PM,01/28/2026 12:00 AM,02/03/2026 05:49 PM,Student reported being harassed,AMBER HALL,2026-02-18 21:43:32,2026-02-03,2026,2,February,17,Tuesday,False,Afternoon
415,26BW00024,7,Brandywine,02/03/2026 05:00 PM,02/03/2026 05:00 PM,02/03/2026 05:15 PM,Assisted an outside law enforcement agency with an investigation,COMMONS & ATHLETIC CENTER,2026-02-18 21:43:32,2026-02-03,2026,2,February,17,Tuesday,False,Afternoon
416,26BW00019,7,Brandywine,02/03/2026 04:44 PM,01/12/2026 12:00 AM,02/03/2026 06:32 PM,Student reported being harassed,MAIN BUILDING,2026-02-18 21:43:32,2026-02-03,2026,2,February,16,Tuesday,False,Afternoon
417,PSHI-2026-02-I-133377,2,Abington,02/03/2026 04:34 PM,02/03/2026 01:12 PM,,Release/return of personal property to patient.,Hershey - Dispatched To: HMC - Emergency Department - 1 - Emergency Department > HMC - Emergency Department - 1 - Emergency Department,2026-02-18 21:43:32,2026-02-03,2026,2,February,16,Tuesday,False,Afternoon
418,26SL00013,19,Schuylkill,02/03/2026 04:11 PM,02/03/2026 04:07 PM,02/03/2026 05:30 PM,Assisted an outside law enforcement agency with an investigation,PA-61,2026-02-18 21:43:32,2026-02-03,2026,2,February,16,Tuesday,False,Afternoon
419,26UP00563,1,University Park,02/03/2026 03:46 PM,12/23/2025 04:00 PM,01/21/2026 04:00 PM,Student reported the theft of University property,HAMMOND BLDG,2026-02-18 21:43:32,2026-02-03,2026,2,February,15,Tuesday,False,Afternoon
420,26UP00562,1,University Park,02/03/2026 03:44 PM,02/03/2026 03:44 PM,02/03/2026 04:23 PM,Student reported damage to personal property,GRUBB HALL,2026-02-18 21:43:32,2026-02-03,2026,2,February,15,Tuesday,False,Afternoon
421,26BK00022,4,Beaver,02/03/2026 03:09 PM,02/03/2026 03:09 PM,02/03/2026 04:20 PM,Assisted an outside law enforcement agency with an investigation,PA-12 & US-422,2026-02-18 21:43:32,2026-02-03,2026,2,February,15,Tuesday,False,Afternoon
422,26AL00056,3,Altoona,02/03/2026 02:49 PM,02/03/2026 02:49 PM,02/03/2026 03:20 PM,Employee reported a two vehicle crash with no injuries,MAPLE HALL LOT,2026-02-18 21:43:32,2026-02-03,2026,2,February,14,Tuesday,False,Afternoon
423,26UP00559,1,University Park,02/03/2026 02:31 PM,02/02/2026 02:15 PM,02/02/2026 02:20 PM,Student reported a hit and run vehicle crash,HUB ROBESON CULTURAL CENTER,2026-02-18 21:43:32,2026-02-03,2026,2,February,14,Tuesday,False,Afternoon
424,26UP00561,1,University Park,02/03/2026 02:12 PM,01/28/2026 08:12 AM,02/03/2026 02:52 PM,Employee reported unauthorized/fraudulent activity on a University account,HUB ROBESON CULTURAL CENTER,2026-02-18 21:43:32,2026-02-03,2026,2,February,14,Tuesday,False,Afternoon
425,PSHI-2026-02-I-133374,2,Abington,02/03/2026 02:03 PM,02/03/2026 12:31 PM,,Vehicle incident.,Hershey - Dispatched To: HMC - Parking Lot - Lot G > HMC - Parking Lot - Lot G,2026-02-18 21:43:32,2026-02-03,2026,2,February,14,Tuesday,False,Afternoon
426,PSHI-2026-02-I-133373,2,Abington,02/03/2026 02:01 PM,02/03/2026 01:45 PM,,Assisted clinical staff with a patient stand-by.,Hershey - Dispatched To: HMC - Emergency Department > HMC - Emergency Department,2026-02-18 21:43:32,2026-02-03,2026,2,February,14,Tuesday,False,Afternoon
427,26AL00055,3,Altoona,02/03/2026 01:27 PM,02/03/2026 01:27 PM,02/03/2026 02:00 PM,Employee reported an alarm activation,CEDAR HALL,2026-02-18 21:43:32,2026-02-03,2026,2,February,13,Tuesday,False,Afternoon
428,26UP00557,1,University Park,02/03/2026 01:06 PM,01/29/2026 02:49 PM,,Assisted an employee with an administrative matter,UNIVERSITY SUPPORT BLDG I,2026-02-18 21:43:32,2026-02-03,2026,2,February,13,Tuesday,False,Afternoon
429,26UP00555,1,University Park,02/03/2026 12:17 PM,02/02/2026 04:00 AM,02/03/2026 12:42 PM,Employee reported being harassed,MUELLER LAB,2026-02-18 21:43:32,2026-02-03,2026,2,February,12,Tuesday,False,Afternoon
430,26UP00556,1,University Park,02/03/2026 12:11 PM,02/03/2026 12:11 PM,02/03/2026 01:08 PM,Visitor reported a University policy violation,WILLARD BLDG,2026-02-18 21:43:32,2026-02-03,2026,2,February,12,Tuesday,False,Afternoon
431,PSHI-2026-02-I-133367,2,Abington,02/03/2026 12:05 PM,02/03/2026 12:04 PM,,Dismissal letter.,Hershey - Reported Location: HMC Off-Site - PSMG - Cocoa Outpatient Center - PSMG,2026-02-18 21:43:32,2026-02-03,2026,2,February,12,Tuesday,False,Afternoon
432,26GV00001,12,Great Valley,02/03/2026 11:49 AM,01/29/2026 12:00 AM,,Visitor observed urinating in public,GREAT VALLEY GRADUATE CENTER,2026-02-18 21:43:32,2026-02-03,2026,2,February,11,Tuesday,False,Morning
433,PSHI-2026-02-I-133366,2,Abington,02/03/2026 11:32 AM,02/03/2026 11:04 AM,,Assisted clinical staff with an agitated patient.,Hershey - Dispatched To: HMC - Main Hospital - 6 - MIMCU > HMC - Main Hospital - 6 - MIMCU,2026-02-18 21:43:32,2026-02-03,2026,2,February,11,Tuesday,False,Morning
434,26AL00054,3,Altoona,02/03/2026 11:09 AM,02/03/2026 11:09 AM,02/03/2026 12:16 PM,Student reported a hit and run vehicle crash,IVY LOT - GIV - ALTOONA,2026-02-18 21:43:32,2026-02-03,2026,2,February,11,Tuesday,False,Morning
435,26SL00012,19,Schuylkill,02/03/2026 10:53 AM,02/03/2026 10:53 AM,02/03/2026 11:20 AM,Assisted an outside law enforcement agency with an investigation,W MAIN ST,2026-02-18 21:43:32,2026-02-03,2026,2,February,10,Tuesday,False,Morning
436,26UP00552,1,University Park,02/03/2026 09:11 AM,02/02/2026 08:00 PM,02/02/2026 09:00 PM,Student requested assistance with an administrative matter,WARTIK LAB,2026-02-18 21:43:32,2026-02-03,2026,2,February,9,Tuesday,False,Morning
437,PSHI-2026-02-I-133362,2,Abington,02/03/2026 09:02 AM,02/03/2026 08:45 AM,,Assisted clinical staff with an agitated patient.,Hershey - Dispatched To: HMC - Emergency Department > HMC - Emergency Department,2026-02-18 21:43:32,2026-02-03,2026,2,February,9,Tuesday,False,Morning
438,26AL00053,3,Altoona,02/03/2026 07:51 AM,02/03/2026 07:51 AM,02/03/2026 09:28 AM,Assisted an outside law enforcement agency with an investigation,N 7TH AVE,2026-02-18 21:43:32,2026-02-03,2026,2,February,7,Tuesday,False,Morning
439,PSHI-2026-02-I-133357,2,Abington,02/03/2026 05:49 AM,09/02/1945 05:38 PM,,Assisted clinical staff with an agitated patient.,Hershey - Dispatched To: HMC - Main Hospital - 4 - Neuro > HMC - Main Hospital - 4 - Neuro,2026-02-18 21:43:32,2026-02-03,2026,2,February,5,Tuesday,False,Late Night
440,26AB00040,2,Abington,02/03/2026 03:50 AM,02/03/2026 03:40 AM,02/03/2026 03:45 AM,Employee reported a fire alarm activation,LIONS GATE AT PENN STATE ABINGTON,2026-02-18 21:43:32,2026-02-03,2026,2,February,3,Tuesday,False,Late Night
441,26UP00550,1,University Park,02/03/2026 01:51 AM,02/03/2026 01:51 AM,02/03/2026 02:45 AM,Underage students observed highly intoxicated,MARTIN HALL,2026-02-18 21:43:32,2026-02-03,2026,2,February,1,Tuesday,False,Late Night
442,26UP00546,1,University Park,02/02/2026 11:31 PM,02/02/2026 11:31 PM,02/02/2026 11:53 PM,Student observed highly intoxicated and transported to the hospital,BEAVER HALL,2026-02-18 21:43:32,2026-02-02,2026,2,February,23,Monday,False,Late Night
443,PSHI-2026-02-I-133352,2,Abington,02/02/2026 10:28 PM,02/02/2026 06:54 PM,,Team deescalation plan for agitated patient.,Hershey - Dispatched To: HMC - Main Hospital - 6 - MIMCU > HMC - Main Hospital - 6 - MIMCU,2026-02-18 21:43:32,2026-02-02,2026,2,February,22,Monday,False,Late Night
444,26UP00539,1,University Park,02/02/2026 10:03 PM,02/02/2026 09:20 PM,02/02/2026 10:20 PM,Student requested assistance with a civil matter,NITTANY APT,2026-02-18 21:43:32,2026-02-02,2026,2,February,22,Monday,False,Late Night
445,PSHI-2026-02-I-133348,2,Abington,02/02/2026 10:02 PM,02/02/2026 06:17 PM,,Assisted clinical staff with an agitated visitor and patient.,Hershey - Dispatched To: HMC - Main Hospital > HMC - Main Hospital,2026-02-18 21:43:32,2026-02-02,2026,2,February,22,Monday,False,Late Night
446,PSHI-2026-02-I-133345,2,Abington,02/02/2026 08:23 PM,02/02/2026 08:00 PM,,Assisted clinical staff with an agitated patient.,Hershey - Dispatched To: HMC - Emergency Department > HMC - Emergency Department,2026-02-18 21:43:32,2026-02-02,2026,2,February,20,Monday,False,Evening
447,26AL00052,3,Altoona,02/02/2026 08:06 PM,02/02/2026 08:06 PM,02/02/2026 08:23 PM,Employee reported an alarm activation,KAZMAIER FAMILY BLDG,2026-02-18 21:43:32,2026-02-02,2026,2,February,20,Monday,False,Evening
448,26UP00537,1,University Park,02/02/2026 07:53 PM,02/01/2026 10:45 AM,02/01/2026 11:48 AM,Visitor reported disorderly persons,PEGULA ICE ARENA,2026-02-18 21:43:32,2026-02-02,2026,2,February,19,Monday,False,Evening
449,26UP00536,1,University Park,02/02/2026 06:38 PM,02/02/2026 05:30 PM,02/02/2026 06:30 PM,Student reported being harassed,INTRAMURAL BLDG,2026-02-18 21:43:32,2026-02-02,2026,2,February,18,Monday,False,Evening
450,26UP00535,1,University Park,02/02/2026 06:08 PM,02/02/2026 06:08 PM,02/02/2026 06:29 PM,Assisted the fire department with a reported fire alarm activation,BEAVER STADIUM,2026-02-18 21:43:32,2026-02-02,2026,2,February,18,Monday,False,Evening
451,PSHI-2026-02-I-133344,2,Abington,02/02/2026 06:00 PM,,,Team deescalation plan for an agitated patient and visitor.,Hershey - Dispatched To: HMC - Emergency Department - 1 - Peds ER > HMC - Emergency Department - 1 - Peds ER,2026-02-18 21:43:32,2026-02-02,2026,2,February,18,Monday,False,Evening
452,PSHI-2026-02-I-133342,2,Abington,02/02/2026 05:28 PM,02/02/2026 11:20 AM,,Property related matter.,Hershey - Dispatched To: HMC - Parking Lot - Lot H > HMC - Parking Lot - Lot H,2026-02-18 21:43:32,2026-02-02,2026,2,February,17,Monday,False,Afternoon
453,PSHI-2026-02-I-133341,2,Abington,02/02/2026 05:28 PM,02/03/2026 11:00 AM,,Assisted law enforcement with access to a patient.,Hershey - Dispatched To: HMC - Emergency Department > HMC - Emergency Department,2026-02-18 21:43:32,2026-02-02,2026,2,February,17,Monday,False,Afternoon
454,PSHI-2026-02-I-133343,2,Abington,02/02/2026 05:28 PM,02/02/2026 04:51 PM,,Assisted clinical staff with an agitated patient.,Hershey - Dispatched To: HMC - Emergency Department > HMC - Emergency Department,2026-02-18 21:43:32,2026-02-02,2026,2,February,17,Monday,False,Afternoon
455,PSHI-2026-02-I-133340,2,Abington,02/02/2026 04:48 PM,02/02/2026 03:20 PM,,Assisted clinical staff with a visitor issue.,Hershey - Dispatched To: HMC - Main Hospital - 2 - South PACU > HMC - Main Hospital - 2 - South PACU,2026-02-18 21:43:32,2026-02-02,2026,2,February,16,Monday,False,Afternoon
456,26UP00533,1,University Park,02/02/2026 04:42 PM,02/02/2026 04:42 PM,02/02/2026 04:45 PM,Assisted an outside law enforcement agency with an investigation,EARLYSTOWN RD,2026-02-18 21:43:32,2026-02-02,2026,2,February,16,Monday,False,Afternoon
457,PSHI-2026-02-I-133338,2,Abington,02/02/2026 03:15 PM,02/02/2026 02:20 PM,,Assisted clinical staff with an agitated visitor issue.,Hershey - Dispatched To: HMC - UPC-2 - 3 - Surgery Specialties > HMC - UPC-2 - 3 - Surgery Specialties,2026-02-18 21:43:32,2026-02-02,2026,2,February,15,Monday,False,Afternoon
458,26UP00532,1,University Park,02/02/2026 02:52 PM,09/02/2022 02:52 PM,05/02/2023 02:52 PM,Assisted an outside law enforcement agency with an investigation,UNIVERSITY SUPPORT BLDG I,2026-02-18 21:43:32,2026-02-02,2026,2,February,14,Monday,False,Afternoon
459,26SL00011,19,Schuylkill,02/02/2026 12:30 PM,02/02/2026 12:30 PM,02/02/2026 12:40 PM,Employee reported a parking concern,CLASSROOM BUILDING PARKING LOT - SCHUYLKILL,2026-02-18 21:43:32,2026-02-02,2026,2,February,12,Monday,False,Afternoon
460,26UP00531,1,University Park,02/02/2026 12:10 PM,01/29/2026 08:00 AM,01/29/2026 11:09 AM,Student reported the loss or theft of their unsecured personal property,HOSLER BLDG,2026-02-18 21:43:32,2026-02-02,2026,2,February,12,Monday,False,Afternoon
461,26HB00045,13,Harrisburg,02/02/2026 11:46 AM,08/18/2025 12:00 AM,02/02/2026 10:34 AM,Employee reported a concern for another student,STUDENT ENRICHMENT CENTER,2026-02-18 21:43:32,2026-02-02,2026,2,February,11,Monday,False,Morning
462,26UP00530,1,University Park,02/02/2026 10:04 AM,01/31/2026 07:30 PM,01/31/2026 08:19 PM,Student reported a suspicious odor,BEAVER HALL,2026-02-18 21:43:32,2026-02-02,2026,2,February,10,Monday,False,Morning
463,PSHI-2026-02-I-133335,2,Abington,02/02/2026 09:57 AM,01/30/2026 09:42 AM,,Property related matter (damage).,Hershey - Reported Location: HMC - Parking Lot - Lot M1,2026-02-18 21:43:32,2026-02-02,2026,2,February,9,Monday,False,Morning
464,PSHI-2026-02-I-133334,2,Abington,02/02/2026 09:37 AM,01/13/2026 02:33 PM,,Visitor fall at Lime Spring Specialties Clinic.,"Hershey - Reported Location: HMC Off-Site - PSMG - Lime Spring Adult Specialties, Noll Drive Lancaster - PSMG",2026-02-18 21:43:32,2026-02-02,2026,2,February,9,Monday,False,Morning
465,PSHI-2026-02-I-133333,2,Abington,02/02/2026 09:31 AM,02/02/2026 08:37 AM,,Assisted clinical staff with an agitated patient.,Hershey - Dispatched To: HMC - Emergency Department > HMC - Emergency Department,2026-02-18 21:43:32,2026-02-02,2026,2,February,9,Monday,False,Morning
466,PSHI-2026-02-I-133332,2,Abington,02/02/2026 09:23 AM,02/02/2026 06:35 AM,,Assisted clinical staff with a visitor issue.,Hershey - Dispatched To: HMC - Main Hospital - 7 - PSCI > HMC - Main Hospital - 7 - PSCI,2026-02-18 21:43:32,2026-02-02,2026,2,February,9,Monday,False,Morning
467,PSHI-2026-02-I-133331,2,Abington,02/02/2026 09:23 AM,02/06/2026 07:48 AM,,Assisted clinical staff with agitated patient.,Hershey - Dispatched To: HMC - Main Hospital - 6 - Acute Care > HMC - Main Hospital - 6 - Acute Care,2026-02-18 21:43:32,2026-02-02,2026,2,February,9,Monday,False,Morning
468,26AB00039,2,Abington,02/02/2026 09:21 AM,02/02/2026 09:21 AM,02/02/2026 09:49 AM,Employee reported a concern for a student,WOODLAND BUILDING,2026-02-18 21:43:32,2026-02-02,2026,2,February,9,Monday,False,Morning
469,26SL00010,19,Schuylkill,02/02/2026 08:40 AM,02/02/2026 08:40 AM,02/02/2026 08:46 AM,Assisted the ambulance with a medical emergency,NITTANY APARTMENTS V,2026-02-18 21:43:32,2026-02-02,2026,2,February,8,Monday,False,Morning
470,26UP00528,1,University Park,02/02/2026 08:14 AM,02/02/2026 08:00 AM,,Employee reported a traffic complaint,EAST PARKING DECK,2026-02-18 21:43:32,2026-02-02,2026,2,February,8,Monday,False,Morning
471,26UP00529,1,University Park,02/02/2026 08:01 AM,02/02/2026 08:01 AM,02/02/2026 08:30 AM,Visitor reported a concern for a student,BEAVER HALL,2026-02-18 21:43:32,2026-02-02,2026,2,February,8,Monday,False,Morning
472,PSHI-2026-02-I-133326,2,Abington,02/02/2026 03:44 AM,02/02/2026 12:41 AM,,Visitor mismatch to the sex offender registry.,Hershey - Dispatched To: HMC - Children's Hospital > HMC - Children's Hospital,2026-02-18 21:43:32,2026-02-02,2026,2,February,3,Monday,False,Late Night
473,PSHI-2026-02-I-133325,2,Abington,02/02/2026 01:50 AM,,,Assisted clinical staff with agitated patient.,Hershey - Dispatched To: HMC - Main Hospital > HMC - Main Hospital,2026-02-18 21:43:32,2026-02-02,2026,2,February,1,Monday,False,Late Night
474,PSHI-2026-02-I-133324,2,Abington,02/02/2026 01:09 AM,02/01/2026 06:22 AM,,Patient left clinical treatment prior to discharge. Assisted clinical staff with an agitated patient.,Hershey - Dispatched To: HMC - Emergency Department > HMC - Emergency Department,2026-02-18 21:43:32,2026-02-02,2026,2,February,1,Monday,False,Late Night
475,PSHI-2026-02-I-133322,2,Abington,02/02/2026 12:07 AM,02/01/2026 07:40 PM,,Vehicle incident involving property damage.,Hershey - Dispatched To: HMC - Centerview Drive Roadway > HMC - Centerview Drive Roadway,2026-02-18 21:43:32,2026-02-02,2026,2,February,0,Monday,False,Late Night
476,26HB00038,13,Harrisburg,02/02/2026 12:02 AM,02/02/2026 12:00 AM,02/02/2026 12:37 AM,Employee requested assistance with a civil matter,MAHANOY HOUSE,2026-02-18 21:43:32,2026-02-02,2026,2,February,0,Monday,False,Late Night
477,26UP00525,1,University Park,02/01/2026 11:28 PM,02/01/2026 08:35 PM,02/01/2026 09:00 PM,Student reported the theft of their unattended personal property,STEPHENS HALL,2026-02-18 21:43:32,2026-02-01,2026,2,February,23,Sunday,True,Late Night
478,PSHI-2026-02-I-133319,2,Abington,02/01/2026 11:03 PM,02/01/2026 09:34 PM,,Assisted clinical staff with agitated patient.,Hershey - Dispatched To: HMC - Emergency Department > HMC - Emergency Department,2026-02-18 21:43:32,2026-02-01,2026,2,February,23,Sunday,True,Late Night
479,PSHI-2026-02-I-133317,2,Abington,02/01/2026 09:54 PM,,,Assisted LE with access to patient.,Hershey - Dispatched To: HMC - Children's Hospital - 1 - Children's Hospital Main Information Desk > HMC - Children's Hospital - 1 - Children's Hospital Main Information Desk,2026-02-18 21:43:32,2026-02-01,2026,2,February,21,Sunday,True,Evening
480,26UP00524,1,University Park,02/01/2026 09:25 PM,02/01/2026 08:58 PM,,Student reported a two vehicle crash with no injuries,LOT 83 (B) LOT,2026-02-18 21:43:32,2026-02-01,2026,2,February,21,Sunday,True,Evening
481,26UP00518,1,University Park,02/01/2026 05:56 PM,01/30/2026 03:45 PM,01/30/2026 04:45 PM,Student requested assistance with a personal matter,POLLOCK HALL,2026-02-18 21:43:32,2026-02-01,2026,2,February,17,Sunday,True,Afternoon
482,26HB00037,13,Harrisburg,02/01/2026 05:25 PM,12/18/2025 03:30 PM,02/01/2026 06:00 PM,Students reported being harassed,JUNIATA HOUSE,2026-02-18 21:43:32,2026-02-01,2026,2,February,17,Sunday,True,Afternoon
483,26BW00018,7,Brandywine,02/01/2026 05:02 PM,02/01/2026 05:02 PM,02/01/2026 05:11 PM,Assisted the ambulance with a medical emergency,COMMONS & ATHLETIC CENTER,2026-02-18 21:43:32,2026-02-01,2026,2,February,17,Sunday,True,Afternoon
484,PSHI-2026-02-I-133309,2,Abington,02/01/2026 04:22 PM,02/01/2026 04:02 PM,,Assisted patient with property related issue.,Hershey - Dispatched To: HMC - Main Hospital > HMC - Main Hospital,2026-02-18 21:43:32,2026-02-01,2026,2,February,16,Sunday,True,Afternoon
485,PSHI-2026-02-I-133306,2,Abington,02/01/2026 03:47 PM,02/01/2026 03:16 PM,,Assisted patient with property related matter.,Hershey - Dispatched To: HMC - Main Hospital > HMC - Main Hospital,2026-02-18 21:43:32,2026-02-01,2026,2,February,15,Sunday,True,Afternoon
486,PSHI-2026-02-I-133305,2,Abington,02/01/2026 03:16 PM,02/01/2026 02:55 PM,,Assisted administrative staff with safekeeping of items.,Hershey - Dispatched To: HMC - Main Hospital - 1 - Cashier's Office > HMC - Main Hospital - 1 - Cashier's Office,2026-02-18 21:43:32,2026-02-01,2026,2,February,15,Sunday,True,Afternoon
487,PSHI-2026-02-I-133304,2,Abington,02/01/2026 02:53 PM,02/01/2026 02:48 PM,,Safekeeping of visitor firearm.,Hershey - Dispatched To: HMC - Main Hospital - 1 - Security Operations Center > HMC - Main Hospital - 1 - Security Operations Center,2026-02-18 21:43:32,2026-02-01,2026,2,February,14,Sunday,True,Afternoon
488,PSHI-2026-02-I-133303,2,Abington,02/01/2026 02:29 PM,02/01/2026 02:19 PM,,Former patient harassed team via phone.,Hershey - Dispatched To: HMC - Main Hospital - 1 - Security Operations Center > HMC - Main Hospital - 1 - Security Operations Center,2026-02-18 21:43:32,2026-02-01,2026,2,February,14,Sunday,True,Afternoon
489,26UP00516,1,University Park,02/01/2026 02:19 PM,02/01/2026 02:19 PM,02/01/2026 03:28 PM,Visitor requested the assistance in locating a student,THOMPSON HALL,2026-02-18 21:43:32,2026-02-01,2026,2,February,14,Sunday,True,Afternoon
490,26UP00515,1,University Park,02/01/2026 02:03 PM,01/28/2026 12:00 AM,01/30/2026 11:59 PM,Student reported damage to their privately owned vehicle,WEST DECK,2026-02-18 21:43:32,2026-02-01,2026,2,February,14,Sunday,True,Afternoon
491,26UP00514,1,University Park,02/01/2026 01:41 PM,02/01/2026 01:41 PM,02/01/2026 02:15 PM,Student requested assistance with a personal matter,WARING HALL,2026-02-18 21:43:32,2026-02-01,2026,2,February,13,Sunday,True,Afternoon
492,26UP00513,1,University Park,02/01/2026 01:39 PM,10/01/2025 12:00 AM,02/01/2026 01:39 PM,Student reported a suspicious person,ATHERTON HALL,2026-02-18 21:43:32,2026-02-01,2026,2,February,13,Sunday,True,Afternoon
493,26AB00038,2,Abington,02/01/2026 01:14 PM,02/01/2026 01:14 PM,02/01/2026 01:32 PM,Employee reported a fire alarm activation,LIONS GATE AT PENN STATE ABINGTON,2026-02-18 21:43:32,2026-02-01,2026,2,February,13,Sunday,True,Afternoon
494,26UP00512,1,University Park,02/01/2026 12:40 PM,02/01/2026 12:40 PM,02/01/2026 03:50 PM,Student reported a concern for another student,NELSON HALL,2026-02-18 21:43:32,2026-02-01,2026,2,February,12,Sunday,True,Afternoon
495,PSHI-2026-02-I-133299,2,Abington,02/01/2026 12:14 PM,02/01/2026 11:15 AM,,Patient punched nurse.,Hershey - Dispatched To: HMC - Main Hospital > HMC - Main Hospital,2026-02-18 21:43:32,2026-02-01,2026,2,February,12,Sunday,True,Afternoon
496,26AB00037,2,Abington,02/01/2026 10:55 AM,02/01/2026 10:55 AM,02/01/2026 11:12 AM,Employee reported a fire alarm activation,LIONS GATE AT PENN STATE ABINGTON,2026-02-18 21:43:32,2026-02-01,2026,2,February,10,Sunday,True,Morning
497,PSHI-2026-02-I-133297,2,Abington,02/01/2026 10:28 AM,02/01/2026 10:16 AM,,Assisted patient with property related matter.,Hershey - Dispatched To: HMC - Main Hospital - 1 - Cashier's Office > HMC - Main Hospital - 1 - Cashier's Office,2026-02-18 21:43:32,2026-02-01,2026,2,February,10,Sunday,True,Morning
498,PSHI-2026-02-I-133295,2,Abington,02/01/2026 09:16 AM,02/01/2026 06:49 AM,,Assisted visitor with a vandalism complaint.,Hershey - Dispatched To: HMC - Centerview Parking Garage > HMC - Centerview Parking Garage,2026-02-18 21:43:32,2026-02-01,2026,2,February,9,Sunday,True,Morning
499,PSHI-2026-02-I-133294,2,Abington,02/01/2026 09:12 AM,02/01/2026 06:34 AM,,Visitor medical emergency.,Hershey - Dispatched To: HMC - Main Hospital > HMC - Main Hospital,2026-02-18 21:43:32,2026-02-01,2026,2,February,9,Sunday,True,Morning
500,26AB00036,2,Abington,02/01/2026 08:18 AM,02/01/2026 08:18 AM,02/01/2026 08:50 AM,Employee reported a fire alarm activation,LARES BUILDING,2026-02-18 21:43:32,2026-02-01,2026,2,February,8,Sunday,True,Morning
501,PSHI-2026-02-I-133287,2,Abington,02/01/2026 02:23 AM,02/01/2026 01:49 AM,,Assisted law enforcement with access to patient.,Hershey - Dispatched To: HMC - Emergency Department > HMC - Emergency Department,2026-02-18 21:43:32,2026-02-01,2026,2,February,2,Sunday,True,Late Night
502,26UP00506,1,University Park,02/01/2026 01:51 AM,02/01/2026 01:51 AM,,A vehicle stop investigation revealed the operator to be driving under the influence of alcohol,N ATHERTON ST & W PARK AVE,2026-02-18 21:43:32,2026-02-01,2026,2,February,1,Sunday,True,Late Night
503,26UP00511,1,University Park,02/01/2026 01:38 AM,02/01/2026 01:38 AM,02/01/2026 02:52 AM,Underage student observed highly intoxicated,MCELWAIN HALL,2026-02-18 21:43:32,2026-02-01,2026,2,February,1,Sunday,True,Late Night
504,PSHI-2026-02-I-133284,2,Abington,02/01/2026 12:53 AM,01/31/2026 11:59 PM,,Assisted clinical staff with unlock.,Hershey - Dispatched To: HMC - Emergency Department > HMC - Emergency Department,2026-02-18 21:43:32,2026-02-01,2026,2,February,0,Sunday,True,Late Night
505,PSHI-2026-01-I-133282,2,Abington,01/31/2026 10:15 PM,01/31/2026 08:52 PM,,Assisted clinical staff with agitated caller.,Hershey - Dispatched To: HMC - Main Hospital - 1 - Security Operations Center > HMC - Main Hospital - 1 - Security Operations Center,2026-02-18 21:43:32,2026-01-31,2026,1,January,22,Saturday,True,Late Night
506,26ER00041,5,Erie (Behrend),01/31/2026 09:33 PM,01/31/2026 09:33 PM,01/31/2026 09:42 PM,Employee reported an alarm activation,METZGAR ADMISSIONS & ALUMNI CTR,2026-02-18 21:43:32,2026-01-31,2026,1,January,21,Saturday,True,Evening
507,PSHI-2026-01-I-133281,2,Abington,01/31/2026 08:22 PM,01/31/2026 07:30 PM,,Assisted clinical staff with agitated patient.,Hershey - Dispatched To: HMC - Emergency Department > HMC - Emergency Department,2026-02-18 21:43:32,2026-01-31,2026,1,January,20,Saturday,True,Evening
508,26UP00500,1,University Park,01/31/2026 06:33 PM,01/31/2026 06:33 PM,01/31/2026 07:19 PM,Student reported a two vehicle crash with no injuries,E PARK AVE & AMBASSADOR WAY,2026-02-18 21:43:32,2026-01-31,2026,1,January,18,Saturday,True,Evening
509,26UP00499,1,University Park,01/31/2026 05:23 PM,01/31/2026 05:23 PM,01/31/2026 05:33 PM,Visitor reported a hit and run vehicle crash,FOOTBALL LOT,2026-02-18 21:43:32,2026-01-31,2026,1,January,17,Saturday,True,Afternoon
510,26UP00497,1,University Park,01/31/2026 04:44 PM,01/31/2026 04:12 PM,01/31/2026 04:44 PM,Visitor reported being harassed,BEAVER STADIUM,2026-02-18 21:43:32,2026-01-31,2026,1,January,16,Saturday,True,Afternoon
511,26AL00051,3,Altoona,01/31/2026 03:43 PM,01/31/2026 07:13 AM,01/31/2026 07:24 AM,Student reported being harassed,CEDAR HALL,2026-02-18 21:43:32,2026-01-31,2026,1,January,15,Saturday,True,Afternoon
512,26ER00040,5,Erie (Behrend),01/31/2026 03:07 PM,01/31/2026 03:07 PM,01/31/2026 03:15 PM,Employee reported a fire alarm activation,TRIPPE HALL,2026-02-18 21:43:32,2026-01-31,2026,1,January,15,Saturday,True,Afternoon
513,26AB00035,2,Abington,01/31/2026 02:57 PM,01/31/2026 02:57 PM,01/31/2026 03:10 PM,Student requested assistance with a personal matter,LIONS GATE AT PENN STATE ABINGTON,2026-02-18 21:43:32,2026-01-31,2026,1,January,14,Saturday,True,Afternoon
514,26UP00496,1,University Park,01/31/2026 02:17 PM,01/31/2026 01:54 PM,01/31/2026 02:20 PM,Officer observed student engaged in disorderly behavior,BEAVER STADIUM,2026-02-18 21:43:32,2026-01-31,2026,1,January,14,Saturday,True,Afternoon
515,26UP00495,1,University Park,01/31/2026 02:10 PM,01/31/2026 02:10 PM,01/31/2026 02:40 PM,Underage student observed highly intoxicated and transported to the hospital,HOYT HALL,2026-02-18 21:43:32,2026-01-31,2026,1,January,14,Saturday,True,Afternoon
516,26UP00494,1,University Park,01/31/2026 01:58 PM,01/31/2026 01:58 PM,01/31/2026 02:24 PM,Student observed highly intoxicated,STADIUM WEST RD,2026-02-18 21:43:32,2026-01-31,2026,1,January,13,Saturday,True,Afternoon
517,26UP00493,1,University Park,01/31/2026 01:49 PM,01/31/2026 01:49 PM,01/31/2026 02:55 PM,Underage student observed highly intoxicated and transported to the hospital,HOYT HALL,2026-02-18 21:43:32,2026-01-31,2026,1,January,13,Saturday,True,Afternoon
518,26UP00492,1,University Park,01/31/2026 01:41 PM,01/31/2026 01:41 PM,01/31/2026 01:51 PM,Assisted an outside law enforcement agency with an investigation,BEAVER STADIUM,2026-02-18 21:43:32,2026-01-31,2026,1,January,13,Saturday,True,Afternoon
519,26UP00491,1,University Park,01/31/2026 12:42 PM,01/31/2026 12:42 PM,01/31/2026 04:00 PM,Assisted an employee with an administrative matter,INTRAMURAL BLDG,2026-02-18 21:43:32,2026-01-31,2026,1,January,12,Saturday,True,Afternoon
520,26UP00490,1,University Park,01/31/2026 12:19 PM,01/31/2026 12:17 PM,01/31/2026 12:18 PM,Employee  reported a one vehicle crash with no injuries,NITTANY PARKING,2026-02-18 21:43:32,2026-01-31,2026,1,January,12,Saturday,True,Afternoon
521,26UP00489,1,University Park,01/31/2026 12:05 PM,01/31/2026 12:05 PM,01/31/2026 01:40 PM,Underage student observed highly intoxicated and transportedto the hospital,REDIFER HALL,2026-02-18 21:43:32,2026-01-31,2026,1,January,12,Saturday,True,Afternoon
522,26ER00039,5,Erie (Behrend),01/31/2026 11:32 AM,01/31/2026 11:32 AM,01/31/2026 11:45 AM,Employee reported a suspicious item,DOBBINS HALL,2026-02-18 21:43:32,2026-01-31,2026,1,January,11,Saturday,True,Morning
523,PSHI-2026-01-I-133264,2,Abington,01/31/2026 10:34 AM,01/31/2026 09:20 AM,,Property related matter (damage).,Hershey - Dispatched To: HMC - South Parking Garage > HMC - South Parking Garage,2026-02-18 21:43:32,2026-01-31,2026,1,January,10,Saturday,True,Morning
524,26UP00486,1,University Park,01/31/2026 10:08 AM,01/31/2026 08:49 AM,,Student reported suspicious activity,UNIVERSITY SUPPORT BLDG I,2026-02-18 21:43:32,2026-01-31,2026,1,January,10,Saturday,True,Morning
525,PSHI-2026-01-I-133263,2,Abington,01/31/2026 09:20 AM,,,Patient made threatening statements to staff.,Hershey - Dispatched To: HMC - Main Hospital - 1 - Security Operations Center > HMC - Main Hospital - 1 - Security Operations Center,2026-02-18 21:43:32,2026-01-31,2026,1,January,9,Saturday,True,Morning
526,26UP00487,1,University Park,01/31/2026 09:12 AM,01/31/2026 09:12 AM,01/31/2026 12:45 PM,Assisted an outside law enforcement agency with an investigation,LOGAN AVE,2026-02-18 21:43:32,2026-01-31,2026,1,January,9,Saturday,True,Morning
527,26ER00038,5,Erie (Behrend),01/31/2026 08:53 AM,01/31/2026 08:53 AM,01/31/2026 09:30 AM,Employee reported a parking concern,TIFFANY LOT - ERIE,2026-02-18 21:43:32,2026-01-31,2026,1,January,8,Saturday,True,Morning
528,26UP00484,1,University Park,01/31/2026 08:24 AM,01/31/2026 08:24 AM,,Citations issued/Charges filed on University property by outside law enforcement agencies,BEAVER STADIUM,2026-02-18 21:43:32,2026-01-31,2026,1,January,8,Saturday,True,Morning
529,PSHI-2026-01-I-133261,2,Abington,01/31/2026 08:02 AM,01/31/2026 07:45 AM,,Assisted switchboard personnel with agitated caller.,Hershey - Dispatched To: HMC - Main Hospital - 1 - Security Operations Center > HMC - Main Hospital - 1 - Security Operations Center,2026-02-18 21:43:32,2026-01-31,2026,1,January,8,Saturday,True,Morning
530,PSHI-2026-01-I-133257,2,Abington,01/31/2026 07:01 AM,01/30/2026 05:01 PM,,Minor crash on campus.,Hershey - Dispatched To: HMC - UPC-1 > HMC - UPC-1,2026-02-18 21:43:32,2026-01-31,2026,1,January,7,Saturday,True,Morning
531,PSHI-2026-01-I-133256,2,Abington,01/31/2026 05:59 AM,01/31/2026 05:42 AM,,Assisted visitor in locating vehicle.,Hershey -,2026-02-18 21:43:32,2026-01-31,2026,1,January,5,Saturday,True,Late Night
532,26UP00483,1,University Park,01/31/2026 05:59 AM,01/31/2026 05:59 AM,01/31/2026 04:30 PM,The Penn State Bomb Squad provided counter IED support for the Penn State vs Michigan State outdoor ice hockey game,BEAVER STADIUM,2026-02-18 21:43:32,2026-01-31,2026,1,January,5,Saturday,True,Late Night
533,26AB00034,2,Abington,01/31/2026 05:05 AM,01/31/2026 05:00 AM,01/31/2026 05:30 AM,Assisted the ambulance with a medical emergency,LIONS GATE AT PENN STATE ABINGTON,2026-02-18 21:43:32,2026-01-31,2026,1,January,5,Saturday,True,Late Night
534,26UP00482,1,University Park,01/31/2026 01:36 AM,01/31/2026 01:36 AM,,A vehicle stop investigation revealed the operator to be driving under the influence of alcohol,N BURROWES RD,2026-02-18 21:43:32,2026-01-31,2026,1,January,1,Saturday,True,Late Night
535,26AB00033,2,Abington,01/31/2026 01:20 AM,01/31/2026 01:15 AM,01/31/2026 01:40 AM,Employee reported a fire alarm activation,LIONS GATE AT PENN STATE ABINGTON,2026-02-18 21:43:32,2026-01-31,2026,1,January,1,Saturday,True,Late Night
536,PSHI-2026-01-I-133252,2,Abington,01/31/2026 01:16 AM,,,Assisted clinical staff with agitated patient.,Hershey - Dispatched To: HMC - Emergency Department > HMC - Emergency Department,2026-02-18 21:43:32,2026-01-31,2026,1,January,1,Saturday,True,Late Night
537,PSHI-2026-01-I-133251,2,Abington,01/31/2026 01:13 AM,01/30/2026 07:25 PM,,Assisted clinical staff with agitated visitor.,Hershey - Dispatched To: HMC - Main Hospital > HMC - Main Hospital,2026-02-18 21:43:32,2026-01-31,2026,1,January,1,Saturday,True,Late Night
538,PSHI-2026-01-I-133249,2,Abington,01/31/2026 12:46 AM,01/30/2026 06:35 PM,,Assisted clinical staff with lost/misplaced personal items.,Hershey - Dispatched To: HMC - Main Hospital - 4 - Ortho > HMC - Main Hospital - 4 - Ortho,2026-02-18 21:43:32,2026-01-31,2026,1,January,0,Saturday,True,Late Night
539,26UP00480,1,University Park,01/31/2026 12:46 AM,01/30/2026 10:30 PM,01/31/2026 11:56 PM,Student reported being harassed,EARLE HALL,2026-02-18 21:43:32,2026-01-31,2026,1,January,0,Saturday,True,Late Night
540,PSHI-2026-01-I-133248,2,Abington,01/31/2026 12:11 AM,01/30/2026 08:52 AM,,Investigated possible housing policy violation.,Hershey - Dispatched To: COM - University Manor East > COM - University Manor East,2026-02-18 21:43:32,2026-01-31,2026,1,January,0,Saturday,True,Late Night
541,26UP00474,1,University Park,01/30/2026 06:39 PM,01/30/2026 06:00 PM,01/30/2026 07:33 PM,Officer conducted a security inspection,BEAVER STADIUM,2026-02-18 21:43:32,2026-01-30,2026,1,January,18,Friday,False,Evening
542,26UP00475,1,University Park,01/30/2026 05:25 PM,01/30/2026 05:25 PM,01/30/2026 07:01 PM,Received this department's copy of a Protection From Abuse (PFA) order,UNIVERSITY SUPPORT BLDG I,2026-02-18 21:43:32,2026-01-30,2026,1,January,17,Friday,False,Afternoon
543,PSHI-2026-01-I-133230,2,Abington,01/30/2026 03:44 PM,,,Emergency call box test.,Hershey - Dispatched To: HMC - Main Hospital - 1 - Security Operations Center > HMC - Main Hospital - 1 - Security Operations Center,2026-02-18 21:43:32,2026-01-30,2026,1,January,15,Friday,False,Afternoon
544,26UP00470,1,University Park,01/30/2026 03:18 PM,01/30/2026 03:18 PM,01/30/2026 04:00 PM,Assisted a student with a personal matter,STUDENT HEALTH CENTER,2026-02-18 21:43:32,2026-01-30,2026,1,January,15,Friday,False,Afternoon
545,26AL00050,3,Altoona,01/30/2026 02:51 PM,01/25/2026 10:00 PM,,Employee reported damage to University property,OAK HALL,2026-02-18 21:43:32,2026-01-30,2026,1,January,14,Friday,False,Afternoon
546,26UP00469,1,University Park,01/30/2026 01:14 PM,01/30/2026 01:14 PM,01/30/2026 02:43 PM,Student requested assistance with a personal matter,YOUNG HALL,2026-02-18 21:43:32,2026-01-30,2026,1,January,13,Friday,False,Afternoon
547,26UP00467,1,University Park,01/30/2026 01:12 PM,01/30/2026 01:12 PM,01/30/2026 01:24 PM,Assisted the ambulance with a medical emergency,INNOVATION BLVD,2026-02-18 21:43:32,2026-01-30,2026,1,January,13,Friday,False,Afternoon
548,26UP00468,1,University Park,01/30/2026 12:51 PM,01/30/2026 12:51 PM,01/30/2026 01:30 PM,Student requested assistance in locating another student,SIMMONS HALL,2026-02-18 21:43:32,2026-01-30,2026,1,January,12,Friday,False,Afternoon
549,26HB00035,13,Harrisburg,01/30/2026 12:07 PM,12/13/2025 12:00 AM,12/13/2025 11:59 PM,Employee reported a concern for another student,WOODLAND APPARTMENTS,2026-02-18 21:43:32,2026-01-30,2026,1,January,12,Friday,False,Afternoon
550,PSHI-2026-01-I-133225,2,Abington,01/30/2026 12:05 PM,01/30/2026 11:34 AM,,Property related matter (damaged door).,Hershey - Dispatched To: HMC - UPC-1 > HMC - UPC-1,2026-02-18 21:43:32,2026-01-30,2026,1,January,12,Friday,False,Afternoon
551,26AB00032,2,Abington,01/30/2026 11:48 AM,01/29/2026 08:00 PM,01/30/2026 08:00 AM,Student reported being harassed,LIONS GATE NORTH PARKING LOT - ABINGTON,2026-02-18 21:43:32,2026-01-30,2026,1,January,11,Friday,False,Morning
552,26BW00016,7,Brandywine,01/30/2026 10:28 AM,01/30/2026 10:27 AM,01/30/2026 10:38 AM,Student reported a fire alarm activation,ORCHARD HALL,2026-02-18 21:43:32,2026-01-30,2026,1,January,10,Friday,False,Morning
553,PSHI-2026-01-I-133212,2,Abington,01/30/2026 08:44 AM,01/30/2026 08:36 AM,,Visitor mismatch to the sex offender registry.,Hershey - Dispatched To: HMC - Main Hospital - 1 - Security Operations Center > HMC - Main Hospital - 1 - Security Operations Center,2026-02-18 21:43:32,2026-01-30,2026,1,January,8,Friday,False,Morning
554,PSHI-2026-01-I-133210,2,Abington,01/30/2026 07:40 AM,01/16/2026 07:38 AM,,Theft of supplies.,Hershey - Reported Location: HMC - Main Hospital - 6,2026-02-18 21:43:32,2026-01-30,2026,1,January,7,Friday,False,Morning
555,26BW00015,7,Brandywine,01/30/2026 07:19 AM,01/30/2026 07:19 AM,01/30/2026 07:24 AM,Employee reported a burglar alarm activation,MAINTENANCE BUILDING OLD,2026-02-18 21:43:32,2026-01-30,2026,1,January,7,Friday,False,Morning
556,26GA00001,11,Greater Allegheny,01/30/2026 04:32 AM,01/30/2026 04:32 AM,01/30/2026 04:48 AM,Employee reported a fire alarm activation,RESIDENCE HALL,2026-02-18 21:43:32,2026-01-30,2026,1,January,4,Friday,False,Late Night
557,26UP00464,1,University Park,01/30/2026 02:52 AM,01/30/2026 02:45 AM,01/30/2026 03:00 AM,Underage student observed highly intoxicated and transported to the hospital,REDIFER HALL,2026-02-18 21:43:32,2026-01-30,2026,1,January,2,Friday,False,Late Night
558,PSHI-2026-01-I-133203,2,Abington,01/30/2026 02:48 AM,01/30/2026 01:10 AM,,Notification of burglar alarm by alarm company.,Hershey - Dispatched To: HMC Off-Site - PSMG - Mount Joy - PSMG > HMC Off-Site - PSMG - Mount Joy - PSMG,2026-02-18 21:43:32,2026-01-30,2026,1,January,2,Friday,False,Late Night
559,PSHI-2026-01-I-133202,2,Abington,01/30/2026 02:02 AM,01/30/2026 01:39 AM,,Assisted clinical staff with agitated patient.,Hershey - Dispatched To: HMC - Main Hospital - 5 - Acute Care > HMC - Main Hospital - 5 - Acute Care,2026-02-18 21:43:32,2026-01-30,2026,1,January,2,Friday,False,Late Night
560,PSHI-2026-01-I-133201,2,Abington,01/30/2026 12:45 AM,01/29/2026 10:16 PM,,Assisted clinical staff with an agitated visitor.,Hershey - Dispatched To: HMC - Main Hospital - 4 - Acute Care > HMC - Main Hospital - 4 - Acute Care,2026-02-18 21:43:32,2026-01-30,2026,1,January,0,Friday,False,Late Night
561,PSHI-2026-01-I-133200,2,Abington,01/30/2026 12:14 AM,01/29/2026 10:53 PM,,Assisted clinical staff with an agitated patient.,Hershey - Dispatched To: HMC - Main Hospital - 6 - Acute Care > HMC - Main Hospital - 6 - Acute Care,2026-02-18 21:43:32,2026-01-30,2026,1,January,0,Friday,False,Late Night
562,PSHI-2026-01-I-133198,2,Abington,01/29/2026 11:35 PM,01/29/2026 10:05 PM,,Assisted clinical staff with an agitated patient.,Hershey - Dispatched To: HMC - Main Hospital > HMC - Main Hospital,2026-02-18 21:43:32,2026-01-29,2026,1,January,23,Thursday,False,Late Night
563,26UP00452,1,University Park,01/29/2026 09:16 PM,01/29/2026 09:16 PM,01/29/2026 09:26 PM,Student found in possession of counterfeit identification card,N ATHERTON ST (RAILROAD AVE - WHITE COURSE DR),2026-02-18 21:43:32,2026-01-29,2026,1,January,21,Thursday,False,Evening
564,PSHI-2026-01-I-133194,2,Abington,01/29/2026 08:59 PM,01/29/2026 08:37 PM,,Assisted law enforcement with an escort.,Hershey - Dispatched To: HMC - Emergency Department > HMC - Emergency Department,2026-02-18 21:43:32,2026-01-29,2026,1,January,20,Thursday,False,Evening
565,PSHI-2026-01-I-133193,2,Abington,01/29/2026 08:55 PM,01/29/2026 08:14 PM,,Assisted clinical staff with an agitated patient.,Hershey - Dispatched To: HMC - Main Hospital - 6 - Acute Care > HMC - Main Hospital - 6 - Acute Care,2026-02-18 21:43:32,2026-01-29,2026,1,January,20,Thursday,False,Evening
566,26UP00451,1,University Park,01/29/2026 08:55 PM,01/29/2026 05:00 PM,01/29/2026 08:55 PM,Assisted an outside law enforcement agency with an investigation,BRYCE JORDAN CENTER,2026-02-18 21:43:32,2026-01-29,2026,1,January,20,Thursday,False,Evening
567,26UP00450,1,University Park,01/29/2026 08:26 PM,01/29/2026 08:16 PM,01/29/2026 08:27 PM,Employee reported abandoned property,OSMOND LAB,2026-02-18 21:43:32,2026-01-29,2026,1,January,20,Thursday,False,Evening
568,PSHI-2026-01-I-133192,2,Abington,01/29/2026 07:32 PM,01/29/2026 06:34 PM,,Patient harassed staff member.,Hershey - Dispatched To: HMC - 30 Hope Drive - 1 - Radiology East > HMC - 30 Hope Drive - 1 - Radiology East,2026-02-18 21:43:32,2026-01-29,2026,1,January,19,Thursday,False,Evening
569,26UP00449,1,University Park,01/29/2026 06:50 PM,01/29/2026 06:50 PM,01/29/2026 07:53 PM,Employee reported a two vehicle crash with no injuries,DAUER DR & UNIVERSITY DR,2026-02-18 21:43:32,2026-01-29,2026,1,January,18,Thursday,False,Evening
570,26UP00448,1,University Park,01/29/2026 06:31 PM,01/29/2026 06:31 PM,01/29/2026 06:51 PM,Visitor reported a two vehicle crash with no injuries,FOOTBALL SHIELDS ADA LOT,2026-02-18 21:43:32,2026-01-29,2026,1,January,18,Thursday,False,Evening
571,26UP00447,1,University Park,01/29/2026 06:16 PM,01/29/2026 06:00 PM,01/29/2026 06:16 PM,Visitor reported accidental damage to personal property,COMMUTER JORDAN SOUTH LOT,2026-02-18 21:43:32,2026-01-29,2026,1,January,18,Thursday,False,Evening
572,PSHI-2026-01-I-133191,2,Abington,01/29/2026 05:28 PM,01/29/2026 04:03 PM,,Assisted clinical staff with an agitated patient.,Hershey - Dispatched To: HMC - Main Hospital - 6 - Medicine > HMC - Main Hospital - 6 - Medicine,2026-02-18 21:43:32,2026-01-29,2026,1,January,17,Thursday,False,Afternoon
573,PSHI-2026-01-I-133190,2,Abington,01/29/2026 05:25 PM,01/29/2026 03:33 PM,,Assisted clinical staff with agitated patient.,Hershey - Dispatched To: HMC - Main Hospital - G - Radiology > HMC - Main Hospital - G - Radiology,2026-02-18 21:43:32,2026-01-29,2026,1,January,17,Thursday,False,Afternoon
574,PSHI-2026-01-I-133187,2,Abington,01/29/2026 03:38 PM,01/29/2026 03:18 PM,,Assisted visitor with a slip/fall.,Hershey - Dispatched To: HMC - Main Hospital > HMC - Main Hospital,2026-02-18 21:43:32,2026-01-29,2026,1,January,15,Thursday,False,Afternoon
575,PSHI-2026-01-I-133186,2,Abington,01/29/2026 03:25 PM,,,Assisted staff with a visitor issue.,Hershey - Dispatched To: HMC - Children's Hospital - 8 - NICU - Neonatal Intensive Care Unit East (NICU) > HMC - Children's Hospital - 8 - NICU - Neonatal Intensive Care Unit East (NICU),2026-02-18 21:43:32,2026-01-29,2026,1,January,15,Thursday,False,Afternoon
576,26AL00049,3,Altoona,01/29/2026 01:08 PM,01/29/2026 01:08 PM,01/29/2026 01:31 PM,Visitor reported a fire alarm activation,PENN BLDG,2026-02-18 21:43:32,2026-01-29,2026,1,January,13,Thursday,False,Afternoon
577,26BK00021,4,Beaver,01/29/2026 12:42 PM,01/29/2026 12:42 PM,01/29/2026 01:11 PM,Visitor reported a parking concern,FACULTY STAFF VISITOR LOT B1 - BERKS,2026-02-18 21:43:32,2026-01-29,2026,1,January,12,Thursday,False,Afternoon
578,26UP00443,1,University Park,01/29/2026 12:21 PM,01/29/2026 12:21 PM,01/29/2026 01:27 PM,Officer conducted a security inspection,BRYCE JORDAN CENTER,2026-02-18 21:43:32,2026-01-29,2026,1,January,12,Thursday,False,Afternoon
579,26UP00442,1,University Park,01/29/2026 12:06 PM,01/29/2026 12:06 PM,01/29/2026 01:05 PM,Assisted an outside law enforcement agency with an investigation,UNIVERSITY SUPPORT BLDG I,2026-02-18 21:43:32,2026-01-29,2026,1,January,12,Thursday,False,Afternoon
580,26UP00441,1,University Park,01/29/2026 11:56 AM,06/01/2024 02:56 AM,06/13/2024 11:00 PM,Assisted an employee with an administrative matter,SCIENCE PARK RD,2026-02-18 21:43:32,2026-01-29,2026,1,January,11,Thursday,False,Morning
581,26BK00020,4,Beaver,01/29/2026 09:50 AM,01/29/2026 09:50 AM,,Employee reported a parking concern,RESIDENCE HALL LOT R1 - BERKS,2026-02-18 21:43:32,2026-01-29,2026,1,January,9,Thursday,False,Morning
582,PSHI-2026-01-I-133181,2,Abington,01/29/2026 09:35 AM,01/29/2026 09:00 AM,,Minor crash on campus.,Hershey - Dispatched To: HMC - 30 Hope Drive > HMC - 30 Hope Drive,2026-02-18 21:43:32,2026-01-29,2026,1,January,9,Thursday,False,Morning
583,26ER00037,5,Erie (Behrend),01/29/2026 09:29 AM,01/29/2026 09:27 AM,01/29/2026 09:40 AM,Employee reported a fire alarm activation,TRIPPE HALL,2026-02-18 21:43:32,2026-01-29,2026,1,January,9,Thursday,False,Morning
584,26UP00439,1,University Park,01/29/2026 09:09 AM,01/29/2026 09:09 AM,01/29/2026 10:00 AM,Officer conducted a pre-employment background investigation,UNIVERSITY SUPPORT BLDG I,2026-02-18 21:43:32,2026-01-29,2026,1,January,9,Thursday,False,Morning
585,26AL00048,3,Altoona,01/29/2026 08:50 AM,01/29/2026 08:50 AM,01/29/2026 09:35 AM,Student requested assistance with a personal matter,GWIN RD & RIDER FARM RD,2026-02-18 21:43:32,2026-01-29,2026,1,January,8,Thursday,False,Morning
586,26ER00036,5,Erie (Behrend),01/29/2026 08:45 AM,01/29/2026 08:40 AM,01/29/2026 09:20 AM,Student reported a one vehicle crash with no injuries,TECHNOLOGY DR,2026-02-18 21:43:32,2026-01-29,2026,1,January,8,Thursday,False,Morning
587,26ER00035,5,Erie (Behrend),01/29/2026 07:00 AM,01/29/2026 07:00 AM,01/29/2026 07:30 AM,Employee reported a parking concern,ALMY LOT - ERIE,2026-02-18 21:43:32,2026-01-29,2026,1,January,7,Thursday,False,Morning
588,PSHI-2026-01-I-133177,2,Abington,01/29/2026 12:36 AM,01/28/2026 11:37 PM,,Assisted clinical staff with agitated patient.,Hershey - Dispatched To: HMC - Emergency Department > HMC - Emergency Department,2026-02-18 21:43:32,2026-01-29,2026,1,January,0,Thursday,False,Late Night
589,26UP00438,1,University Park,01/28/2026 11:54 PM,01/28/2026 11:54 PM,01/29/2026 12:30 AM,Employee reported a fire alarm activation,STUART HALL,2026-02-18 21:43:32,2026-01-28,2026,1,January,23,Wednesday,False,Late Night
590,26UP00436,1,University Park,01/28/2026 10:29 PM,01/28/2026 08:00 PM,01/28/2026 08:08 PM,Assisted Residence Life staff with a University policy violation,STUART HALL,2026-02-18 21:43:32,2026-01-28,2026,1,January,22,Wednesday,False,Late Night
591,26AL00047,3,Altoona,01/28/2026 09:57 PM,01/28/2026 09:57 PM,01/28/2026 10:08 PM,Employee reported a fire alarm activation,CEDAR HALL,2026-02-18 21:43:32,2026-01-28,2026,1,January,21,Wednesday,False,Evening
592,PSHI-2026-01-I-133173,2,Abington,01/28/2026 09:37 PM,01/28/2026 09:24 PM,,Property related matter.,Hershey - Dispatched To: HMC - Main Hospital - 1 - Security Operations Center > HMC - Main Hospital - 1 - Security Operations Center,2026-02-18 21:43:32,2026-01-28,2026,1,January,21,Wednesday,False,Evening
593,26ER00034,5,Erie (Behrend),01/28/2026 09:17 PM,01/28/2026 09:17 PM,01/28/2026 09:40 PM,Employee reported an alarm activation,CARRIAGE HOUSE,2026-02-18 21:43:32,2026-01-28,2026,1,January,21,Wednesday,False,Evening
594,26UP00434,1,University Park,01/28/2026 08:17 PM,01/28/2026 08:17 PM,01/28/2026 09:00 PM,Student reported a concern for another student,PENNYPACKER HALL,2026-02-18 21:43:32,2026-01-28,2026,1,January,20,Wednesday,False,Evening
595,26BW00013,7,Brandywine,01/28/2026 08:11 PM,01/28/2026 08:15 PM,01/28/2026 08:44 PM,Student reported a fire alarm activation,ORCHARD HALL,2026-02-18 21:43:32,2026-01-28,2026,1,January,20,Wednesday,False,Evening
596,26UP00432,1,University Park,01/28/2026 07:54 PM,01/28/2026 01:29 AM,01/28/2026 10:36 PM,Student reported suspicious persons,STONE HALL,2026-02-18 21:43:32,2026-01-28,2026,1,January,19,Wednesday,False,Evening
597,PSHI-2026-01-I-133172,2,Abington,01/28/2026 07:44 PM,01/28/2026 06:53 PM,,Visitor fall.,Hershey - Dispatched To: HMC - Emergency Department > HMC - Emergency Department,2026-02-18 21:43:32,2026-01-28,2026,1,January,19,Wednesday,False,Evening
598,26UP00431,1,University Park,01/28/2026 07:39 PM,01/28/2026 07:39 PM,01/28/2026 08:02 PM,Assisted the fire department with a reported fire/smoke condition,EAST PARKING DECK,2026-02-18 21:43:32,2026-01-28,2026,1,January,19,Wednesday,False,Evening
599,26UP00430,1,University Park,01/28/2026 07:36 PM,01/28/2026 07:36 PM,01/28/2026 07:49 PM,Student reported a fire,WATER RECLAMATION DR,2026-02-18 21:43:32,2026-01-28,2026,1,January,19,Wednesday,False,Evening
600,26UP00429,1,University Park,01/28/2026 07:30 PM,01/28/2026 07:30 PM,01/28/2026 08:15 PM,Student reported being harassed,STUART HALL,2026-02-18 21:43:32,2026-01-28,2026,1,January,19,Wednesday,False,Evening
601,PSHI-2026-01-I-133168,2,Abington,01/28/2026 07:25 PM,01/28/2026 06:12 PM,,Safe keeping of a patient's handgun.,Hershey - Dispatched To: HMC - Emergency Department > HMC - Emergency Department,2026-02-18 21:43:32,2026-01-28,2026,1,January,19,Wednesday,False,Evening
602,26AB00031,2,Abington,01/28/2026 07:15 PM,01/28/2026 07:15 PM,01/28/2026 07:45 PM,Assisted with a fire drill alarm activation,LIONS GATE AT PENN STATE ABINGTON,2026-02-18 21:43:32,2026-01-28,2026,1,January,19,Wednesday,False,Evening
603,26UP00428,1,University Park,01/28/2026 06:43 PM,01/28/2026 06:43 PM,01/28/2026 07:15 PM,Assisted a student with a personal matter,BEAM HALL,2026-02-18 21:43:32,2026-01-28,2026,1,January,18,Wednesday,False,Evening
604,26ER00033,5,Erie (Behrend),01/28/2026 06:21 PM,01/28/2026 06:21 PM,01/28/2026 06:40 PM,Employee reported a parking concern,TIFFANY LOT - ERIE,2026-02-18 21:43:32,2026-01-28,2026,1,January,18,Wednesday,False,Evening
605,PSHI-2026-01-I-133166,2,Abington,01/28/2026 05:22 PM,01/28/2026 04:39 PM,,Assisted clinical staff with agitated patient.,Hershey - Dispatched To: HMC - Emergency Department > HMC - Emergency Department,2026-02-18 21:43:32,2026-01-28,2026,1,January,17,Wednesday,False,Afternoon
606,26AL00046,3,Altoona,01/28/2026 05:20 PM,01/28/2026 05:20 PM,01/28/2026 05:42 PM,Assisted an outside law enforcement agency with an investigation,JUNIATA GAP RD & ANTRIM LN,2026-02-18 21:43:32,2026-01-28,2026,1,January,17,Wednesday,False,Afternoon
607,PSHI-2026-01-I-133165,2,Abington,01/28/2026 04:52 PM,01/28/2026 04:29 PM,,Assisted clinical staff with agitated patient.,Hershey - Dispatched To: HMC - Main Hospital - 5 - Acute Care > HMC - Main Hospital - 5 - Acute Care,2026-02-18 21:43:32,2026-01-28,2026,1,January,16,Wednesday,False,Afternoon
608,PSHI-2026-01-I-133164,2,Abington,01/28/2026 04:44 PM,01/28/2026 03:12 PM,,Assisted clinical staff with agitated patient.,Hershey - Dispatched To: HMC - Main Hospital - 6 - Acute Care > HMC - Main Hospital - 6 - Acute Care,2026-02-18 21:43:32,2026-01-28,2026,1,January,16,Wednesday,False,Afternoon
609,26UP00423,1,University Park,01/28/2026 02:36 PM,01/28/2026 01:36 PM,01/28/2026 02:36 PM,Assisted an outside law enforcement agency with an investigation,UNIVERSITY SUPPORT BLDG I,2026-02-18 21:43:32,2026-01-28,2026,1,January,14,Wednesday,False,Afternoon
610,PSHI-2026-01-I-133161,2,Abington,01/28/2026 01:58 PM,01/28/2026 01:22 PM,,Assisted clinical staff with a property related matter.,Hershey - Dispatched To: HMC - Main Hospital - 2 - Main OR > HMC - Main Hospital - 2 - Main OR,2026-02-18 21:43:32,2026-01-28,2026,1,January,13,Wednesday,False,Afternoon
611,26UP00422,1,University Park,01/28/2026 01:35 PM,01/28/2026 01:35 PM,01/28/2026 03:07 PM,Employee reported a concern for another student,BOUCKE BLDG,2026-02-18 21:43:32,2026-01-28,2026,1,January,13,Wednesday,False,Afternoon
612,26UP00421,1,University Park,01/28/2026 01:14 PM,01/28/2026 01:14 PM,01/28/2026 01:55 PM,Visitor reported a concern for another student,ON CAMPUS PROPERTY,2026-02-18 21:43:32,2026-01-28,2026,1,January,13,Wednesday,False,Afternoon
613,PSHI-2026-01-I-133158,2,Abington,01/28/2026 01:04 PM,01/28/2026 10:00 AM,,Assisted clinical staff with agitated patient.,Hershey - Dispatched To: HMC Off-Site - PSCMG - Cocoa Outpatient Center (Academic Practice Site) > HMC Off-Site - PSCMG - Cocoa Outpatient Center (Academic Practice Site),2026-02-18 21:43:32,2026-01-28,2026,1,January,13,Wednesday,False,Afternoon
614,26SL00009,19,Schuylkill,01/28/2026 12:50 PM,01/27/2026 10:59 AM,01/27/2026 11:01 AM,Employee reported a hit and run vehicle crash,UNIVERSITY DR,2026-02-18 21:43:32,2026-01-28,2026,1,January,12,Wednesday,False,Afternoon
615,26BK00019,4,Beaver,01/28/2026 12:30 PM,01/28/2026 12:00 PM,01/28/2026 12:22 PM,Employee reported the loss or theft of their unattended personal property,FRANCO BUILDING,2026-02-18 21:43:32,2026-01-28,2026,1,January,12,Wednesday,False,Afternoon
616,26AB00030,2,Abington,01/28/2026 12:20 PM,01/28/2026 12:20 PM,01/28/2026 01:10 PM,Student requested assistance with a personal matter,LOT J - ABINGTON,2026-02-18 21:43:32,2026-01-28,2026,1,January,12,Wednesday,False,Afternoon
617,26YK00004,23,York,01/28/2026 12:00 PM,01/22/2026 12:01 AM,01/23/2026 12:01 AM,Student requested assistance with a personal matter,E BOUNDARY AVE,2026-02-18 21:43:32,2026-01-28,2026,1,January,12,Wednesday,False,Afternoon
618,PSHI-2026-01-I-133153,2,Abington,01/28/2026 11:39 AM,01/28/2026 11:31 AM,,Visitor mismatch to the sex offender registry.,Hershey - Dispatched To: HMC - Children's Hospital > HMC - Children's Hospital,2026-02-18 21:43:32,2026-01-28,2026,1,January,11,Wednesday,False,Morning
619,26UP00420,1,University Park,01/28/2026 11:18 AM,05/08/2025 11:18 AM,07/04/2025 12:00 AM,Visitor reported the theft of their personal property,HARRIS HALL,2026-02-18 21:43:32,2026-01-28,2026,1,January,11,Wednesday,False,Morning
620,26UP00419,1,University Park,01/28/2026 10:57 AM,01/27/2026 12:00 AM,01/27/2026 01:00 AM,Assisted an outside law enforcement agency with an investigation,OFF CAMPUS FRATERNITY,2026-02-18 21:43:32,2026-01-28,2026,1,January,10,Wednesday,False,Morning
621,26HB00026,13,Harrisburg,01/28/2026 10:35 AM,01/27/2026 03:43 PM,01/27/2026 04:47 PM,Student requested assistance with a personal matter,CAPITAL UNION BUILDING,2026-02-18 21:43:32,2026-01-28,2026,1,January,10,Wednesday,False,Morning
622,26BK00018,4,Beaver,01/28/2026 10:20 AM,01/27/2026 05:10 PM,01/28/2026 08:07 AM,Student reported the theft of their unsecured/unattended personal property,WILLOW HALL,2026-02-18 21:43:32,2026-01-28,2026,1,January,10,Wednesday,False,Morning
623,26UP00418,1,University Park,01/28/2026 10:09 AM,01/28/2026 10:09 AM,01/28/2026 11:54 AM,Visitor reported being harassed,UNKNOWN LOCATION,2026-02-18 21:43:32,2026-01-28,2026,1,January,10,Wednesday,False,Morning
624,26UP00417,1,University Park,01/28/2026 09:08 AM,01/28/2026 09:08 AM,01/28/2026 11:00 AM,Assisted an outside law enforcement agency with an investigation,WILLARD BLDG,2026-02-18 21:43:32,2026-01-28,2026,1,January,9,Wednesday,False,Morning
625,26AB00029,2,Abington,01/28/2026 07:25 AM,01/28/2026 07:25 AM,01/28/2026 07:50 AM,Employee reported a parking concern,WOODLAND BUILDING,2026-02-18 21:43:32,2026-01-28,2026,1,January,7,Wednesday,False,Morning
626,26UP00416,1,University Park,01/28/2026 05:13 AM,01/28/2026 05:13 AM,01/28/2026 05:55 AM,Assisted the fire department with a reported fire alarm,BEAVER STADIUM,2026-02-18 21:43:32,2026-01-28,2026,1,January,5,Wednesday,False,Late Night
627,26UP00415,1,University Park,01/28/2026 02:20 AM,01/28/2026 02:20 AM,01/28/2026 02:33 AM,Assisted Residence Life staff with a University policy violation,BEAVER HALL,2026-02-18 21:43:32,2026-01-28,2026,1,January,2,Wednesday,False,Late Night
628,26AB00028,2,Abington,01/28/2026 01:30 AM,01/28/2026 01:25 AM,01/28/2026 02:00 AM,Employee reported a fire alarm activation,LIONS GATE AT PENN STATE ABINGTON,2026-02-18 21:43:32,2026-01-28,2026,1,January,1,Wednesday,False,Late Night
629,PSHI-2026-01-I-133140,2,Abington,01/28/2026 12:20 AM,01/27/2026 07:35 PM,,"Asset accountability, equipment malfunction.",Hershey - Dispatched To: HMC and COM - Academic Support Building - ASB > HMC and COM - Academic Support Building - ASB,2026-02-18 21:43:32,2026-01-28,2026,1,January,0,Wednesday,False,Late Night
630,26BK00017,4,Beaver,01/27/2026 11:55 PM,01/27/2026 11:55 PM,01/28/2026 12:10 AM,Student reported a fire alarm activation,LAUREL HALL,2026-02-18 21:43:32,2026-01-27,2026,1,January,23,Tuesday,False,Late Night
631,26UP00414,1,University Park,01/27/2026 11:35 PM,01/27/2026 11:35 PM,01/28/2026 12:15 AM,Student requested assistance with a personal matter,IRVIN HALL,2026-02-18 21:43:32,2026-01-27,2026,1,January,23,Tuesday,False,Late Night
632,PSHI-2026-01-I-133137,2,Abington,01/27/2026 10:46 PM,01/27/2026 09:45 PM,,Assisted clinical staff with agitated patient.,Hershey - Dispatched To: HMC - Emergency Department > HMC - Emergency Department,2026-02-18 21:43:32,2026-01-27,2026,1,January,22,Tuesday,False,Late Night
633,26UP00412,1,University Park,01/27/2026 08:15 PM,01/27/2026 08:15 PM,01/27/2026 10:06 PM,Assisted a visitor with a personal matter,E PARK AVE (BIGLER RD - UNIVERSITY DR),2026-02-18 21:43:32,2026-01-27,2026,1,January,20,Tuesday,False,Evening
634,PSHI-2026-01-I-133129,2,Abington,01/27/2026 07:58 PM,01/27/2026 06:55 PM,,"Patient left care prior to discharge, welfare check requested.",Hershey - Dispatched To: HMC - Emergency Department > HMC - Emergency Department,2026-02-18 21:43:32,2026-01-27,2026,1,January,19,Tuesday,False,Evening
635,26UP00413,1,University Park,01/27/2026 07:56 PM,01/27/2026 04:31 PM,01/27/2026 07:00 PM,Employee reported a hit and run vehicle crash,HUB PARKING DECK,2026-02-18 21:43:32,2026-01-27,2026,1,January,19,Tuesday,False,Evening
636,26UP00411,1,University Park,01/27/2026 07:29 PM,01/27/2026 07:29 PM,01/27/2026 07:39 PM,Student requested assistance with a personal matter,LOT 83 (B) LOT,2026-02-18 21:43:32,2026-01-27,2026,1,January,19,Tuesday,False,Evening
637,26UP00410,1,University Park,01/27/2026 05:09 PM,01/25/2026 02:00 AM,01/25/2026 10:00 AM,Student reported they were sexually assaulted by a known person in a residence hall,SOUTH HALLS RESIDENCE COMPLEX,2026-02-18 21:43:32,2026-01-27,2026,1,January,17,Tuesday,False,Afternoon
638,26UP00408,1,University Park,01/27/2026 05:00 PM,01/25/2026 07:00 AM,01/27/2026 05:38 PM,Visitor reported suspicious activity,UNIVERSITY SUPPORT BLDG I,2026-02-18 21:43:32,2026-01-27,2026,1,January,17,Tuesday,False,Afternoon
639,26AB00027,2,Abington,01/27/2026 04:45 PM,01/16/2026 12:00 AM,01/27/2026 05:00 PM,Employee reported a concern for a student,LIONS GATE AT PENN STATE ABINGTON,2026-02-18 21:43:32,2026-01-27,2026,1,January,16,Tuesday,False,Afternoon
640,26ER00032,5,Erie (Behrend),01/27/2026 03:58 PM,01/24/2026 12:00 AM,01/24/2026 11:59 PM,Student reported being physically assaulted by a known person,TRIPPE HALL,2026-02-18 21:43:32,2026-01-27,2026,1,January,15,Tuesday,False,Afternoon
641,26AL00045,3,Altoona,01/27/2026 03:11 PM,01/25/2026 12:24 AM,01/26/2028 05:15 PM,Student reported a hit and run vehicle crash,HAWTHORN LOT - ALTOONA,2026-02-18 21:43:32,2026-01-27,2026,1,January,15,Tuesday,False,Afternoon
642,26AB00026,2,Abington,01/27/2026 03:11 PM,01/27/2026 03:11 PM,01/27/2026 03:25 PM,Employee reported a concern for students,LARES BUILDING,2026-02-18 21:43:32,2026-01-27,2026,1,January,15,Tuesday,False,Afternoon
643,26ER00031,5,Erie (Behrend),01/27/2026 02:44 PM,01/25/2026 12:00 PM,01/25/2026 06:00 PM,Student reported they were indecently assaulted by a known person in a residence hall,RESIDENCE HALL COMPLEX,2026-02-18 21:43:32,2026-01-27,2026,1,January,14,Tuesday,False,Afternoon
644,PSHI-2026-01-I-133115,2,Abington,01/27/2026 02:08 PM,01/27/2026 09:42 PM,,Property damage related matter.,Hershey - Dispatched To: HMC - Centerview Parking Garage - 6 > HMC - Centerview Parking Garage - 6,2026-02-18 21:43:32,2026-01-27,2026,1,January,14,Tuesday,False,Afternoon
645,PSHI-2026-01-I-133113,2,Abington,01/27/2026 01:26 PM,01/25/2026 07:09 PM,,Minor crash on campus.,Hershey - Dispatched To: HMC - South Parking Garage > HMC - South Parking Garage,2026-02-18 21:43:32,2026-01-27,2026,1,January,13,Tuesday,False,Afternoon
646,26BR00005,6,Berks,01/27/2026 12:36 PM,01/25/2026 12:00 AM,01/27/2026 05:00 AM,Employee reported damage to University property,UNIVERSITY DR,2026-02-18 21:43:32,2026-01-27,2026,1,January,12,Tuesday,False,Afternoon
647,26AB00025,2,Abington,01/27/2026 12:26 PM,01/27/2026 12:26 PM,01/27/2026 12:46 PM,Employee reported a fire alarm activation,LIONS GATE AT PENN STATE ABINGTON,2026-02-18 21:43:32,2026-01-27,2026,1,January,12,Tuesday,False,Afternoon
648,PSHI-2026-01-I-133112,2,Abington,01/27/2026 12:11 PM,01/27/2026 08:29 AM,,Assisted facilities staff and hospital staff with a water incursion emergency.,Hershey - Dispatched To: HMC - Children's Hospital - G > HMC - Children's Hospital - G,2026-02-18 21:43:32,2026-01-27,2026,1,January,12,Tuesday,False,Afternoon
649,26AL00044,3,Altoona,01/27/2026 12:00 PM,01/27/2026 12:55 PM,01/27/2026 01:20 PM,Employee reported a parking concern,PENN LOT - GPE - ALTOONA,2026-02-18 21:43:32,2026-01-27,2026,1,January,12,Tuesday,False,Afternoon
650,26AL00043,3,Altoona,01/27/2026 11:40 AM,01/27/2026 11:40 AM,01/27/2026 11:45 AM,Employee reported a parking concern,MAPLE LOT - GMA - ALTOONA,2026-02-18 21:43:32,2026-01-27,2026,1,January,11,Tuesday,False,Morning
651,26AL00042,3,Altoona,01/27/2026 11:15 AM,01/27/2026 11:15 AM,01/27/2026 11:40 AM,Assisted an outside law enforcement agency with an investigation,11TH ST,2026-02-18 21:43:32,2026-01-27,2026,1,January,11,Tuesday,False,Morning
652,26SL00008,19,Schuylkill,01/27/2026 10:51 AM,01/27/2026 10:45 AM,01/27/2026 11:19 AM,Assisted an outside law enforcement agency with an investigation,PA-61 & UNIVERSITY DR,2026-02-18 21:43:32,2026-01-27,2026,1,January,10,Tuesday,False,Morning
653,PSHI-2026-01-I-133109,2,Abington,01/27/2026 10:49 AM,01/27/2026 10:06 AM,,Minor crash on campus.,Hershey - Dispatched To: HMC - UPC-1 > HMC - UPC-1,2026-02-18 21:43:32,2026-01-27,2026,1,January,10,Tuesday,False,Morning
654,26BR00004,6,Berks,01/27/2026 10:39 AM,01/23/2026 12:00 AM,01/27/2026 10:39 AM,Employee reported damage to University property,STUDENT UNION BUILDING,2026-02-18 21:43:32,2026-01-27,2026,1,January,10,Tuesday,False,Morning
655,26AL00041,3,Altoona,01/27/2026 10:38 AM,01/27/2026 10:38 AM,01/27/2026 11:00 AM,Employee reported a parking concern,PENN LOT - GPE - ALTOONA,2026-02-18 21:43:32,2026-01-27,2026,1,January,10,Tuesday,False,Morning
656,26UP00406,1,University Park,01/27/2026 09:36 AM,01/27/2026 09:36 AM,,Assisted an outside law enforcement agency with an investigation,UNIVERSITY DR,2026-02-18 21:43:32,2026-01-27,2026,1,January,9,Tuesday,False,Morning
657,26UP00407,1,University Park,01/27/2026 09:34 AM,01/27/2026 09:34 AM,01/27/2026 10:41 AM,Employee reported a University policy violation,ERIC J. BARRON INNOVATION HUB BUILDING,2026-02-18 21:43:32,2026-01-27,2026,1,January,9,Tuesday,False,Morning
658,26AB00024,2,Abington,01/27/2026 09:00 AM,01/27/2026 09:00 AM,01/27/2026 10:00 AM,Employee requested assistance with an administrative matter,LIONS GATE NORTH PARKING LOT - ABINGTON,2026-02-18 21:43:32,2026-01-27,2026,1,January,9,Tuesday,False,Morning
659,26UP00405,1,University Park,01/27/2026 08:25 AM,01/20/2026 04:50 PM,01/20/2026 05:01 PM,Employee reported the theft of University property,REDIFER HALL,2026-02-18 21:43:32,2026-01-27,2026,1,January,8,Tuesday,False,Morning
660,26BW00011,7,Brandywine,01/27/2026 07:25 AM,01/27/2026 07:25 AM,01/27/2026 07:48 AM,Assisted the ambulance with a medical emergency,ORCHARD HALL,2026-02-18 21:43:32,2026-01-27,2026,1,January,7,Tuesday,False,Morning
661,26ER00030,5,Erie (Behrend),01/27/2026 06:14 AM,01/27/2026 06:13 AM,01/27/2026 06:25 AM,Employee reported a fire alarm activation,PORCUPINE HALL,2026-02-18 21:43:32,2026-01-27,2026,1,January,6,Tuesday,False,Morning
662,26UP00404,1,University Park,01/27/2026 02:39 AM,01/27/2026 02:39 AM,01/27/2026 02:49 AM,Visitor reported being harassed,UNKNOWN LOCATION,2026-02-18 21:43:32,2026-01-27,2026,1,January,2,Tuesday,False,Late Night
663,PSHI-2026-01-I-133100,2,Abington,01/27/2026 01:59 AM,01/27/2026 01:05 AM,,Assisted clinical staff with agitated patient.,Hershey - Dispatched To: HMC - Main Hospital > HMC - Main Hospital,2026-02-18 21:43:32,2026-01-27,2026,1,January,1,Tuesday,False,Late Night
664,26AL00040,3,Altoona,01/27/2026 12:09 AM,01/27/2026 12:09 AM,01/27/2026 12:39 AM,Student requested assistance with a personal matter,OAK HALL,2026-02-18 21:43:32,2026-01-27,2026,1,January,0,Tuesday,False,Late Night
665,PSHI-2026-01-I-133094,2,Abington,01/26/2026 10:39 PM,01/26/2026 09:40 PM,,Assisted clinical staff with agitated patient.,Hershey - Dispatched To: HMC - Main Hospital - 2 - SIMCU > HMC - Main Hospital - 2 - SIMCU,2026-02-18 21:43:32,2026-01-26,2026,1,January,22,Monday,False,Late Night
666,PSHI-2026-01-I-133093,2,Abington,01/26/2026 10:28 PM,01/17/2026 06:05 AM,,Assisted with internal employee issue.,Hershey - Dispatched To: HMC - Main Hospital > HMC - Main Hospital,2026-02-18 21:43:32,2026-01-26,2026,1,January,22,Monday,False,Late Night
667,26UP00403,1,University Park,01/26/2026 09:55 PM,01/26/2026 09:55 PM,01/26/2026 10:30 PM,Employee reported disorderly persons,EAST PARKING DECK,2026-02-18 21:43:32,2026-01-26,2026,1,January,21,Monday,False,Evening
668,PSHI-2026-01-I-133090,2,Abington,01/26/2026 09:51 PM,01/19/2026 10:11 PM,,Assisted with employee issue,Hershey - Dispatched To: HMC > HMC,2026-02-18 21:43:32,2026-01-26,2026,1,January,21,Monday,False,Evening
669,26UP00402,1,University Park,01/26/2026 09:36 PM,01/26/2026 09:36 PM,01/26/2026 09:50 PM,Assisted an outside law enforcement agency with an investigation,SQUIRREL DR,2026-02-18 21:43:32,2026-01-26,2026,1,January,21,Monday,False,Evening
670,26UP00401,1,University Park,01/26/2026 09:07 PM,01/26/2026 09:07 PM,01/26/2026 09:44 PM,"Resident Assistant reported the odor of marijuana, origin not located",ATHERTON HALL,2026-02-18 21:43:32,2026-01-26,2026,1,January,21,Monday,False,Evening
671,26UP00400,1,University Park,01/26/2026 09:06 PM,01/26/2026 07:20 PM,01/26/2026 07:50 PM,Assisted an outside law enforcement agency with an investigation,E COLLEGE AVE & S ALLEN ST,2026-02-18 21:43:32,2026-01-26,2026,1,January,21,Monday,False,Evening
672,26BR00003,6,Berks,01/26/2026 08:32 PM,01/26/2026 08:32 PM,01/26/2026 08:57 PM,Assisted the ambulance with a medical emergency,HARMONY HALL,2026-02-18 21:43:32,2026-01-26,2026,1,January,20,Monday,False,Evening
673,26ER00029,5,Erie (Behrend),01/26/2026 08:18 PM,01/26/2026 08:18 PM,01/26/2026 08:47 PM,Resident Assistant reported the odor of marijuana,NIAGARA HALL,2026-02-18 21:43:32,2026-01-26,2026,1,January,20,Monday,False,Evening
674,26AB00023,2,Abington,01/26/2026 07:20 PM,01/26/2026 07:15 PM,01/26/2026 07:25 PM,Employee reported a fire alarm activation,LIONS GATE AT PENN STATE ABINGTON,2026-02-18 21:43:32,2026-01-26,2026,1,January,19,Monday,False,Evening
675,26UP00398,1,University Park,01/26/2026 03:25 PM,01/26/2026 05:30 AM,01/26/2026 05:31 AM,Employee reported a one vehicle accident with no injuries,WATTS HALL,2026-02-18 21:43:32,2026-01-26,2026,1,January,15,Monday,False,Afternoon
676,26UP00396,1,University Park,01/26/2026 03:23 PM,01/22/2026 07:30 PM,01/24/2026 06:50 PM,Assisted an outside law enforcement agency with an investigation,E NITTANY AVE,2026-02-18 21:43:32,2026-01-26,2026,1,January,15,Monday,False,Afternoon
677,26UP00397,1,University Park,01/26/2026 03:08 PM,01/25/2026 04:08 PM,01/26/2026 03:46 PM,Employee reported damage to University property,STUART HALL,2026-02-18 21:43:32,2026-01-26,2026,1,January,15,Monday,False,Afternoon
678,PSHI-2026-01-I-133085,2,Abington,01/26/2026 03:00 PM,01/26/2026 02:45 PM,,Assisted clinical staff with a visitor not obeying visitor/hospital rules.,Hershey - Dispatched To: HMC - Children's Hospital - 4 - PICU > HMC - Children's Hospital - 4 - PICU,2026-02-18 21:43:32,2026-01-26,2026,1,January,15,Monday,False,Afternoon
679,26UP00395,1,University Park,01/26/2026 02:21 PM,01/26/2026 02:21 PM,01/26/2026 03:45 PM,Visitor requested assistance in locating a student,MILLER HALL,2026-02-18 21:43:32,2026-01-26,2026,1,January,14,Monday,False,Afternoon
680,26AL00039,3,Altoona,01/26/2026 02:00 PM,01/26/2026 02:00 PM,01/26/2026 02:05 PM,Assisted an employee with an administrative matter,POPLAR BLDG,2026-02-18 21:43:32,2026-01-26,2026,1,January,14,Monday,False,Afternoon
681,PSHI-2026-01-I-133081,2,Abington,01/26/2026 01:13 PM,01/22/2026 12:20 PM,,Assisted clinical staff with agitated patient.,Hershey - Dispatched To: HMC Off-Site - PSCMG - Cocoa Family Practice - PSCMG > HMC Off-Site - PSCMG - Cocoa Family Practice - PSCMG,2026-02-18 21:43:32,2026-01-26,2026,1,January,13,Monday,False,Afternoon
682,26HB00025,13,Harrisburg,01/26/2026 12:55 PM,01/26/2026 12:55 PM,,Assisted an outside law enforcement agency with an investigation,SPRING ST,2026-02-18 21:43:32,2026-01-26,2026,1,January,12,Monday,False,Afternoon
683,PSHI-2026-01-I-133079,2,Abington,01/26/2026 12:36 PM,01/26/2026 11:27 AM,,Assisted clinical staff with agitated patient.,Hershey - Dispatched To: HMC - Main Hospital - 4 - Acute Care > HMC - Main Hospital - 4 - Acute Care,2026-02-18 21:43:32,2026-01-26,2026,1,January,12,Monday,False,Afternoon
684,PSHI-2026-01-I-133078,2,Abington,01/26/2026 12:13 PM,01/26/2026 11:01 AM,,Assisted clinical staff with agitated patient.,Hershey - Dispatched To: HMC - UPC-1 > HMC - UPC-1,2026-02-18 21:43:32,2026-01-26,2026,1,January,12,Monday,False,Afternoon
685,PSHI-2026-01-I-133074,2,Abington,01/26/2026 08:18 AM,,,Personnel matter.,Hershey - Dispatched To: HMC - Cancer Institute - G > HMC - Cancer Institute - G,2026-02-18 21:43:32,2026-01-26,2026,1,January,8,Monday,False,Morning
686,PSHI-2026-01-I-133068,2,Abington,01/26/2026 03:26 AM,01/26/2026 02:03 AM,,Assisted facility staff with an infrastructure related alarm.,Hershey - Dispatched To: COM - College of Medicine > COM - College of Medicine,2026-02-18 21:43:32,2026-01-26,2026,1,January,3,Monday,False,Late Night
687,26UP00394,1,University Park,01/26/2026 01:55 AM,01/26/2026 12:01 AM,01/26/2026 02:32 AM,Employee reported disorderly persons,PACKER HALL,2026-02-18 21:43:32,2026-01-26,2026,1,January,1,Monday,False,Late Night
688,26AL00037,3,Altoona,01/26/2026 01:49 AM,01/26/2026 01:49 AM,01/26/2026 02:00 AM,Employee reported a fire alarm activation,MAPLE HALL,2026-02-18 21:43:32,2026-01-26,2026,1,January,1,Monday,False,Late Night
689,26AL00036,3,Altoona,01/25/2026 10:34 PM,01/25/2026 10:34 PM,01/25/2026 10:45 PM,Employee reported a fire alarm activation,MAPLE HALL,2026-02-18 21:43:32,2026-01-25,2026,1,January,22,Sunday,True,Late Night
690,26ER00028,5,Erie (Behrend),01/25/2026 10:33 PM,01/25/2026 10:33 PM,01/25/2026 10:40 PM,Employee reported an alarm activation,METZGAR ADMISSIONS & ALUMNI CTR,2026-02-18 21:43:32,2026-01-25,2026,1,January,22,Sunday,True,Late Night
691,PSHI-2026-01-I-133064,2,Abington,01/25/2026 08:13 PM,01/25/2026 07:39 PM,,Assisted clinical staff with agitated patient.,Hershey - Dispatched To: HMC - Emergency Department > HMC - Emergency Department,2026-02-18 21:43:32,2026-01-25,2026,1,January,20,Sunday,True,Evening
692,26UP00393,1,University Park,01/25/2026 05:10 PM,01/25/2026 04:30 PM,01/25/2026 05:10 PM,Assisted the ambulance with a medical emergency,HUB LAWN,2026-02-18 21:43:32,2026-01-25,2026,1,January,17,Sunday,True,Afternoon
693,26AL00038,3,Altoona,01/25/2026 05:00 PM,01/24/2026 09:04 PM,01/25/2026 12:00 PM,Student reported the theft of their unattended personal property,OAK HALL,2026-02-18 21:43:32,2026-01-25,2026,1,January,17,Sunday,True,Afternoon
694,PSHI-2026-01-I-133061,2,Abington,01/25/2026 04:22 PM,01/25/2026 04:12 PM,,Assisted clinical staff with an agitated patient.,Hershey - Dispatched To: HMC - Emergency Department > HMC - Emergency Department,2026-02-18 21:43:32,2026-01-25,2026,1,January,16,Sunday,True,Afternoon
695,PSHI-2026-01-I-133060,2,Abington,01/25/2026 03:48 PM,01/25/2026 03:26 PM,,Assisted clinical staff with a visitor issue.,Hershey - Dispatched To: HMC - Children's Hospital - 3 - Children's MED\SURG > HMC - Children's Hospital - 3 - Children's MED\SURG,2026-02-18 21:43:32,2026-01-25,2026,1,January,15,Sunday,True,Afternoon
696,26UP00392,1,University Park,01/25/2026 03:41 PM,01/25/2026 03:41 PM,01/25/2026 03:49 PM,Employee reported the reckless operation of vehicles,KATZ BLDG,2026-02-18 21:43:32,2026-01-25,2026,1,January,15,Sunday,True,Afternoon
697,26ER00027,5,Erie (Behrend),01/25/2026 10:50 AM,01/25/2026 10:50 AM,01/25/2026 11:00 AM,Visitor requested assistance in locating a student,LAWRENCE HALL,2026-02-18 21:43:32,2026-01-25,2026,1,January,10,Sunday,True,Morning
698,26HB00023,13,Harrisburg,01/25/2026 10:44 AM,01/25/2026 10:40 AM,01/25/2026 11:10 AM,Assisted the ambulance with a medical emergency,SHERMAN HOUSE,2026-02-18 21:43:32,2026-01-25,2026,1,January,10,Sunday,True,Morning
699,PSHI-2026-01-I-133057,2,Abington,01/25/2026 10:28 AM,01/25/2026 09:00 AM,,Assisted clinical staff with agitated Patient.,Hershey - Dispatched To: HMC - Emergency Department > HMC - Emergency Department,2026-02-18 21:43:32,2026-01-25,2026,1,January,10,Sunday,True,Morning
700,26UP00391,1,University Park,01/25/2026 06:30 AM,01/25/2026 04:35 AM,01/25/2026 06:15 AM,Employee reported a person trespassing inside a restricted area,BEAVER STADIUM,2026-02-18 21:43:32,2026-01-25,2026,1,January,6,Sunday,True,Morning
701,PSHI-2026-01-I-133055,2,Abington,01/25/2026 06:26 AM,01/25/2026 06:20 AM,,Visitor mismatch to the sex offender registry.,Hershey - Dispatched To: HMC - Children's Hospital > HMC - Children's Hospital,2026-02-18 21:43:32,2026-01-25,2026,1,January,6,Sunday,True,Morning
702,26SL00007,19,Schuylkill,01/25/2026 06:11 AM,01/25/2026 06:08 AM,,Employee reported a two vehicle crash with no injuries,STUDENT PARKING LOT - SCHUYLKILL,2026-02-18 21:43:32,2026-01-25,2026,1,January,6,Sunday,True,Morning
703,PSHI-2026-01-I-133049,2,Abington,01/25/2026 02:49 AM,01/24/2026 04:15 AM,,Assisted employee with a domestic issue.,Hershey - Dispatched To: HMC - Main Hospital > HMC - Main Hospital,2026-02-18 21:43:32,2026-01-25,2026,1,January,2,Sunday,True,Late Night
704,26UP00390,1,University Park,01/25/2026 12:21 AM,01/25/2026 12:21 AM,01/25/2026 12:55 AM,Underage student observed highly intoxicated and transported to the hospital,SNYDER HALL,2026-02-18 21:43:32,2026-01-25,2026,1,January,0,Sunday,True,Late Night
705,26UP00389,1,University Park,01/24/2026 09:55 PM,01/24/2026 09:55 PM,01/24/2026 10:30 PM,Employee reported unsafe conditions,BEAVER HALL,2026-02-18 21:43:32,2026-01-24,2026,1,January,21,Saturday,True,Evening
706,26BK00016,4,Beaver,01/24/2026 09:11 PM,01/24/2026 09:11 PM,01/24/2026 09:55 PM,Employee reported a fire alarm activation,IVY HALL,2026-02-18 21:43:32,2026-01-24,2026,1,January,21,Saturday,True,Evening
707,26UP00388,1,University Park,01/24/2026 08:15 PM,01/19/2026 08:30 PM,01/24/2026 08:15 PM,Student reported damage to University property,PINCHOT HALL,2026-02-18 21:43:32,2026-01-24,2026,1,January,20,Saturday,True,Evening
708,26SL00006,19,Schuylkill,01/24/2026 06:24 PM,01/24/2026 06:14 PM,,Assisted an outside law enforcement agency with an investigation,PA-61,2026-02-18 21:43:32,2026-01-24,2026,1,January,18,Saturday,True,Evening
709,PSHI-2026-01-I-133046,2,Abington,01/24/2026 05:49 PM,01/24/2026 04:54 PM,,Assisted clinical staff with agitated patient.,Hershey - Dispatched To: HMC - Main Hospital - 4 - Neuroscience Integrated Care Unit East > HMC - Main Hospital - 4 - Neuroscience Integrated Care Unit East,2026-02-18 21:43:32,2026-01-24,2026,1,January,17,Saturday,True,Afternoon
710,26UP00387,1,University Park,01/24/2026 05:44 PM,01/24/2026 09:44 AM,01/24/2026 05:44 PM,Student reported the loss of their unattended personal property,FOREST RESOURCES BLDG,2026-02-18 21:43:32,2026-01-24,2026,1,January,17,Saturday,True,Afternoon
711,26UP00386,1,University Park,01/24/2026 05:29 PM,01/24/2026 05:29 PM,01/24/2026 06:00 PM,"Resident Assistant reported the odor of marijuana, origin not located",TENER HALL,2026-02-18 21:43:32,2026-01-24,2026,1,January,17,Saturday,True,Afternoon
712,26UP00385,1,University Park,01/24/2026 04:55 PM,01/24/2026 04:55 PM,01/24/2026 05:29 PM,Student requested assistance with a personal matter,WHITE BLDG,2026-02-18 21:43:32,2026-01-24,2026,1,January,16,Saturday,True,Afternoon
713,PSHI-2026-01-I-133044,2,Abington,01/24/2026 04:55 PM,01/24/2026 04:36 PM,,Assisted clinical staff with a visitor issue.,Hershey - Dispatched To: HMC - Emergency Department > HMC - Emergency Department,2026-02-18 21:43:32,2026-01-24,2026,1,January,16,Saturday,True,Afternoon
714,26UP00384,1,University Park,01/24/2026 03:35 PM,01/24/2026 03:35 PM,01/24/2026 03:57 PM,"Resident Assistant reported the odor of marijuana, origin not located",SIMMONS HALL,2026-02-18 21:43:32,2026-01-24,2026,1,January,15,Saturday,True,Afternoon
715,26UP00383,1,University Park,01/24/2026 03:31 PM,01/23/2026 07:00 PM,01/23/2026 11:00 PM,Student reported abandoned property,BRYCE JORDAN CENTER,2026-02-18 21:43:32,2026-01-24,2026,1,January,15,Saturday,True,Afternoon
716,PSHI-2026-01-I-133043,2,Abington,01/24/2026 03:26 PM,01/24/2026 02:50 PM,,Assisted maintenance staff with an infrastructure issue.,Hershey - Dispatched To: HMC - Main Hospital - 1 - Rotunda Cafe > HMC - Main Hospital - 1 - Rotunda Cafe,2026-02-18 21:43:32,2026-01-24,2026,1,January,15,Saturday,True,Afternoon
717,PSHI-2026-01-I-133041,2,Abington,01/24/2026 03:02 PM,01/24/2026 02:28 PM,,Assisted clinical staff with agitated patient.,Hershey - Dispatched To: HMC - Emergency Department > HMC - Emergency Department,2026-02-18 21:43:32,2026-01-24,2026,1,January,15,Saturday,True,Afternoon
718,PSHI-2026-01-I-133042,2,Abington,01/24/2026 03:02 PM,01/24/2026 02:36 PM,,Assisted clinical staff with an agitated patient.,Hershey - Dispatched To: HMC - Emergency Department > HMC - Emergency Department,2026-02-18 21:43:32,2026-01-24,2026,1,January,15,Saturday,True,Afternoon
719,26AB00022,2,Abington,01/24/2026 02:00 PM,01/24/2026 02:00 PM,01/24/2026 05:59 PM,Employee reported a parking concern,WOODLAND BUILDING,2026-02-18 21:43:32,2026-01-24,2026,1,January,14,Saturday,True,Afternoon
720,26BR00002,6,Berks,01/24/2026 01:01 PM,01/20/2026 02:00 PM,01/24/2026 04:47 PM,Employee reported a concern for a student,HARMONY HALL,2026-02-18 21:43:32,2026-01-24,2026,1,January,13,Saturday,True,Afternoon
721,PSHI-2026-01-I-133037,2,Abington,01/24/2026 12:23 PM,01/24/2026 12:06 PM,,Assisted clinical staff with agitated visitor.,Hershey - Dispatched To: HMC - Emergency Department > HMC - Emergency Department,2026-02-18 21:43:32,2026-01-24,2026,1,January,12,Saturday,True,Afternoon
722,26AB00021,2,Abington,01/24/2026 11:56 AM,12/18/2025 11:45 AM,12/18/2025 12:00 PM,Assisted an outside law enforcement agency with an investigation,RYDAL RD,2026-02-18 21:43:32,2026-01-24,2026,1,January,11,Saturday,True,Morning
723,26AB00020,2,Abington,01/24/2026 11:29 AM,01/24/2026 11:29 AM,01/24/2026 11:50 AM,Employee reported a fire alarm activation,LIONS GATE AT PENN STATE ABINGTON,2026-02-18 21:43:32,2026-01-24,2026,1,January,11,Saturday,True,Morning
724,26UP00382,1,University Park,01/24/2026 10:48 AM,01/23/2026 10:00 AM,01/23/2026 01:00 PM,Student reported the theft of their unattended personal property,ERIC J. BARRON INNOVATION HUB BUILDING,2026-02-18 21:43:32,2026-01-24,2026,1,January,10,Saturday,True,Morning
725,PSHI-2026-01-I-133036,2,Abington,01/24/2026 10:39 AM,01/24/2026 09:28 AM,,Assisted clinical staff with agitated patient.,Hershey - Dispatched To: HMC - Main Hospital - 4 - Neuroscience Integrated Care Unit East > HMC - Main Hospital - 4 - Neuroscience Integrated Care Unit East,2026-02-18 21:43:32,2026-01-24,2026,1,January,10,Saturday,True,Morning
726,PSHI-2026-01-I-133035,2,Abington,01/24/2026 10:35 AM,01/23/2026 12:00 PM,,Minor crash on campus.,Hershey - Dispatched To: HMC - 30 Hope Drive > HMC - 30 Hope Drive,2026-02-18 21:43:32,2026-01-24,2026,1,January,10,Saturday,True,Morning
727,PSHI-2026-01-I-133032,2,Abington,01/24/2026 10:00 AM,01/24/2026 07:44 AM,,Assisted clinical staff with agitated patient.,Hershey - Dispatched To: HMC - Main Hospital - 4 - Neuroscience Integrated Care Unit East > HMC - Main Hospital - 4 - Neuroscience Integrated Care Unit East,2026-02-18 21:43:32,2026-01-24,2026,1,January,10,Saturday,True,Morning
728,26UP00381,1,University Park,01/24/2026 08:20 AM,01/24/2026 08:20 AM,01/24/2026 08:50 AM,Student reported a two vehicle crash with no injuries,HUB PARKING DECK,2026-02-18 21:43:32,2026-01-24,2026,1,January,8,Saturday,True,Morning
729,26UP00380,1,University Park,01/24/2026 06:39 AM,01/24/2026 06:39 AM,01/24/2026 07:40 AM,Assisted Residence Life staff with a University policy violation,FINDLAY HALL,2026-02-18 21:43:32,2026-01-24,2026,1,January,6,Saturday,True,Morning
730,PSHI-2026-01-I-133027,2,Abington,01/24/2026 06:27 AM,01/24/2026 04:45 AM,,Turned over drug paraphernalia to police.,Hershey - Dispatched To: HMC - Emergency Department > HMC - Emergency Department,2026-02-18 21:43:32,2026-01-24,2026,1,January,6,Saturday,True,Morning
731,26UP00378,1,University Park,01/24/2026 05:23 AM,01/24/2026 05:20 AM,01/24/2026 05:23 AM,Student reported damage to University property,GEARY HALL,2026-02-18 21:43:32,2026-01-24,2026,1,January,5,Saturday,True,Late Night
732,26UP00379,1,University Park,01/24/2026 05:13 AM,01/24/2026 05:13 AM,01/24/2026 06:28 AM,Student reported persons trespassing inside a residence hall,SNYDER HALL,2026-02-18 21:43:32,2026-01-24,2026,1,January,5,Saturday,True,Late Night
733,26UP00377,1,University Park,01/24/2026 03:11 AM,01/24/2026 03:11 AM,01/24/2025 03:36 AM,Student observed highly intoxicated and transported to the hospital,PINCHOT HALL,2026-02-18 21:43:32,2026-01-24,2026,1,January,3,Saturday,True,Late Night
734,26UP00376,1,University Park,01/24/2026 02:59 AM,01/24/2026 02:59 AM,01/24/2026 03:17 AM,Underage student observed highly intoxicated and transported to the hospital,BIGLER RD & MILLENNIUM DR,2026-02-18 21:43:32,2026-01-24,2026,1,January,2,Saturday,True,Late Night
735,26UP00375,1,University Park,01/24/2026 02:05 AM,01/24/2026 02:00 AM,01/24/2026 02:05 AM,Assisted an outside law enforcement agency with an investigation,W COLLEGE AVE,2026-02-18 21:43:32,2026-01-24,2026,1,January,2,Saturday,True,Late Night
736,PSHI-2026-01-I-133022,2,Abington,01/24/2026 01:30 AM,01/24/2026 01:24 AM,,Visitor mismatch to the sex offender registry.,Hershey - Dispatched To: HMC - Children's Hospital > HMC - Children's Hospital,2026-02-18 21:43:32,2026-01-24,2026,1,January,1,Saturday,True,Late Night
737,26UP00374,1,University Park,01/24/2026 01:25 AM,01/24/2026 01:25 AM,01/24/2026 02:23 AM,Student observed highly intoxicated and transported to the hospital,EARLE HALL,2026-02-18 21:43:32,2026-01-24,2026,1,January,1,Saturday,True,Late Night
738,26BW00010,7,Brandywine,01/24/2026 01:09 AM,01/24/2026 01:09 AM,01/24/2026 12:00 AM,Employee reported an intrusion alarm activation,MAINTENANCE BUILDING NEW,2026-02-18 21:43:32,2026-01-24,2026,1,January,1,Saturday,True,Late Night
739,26ER00026,5,Erie (Behrend),01/24/2026 01:03 AM,01/24/2026 01:03 AM,01/24/2026 01:55 AM,Employee reported disorderly persons,TRIPPE HALL,2026-02-18 21:43:32,2026-01-24,2026,1,January,1,Saturday,True,Late Night
740,26ER00025,5,Erie (Behrend),01/24/2026 12:48 AM,01/24/2026 12:48 AM,01/24/2026 01:46 AM,Student observed highly intoxicated and transported to the hospital,TRIPPE HALL,2026-02-18 21:43:32,2026-01-24,2026,1,January,0,Saturday,True,Late Night
741,26UP00368,1,University Park,01/24/2026 12:06 AM,01/24/2026 12:06 AM,,Underage student observed highly intoxicated,CURTIN RD & SHORTLIDGE RD,2026-02-18 21:43:32,2026-01-24,2026,1,January,0,Saturday,True,Late Night
742,26UP00367,1,University Park,01/24/2026 12:02 AM,01/24/2026 12:02 AM,01/24/2026 12:47 AM,Assisted an outside law enforcement agency with an investigation,W COLLEGE AVE & N PATTERSON ST,2026-02-18 21:43:32,2026-01-24,2026,1,January,0,Saturday,True,Late Night
743,26BW00009,7,Brandywine,01/23/2026 11:41 PM,01/23/2026 11:41 PM,01/23/2026 11:59 PM,Employee reported suspicious person,COMMONS & ATHLETIC CENTER,2026-02-18 21:43:32,2026-01-23,2026,1,January,23,Friday,False,Late Night
744,PSHI-2026-01-I-133021,2,Abington,01/23/2026 11:21 PM,01/23/2026 07:30 PM,,Assisted staff with patient who called 911 repeatedly.,Hershey - Dispatched To: HMC - Main Hospital - 6 - MIMCU > HMC - Main Hospital - 6 - MIMCU,2026-02-18 21:43:32,2026-01-23,2026,1,January,23,Friday,False,Late Night
745,26SL00005,19,Schuylkill,01/23/2026 11:03 PM,01/23/2026 10:58 PM,01/23/2026 11:03 PM,"Resident Assistant reported the odor of marijuana, origin not located",NITTANY APARTMENTS V,2026-02-18 21:43:32,2026-01-23,2026,1,January,23,Friday,False,Late Night
746,26UP00363,1,University Park,01/23/2026 11:00 PM,01/23/2026 09:00 PM,01/23/2026 11:12 PM,Employee reported suspicious activity,BRYCE JORDAN CENTER,2026-02-18 21:43:32,2026-01-23,2026,1,January,23,Friday,False,Late Night
747,PSHI-2026-01-I-133018,2,Abington,01/23/2026 10:40 PM,01/23/2026 09:49 PM,,Assisted clinical staff with agitated patient.,Hershey - Dispatched To: HMC - Main Hospital - 4 - Neuro > HMC - Main Hospital - 4 - Neuro,2026-02-18 21:43:32,2026-01-23,2026,1,January,22,Friday,False,Late Night
748,26UP00354,1,University Park,01/23/2026 08:52 PM,01/23/2026 08:52 PM,,Underage student observed highly intoxicated,BRYCE JORDAN CENTER,2026-02-18 21:43:32,2026-01-23,2026,1,January,20,Friday,False,Evening
749,26UP00353,1,University Park,01/23/2026 08:23 PM,01/23/2026 08:23 PM,,Assisted Residence Life staff with a University policy violation,BIGLER HALL,2026-02-18 21:43:32,2026-01-23,2026,1,January,20,Friday,False,Evening
750,26UP00352,1,University Park,01/23/2026 07:43 PM,01/23/2026 07:43 PM,01/23/2026 07:45 PM,Assisted an outside law enforcement agency with an investigation,UNIVERSITY SUPPORT BLDG I,2026-02-18 21:43:32,2026-01-23,2026,1,January,19,Friday,False,Evening
751,26UP00351,1,University Park,01/23/2026 07:29 PM,01/23/2026 07:29 PM,01/23/2026 07:46 PM,Visitor requested assistance with a personal matter,NITTANY PARKING,2026-02-18 21:43:32,2026-01-23,2026,1,January,19,Friday,False,Evening
752,26YK00003,23,York,01/23/2026 06:23 PM,01/23/2026 06:00 PM,01/23/2026 06:23 PM,Visitor reported a concern for other persons,EDGECOMB AVE,2026-02-18 21:43:32,2026-01-23,2026,1,January,18,Friday,False,Evening
753,26UP00350,1,University Park,01/23/2026 04:45 PM,01/23/2026 04:45 PM,,Received this department's copy of a Protection From Abuse (PFA) order,UNIVERSITY SUPPORT BLDG I,2026-02-18 21:43:32,2026-01-23,2026,1,January,16,Friday,False,Afternoon
754,26UP00348,1,University Park,01/23/2026 04:41 PM,01/23/2026 04:41 PM,01/23/2026 05:15 PM,Received this department's copy of a Protection From Abuse (PFA) order,UNIVERSITY SUPPORT BLDG I,2026-02-18 21:43:32,2026-01-23,2026,1,January,16,Friday,False,Afternoon
755,PSHI-2026-01-I-133008,2,Abington,01/23/2026 04:00 PM,01/23/2026 02:46 PM,,Assisted with on site medical emergency with visitor.,Hershey - Dispatched To: HMC - Main Hospital  > HMC - Main Hospital,2026-02-18 21:43:32,2026-01-23,2026,1,January,16,Friday,False,Afternoon
756,PSHI-2026-01-I-133007,2,Abington,01/23/2026 03:33 PM,01/23/2026 03:15 PM,,Assisted clinical staff with a visitor issue.,Hershey - Dispatched To: HMC - Emergency Department > HMC - Emergency Department,2026-02-18 21:43:32,2026-01-23,2026,1,January,15,Friday,False,Afternoon
757,PSHI-2026-01-I-133006,2,Abington,01/23/2026 03:27 PM,01/23/2026 09:25 AM,,Assisted clinical staff with agitated patient.,Hershey - Dispatched To: HMC Off-Site - PSMG - Cocoa Outpatient Center - PSMG > HMC Off-Site - PSMG - Cocoa Outpatient Center - PSMG,2026-02-18 21:43:32,2026-01-23,2026,1,January,15,Friday,False,Afternoon
758,26UP00347,1,University Park,01/23/2026 03:14 PM,12/01/2025 12:00 AM,01/23/2026 05:49 PM,Employee reported suspicious person,ERIC J. BARRON INNOVATION HUB BUILDING,2026-02-18 21:43:32,2026-01-23,2026,1,January,15,Friday,False,Afternoon
759,PSHI-2026-01-I-133002,2,Abington,01/23/2026 02:33 PM,01/23/2026 12:26 PM,,Visitor sustained minor injury.,Hershey - Dispatched To: HMC - Children's Hospital - 8 - NICU - Neonatal Intensive Care Unit West (NICU) > HMC - Children's Hospital - 8 - NICU - Neonatal Intensive Care Unit West (NICU),2026-02-18 21:43:32,2026-01-23,2026,1,January,14,Friday,False,Afternoon
760,26UP00343,1,University Park,01/23/2026 02:14 PM,01/22/2026 02:02 PM,01/23/2026 02:14 PM,Employee reported suspicious activity,UNIVERSITY SUPPORT BLDG I,2026-02-18 21:43:32,2026-01-23,2026,1,January,14,Friday,False,Afternoon
761,PSHI-2026-01-I-132997,2,Abington,01/23/2026 02:03 PM,01/23/2026 01:21 PM,,Assisted clinical staff with agitated patient.,Hershey - Dispatched To: HMC - Main Hospital - 4 - Neuroscience Integrated Care Unit East > HMC - Main Hospital - 4 - Neuroscience Integrated Care Unit East,2026-02-18 21:43:32,2026-01-23,2026,1,January,14,Friday,False,Afternoon
762,26UP00342,1,University Park,01/23/2026 02:00 PM,01/23/2026 02:00 PM,01/23/2026 02:47 PM,Employee reported accidental damage to a privately owned vehicle,MEATS LAB,2026-02-18 21:43:32,2026-01-23,2026,1,January,14,Friday,False,Afternoon
763,PSHI-2026-01-I-132996,2,Abington,01/23/2026 12:21 PM,01/23/2026 11:19 AM,,Assisted clinical staff with agitated patient.,Hershey - Dispatched To: HMC - Main Hospital - 4 - Neuroscience Integrated Care Unit East > HMC - Main Hospital - 4 - Neuroscience Integrated Care Unit East,2026-02-18 21:43:32,2026-01-23,2026,1,January,12,Friday,False,Afternoon
764,26YK00002,23,York,01/23/2026 11:09 AM,01/23/2026 10:03 AM,01/23/2026 10:05 AM,Student reported a two vehicle crash with no injuries,UPPER PULLO CENTER PARKING LOT - YORK,2026-02-18 21:43:32,2026-01-23,2026,1,January,11,Friday,False,Morning
765,PSHI-2026-01-I-132995,2,Abington,01/23/2026 09:48 AM,01/23/2026 09:36 AM,,Vetted visitor through lobby management software.,Hershey - Dispatched To: HMC - Children's Hospital > HMC - Children's Hospital,2026-02-18 21:43:32,2026-01-23,2026,1,January,9,Friday,False,Morning
766,PSHI-2026-01-I-132994,2,Abington,01/23/2026 09:32 AM,01/23/2026 07:11 AM,,Assisted clinic staff with disgruntled visitor.,Hershey - Dispatched To: HMC - 15 Hope Drive - HOSC > HMC - 15 Hope Drive - HOSC,2026-02-18 21:43:32,2026-01-23,2026,1,January,9,Friday,False,Morning
767,26UP00341,1,University Park,01/23/2026 09:15 AM,01/23/2026 09:15 AM,01/23/2026 09:30 AM,Assisted the fire department with a reported smoke condition/fire alarmactivation,GRUBB HALL,2026-02-18 21:43:32,2026-01-23,2026,1,January,9,Friday,False,Morning
768,26BK00015,4,Beaver,01/23/2026 07:17 AM,01/23/2026 07:17 AM,01/23/2026 07:22 AM,Employee reported a parking concern,CLARY DR,2026-02-18 21:43:32,2026-01-23,2026,1,January,7,Friday,False,Morning
769,PSHI-2026-01-I-132989,2,Abington,01/23/2026 05:20 AM,01/23/2026 01:37 AM,,Vetted visitor through lobby management.,Hershey - Dispatched To: HMC - Children's Hospital > HMC - Children's Hospital,2026-02-18 21:43:32,2026-01-23,2026,1,January,5,Friday,False,Late Night
770,26UP00340,1,University Park,01/23/2026 04:02 AM,01/23/2026 04:02 AM,01/23/2026 05:43 AM,Officer conducted a security inspection,ADLER ATHLETIC COMPLEX,2026-02-18 21:43:32,2026-01-23,2026,1,January,4,Friday,False,Late Night
771,PSHI-2026-01-I-132988,2,Abington,01/23/2026 03:46 AM,01/23/2026 02:50 AM,,Assisted clinical staff with agitated visitor.,Hershey - Dispatched To: HMC - Emergency Department > HMC - Emergency Department,2026-02-18 21:43:32,2026-01-23,2026,1,January,3,Friday,False,Late Night
772,PSHI-2026-01-I-132987,2,Abington,01/23/2026 01:21 AM,01/23/2026 09:14 PM,,Visitor mismatch to the sex offender registry.,Hershey - Dispatched To: HMC - Children's Hospital > HMC - Children's Hospital,2026-02-18 21:43:32,2026-01-23,2026,1,January,1,Friday,False,Late Night
773,PSHI-2026-01-I-132985,2,Abington,01/22/2026 11:23 PM,01/22/2026 10:34 PM,,Turned over suspected drugs to the police.,Hershey - Dispatched To: HMC - Emergency Department > HMC - Emergency Department,2026-02-18 21:43:32,2026-01-22,2026,1,January,23,Thursday,False,Late Night
774,26ER00024,5,Erie (Behrend),01/22/2026 11:00 PM,01/22/2026 11:00 PM,01/23/2026 12:55 AM,Underage student observed highly intoxicated and transported to the hospital,TIFFANY HALL,2026-02-18 21:43:32,2026-01-22,2026,1,January,23,Thursday,False,Late Night
775,26UP00336,1,University Park,01/22/2026 10:29 PM,01/22/2026 10:29 PM,01/22/2026 11:00 PM,Student observed highly intoxicated and transported to the hospital,W BEAVER AVE,2026-02-18 21:43:32,2026-01-22,2026,1,January,22,Thursday,False,Late Night
776,26ER00023,5,Erie (Behrend),01/22/2026 08:57 PM,01/22/2026 08:57 PM,01/22/2026 09:08 PM,Employee reported a fire alarm activation,ELLIOTT HALL,2026-02-18 21:43:32,2026-01-22,2026,1,January,20,Thursday,False,Evening
777,26UP00328,1,University Park,01/22/2026 08:09 PM,01/22/2026 08:09 PM,01/22/2026 08:21 PM,Student requested assistance with an administrative matter,GEARY HALL,2026-02-18 21:43:32,2026-01-22,2026,1,January,20,Thursday,False,Evening
778,26UP00329,1,University Park,01/22/2026 08:08 PM,01/22/2026 08:08 PM,01/22/2026 08:34 PM,Received this department's copy of a Protection From Abuse (PFA) order,UNIVERSITY SUPPORT BLDG I,2026-02-18 21:43:32,2026-01-22,2026,1,January,20,Thursday,False,Evening
779,PSHI-2026-01-I-132979,2,Abington,01/22/2026 07:53 PM,01/22/2026 06:40 PM,,Assisted visitor with transportation issues.,Hershey - Dispatched To: HMC - Main Hospital > HMC - Main Hospital,2026-02-18 21:43:32,2026-01-22,2026,1,January,19,Thursday,False,Evening
780,26BW00008,7,Brandywine,01/22/2026 06:45 PM,10/01/2025 12:00 AM,01/20/2026 12:00 AM,Student reported disorderly person,ORCHARD HALL,2026-02-18 21:43:32,2026-01-22,2026,1,January,18,Thursday,False,Evening
781,26UP00326,1,University Park,01/22/2026 04:20 PM,01/22/2026 01:53 PM,01/22/2026 04:39 PM,Employee reported suspicious activity,BOUCKE BLDG,2026-02-18 21:43:32,2026-01-22,2026,1,January,16,Thursday,False,Afternoon
782,26AL00035,3,Altoona,01/22/2026 04:10 PM,01/22/2026 04:10 PM,01/22/2026 04:40 PM,Employee reported a fire alarm activation,OAK HALL,2026-02-18 21:43:32,2026-01-22,2026,1,January,16,Thursday,False,Afternoon
783,26UP00325,1,University Park,01/22/2026 03:48 PM,01/22/2026 03:48 PM,01/22/2026 04:11 PM,Visitor reported abandoned property,NITTANY PARKING,2026-02-18 21:43:32,2026-01-22,2026,1,January,15,Thursday,False,Afternoon
784,26FE00001,10,Fayette,01/22/2026 03:38 PM,01/22/2020 12:00 AM,01/23/2026 11:47 AM,Employees reported being harassed,COAL AND COKE HERATIGE MUSEUM,2026-02-18 21:43:32,2026-01-22,2026,1,January,15,Thursday,False,Afternoon
785,26UP00324,1,University Park,01/22/2026 02:17 PM,01/18/2026 06:00 PM,01/18/2026 11:59 PM,Student reported being harassed,ROBINSON HALL,2026-02-18 21:43:32,2026-01-22,2026,1,January,14,Thursday,False,Afternoon
786,PSHI-2026-01-I-132967,2,Abington,01/22/2026 01:51 PM,,,Assisted valet staff with agitated visitor.,Hershey - Dispatched To: HMC - Main Hospital - 1 - Main Entrance\Valet > HMC - Main Hospital - 1 - Main Entrance\Valet,2026-02-18 21:43:32,2026-01-22,2026,1,January,13,Thursday,False,Afternoon
787,26UP00321,1,University Park,01/22/2026 12:48 PM,01/22/2026 12:48 PM,01/22/2026 01:31 PM,Visitor reported being physically assaulted by a known person,AIRPORT AIR TERMINAL BLDG,2026-02-18 21:43:32,2026-01-22,2026,1,January,12,Thursday,False,Afternoon
788,26AL00034,3,Altoona,01/22/2026 12:22 PM,01/22/2026 12:22 PM,01/22/2026 01:00 PM,Assisted an outside law enforcement agency with an investigation,COLONIAL DR,2026-02-18 21:43:32,2026-01-22,2026,1,January,12,Thursday,False,Afternoon
789,PSHI-2026-01-I-132960,2,Abington,01/22/2026 10:40 AM,01/22/2026 09:42 AM,,Infant Abduction Drill.,Hershey - Dispatched To: HMC - Children's Hospital > HMC - Children's Hospital,2026-02-18 21:43:32,2026-01-22,2026,1,January,10,Thursday,False,Morning
790,26BW00007,7,Brandywine,01/22/2026 10:32 AM,01/22/2026 10:32 AM,01/22/2026 10:00 AM,Employee reported a parking concern,ORCHARD HALL,2026-02-18 21:43:32,2026-01-22,2026,1,January,10,Thursday,False,Morning
791,PSHI-2026-01-I-132959,2,Abington,01/22/2026 10:16 AM,01/22/2026 09:52 AM,,Assisted clinical staff with agitated patient.,Hershey - Dispatched To: HMC - Emergency Department > HMC - Emergency Department,2026-02-18 21:43:32,2026-01-22,2026,1,January,10,Thursday,False,Morning
792,26ER00022,5,Erie (Behrend),01/22/2026 10:00 AM,01/22/2026 09:55 AM,01/22/2026 10:45 AM,Visitor reported a traffic concern regarding a vehicle,SENAT HALL SIDEWALK,2026-02-18 21:43:32,2026-01-22,2026,1,January,10,Thursday,False,Morning
793,26BK00014,4,Beaver,01/22/2026 09:46 AM,01/22/2026 09:46 AM,,Employee reported a parking concern,CLARY DR,2026-02-18 21:43:32,2026-01-22,2026,1,January,9,Thursday,False,Morning
794,26BK00013,4,Beaver,01/22/2026 09:35 AM,01/22/2026 09:35 AM,,Employee reported a parking concern,FACULTY STAFF VISITOR LOT B1 - BERKS,2026-02-18 21:43:32,2026-01-22,2026,1,January,9,Thursday,False,Morning
795,26UP00319,1,University Park,01/22/2026 08:44 AM,01/22/2026 08:44 AM,01/22/2026 08:50 AM,Visitor requested assistance in locating a student,MILLER HALL,2026-02-18 21:43:32,2026-01-22,2026,1,January,8,Thursday,False,Morning
796,26LV00002,16,Lehigh Valley,01/22/2026 08:28 AM,01/21/2006 07:26 PM,,Employee reported a concern for a student,LEHIGH VALLEY BLDG,2026-02-18 21:43:32,2026-01-22,2026,1,January,8,Thursday,False,Morning
797,PSHI-2026-01-I-132958,2,Abington,01/22/2026 07:34 AM,01/21/2026 02:41 PM,,Assisted clinical staff with agitated visitor.,Hershey - Dispatched To: HMC - UPC-1 > HMC - UPC-1,2026-02-18 21:43:32,2026-01-22,2026,1,January,7,Thursday,False,Morning
798,PSHI-2026-01-I-132956,2,Abington,01/22/2026 06:00 AM,01/22/2026 05:38 AM,,Assisted clinical staff with agitated patient.,Hershey - Dispatched To: HMC - Emergency Department > HMC - Emergency Department,2026-02-18 21:43:32,2026-01-22,2026,1,January,6,Thursday,False,Morning
799,26AL00032,3,Altoona,01/22/2026 02:30 AM,01/22/2026 02:30 AM,,Employee reported a fire alarm activation,OAK HALL,2026-02-18 21:43:32,2026-01-22,2026,1,January,2,Thursday,False,Late Night
800,PSHI-2026-01-I-132953,2,Abington,01/22/2026 02:17 AM,01/21/2026 06:50 PM,,Team de-escalation for agitated patient.,Hershey - Dispatched To: HMC - Main Hospital > HMC - Main Hospital,2026-02-18 21:43:32,2026-01-22,2026,1,January,2,Thursday,False,Late Night
801,26UP00317,1,University Park,01/22/2026 12:17 AM,01/18/2026 11:00 PM,01/18/2025 11:00 PM,Student reported a person trespassing inside a residence hall room,PENNYPACKER HALL,2026-02-18 21:43:32,2026-01-22,2026,1,January,0,Thursday,False,Late Night
802,PSHI-2026-01-I-132949,2,Abington,01/21/2026 11:24 PM,01/21/2026 10:51 PM,,Assisted clinical staff with agitated patient.,Hershey - Dispatched To: HMC - Main Hospital - 4 - Neuro > HMC - Main Hospital - 4 - Neuro,2026-02-18 21:43:32,2026-01-21,2026,1,January,23,Wednesday,False,Late Night
803,26ER00021,5,Erie (Behrend),01/21/2026 11:20 PM,01/21/2026 11:20 PM,01/21/2026 11:30 PM,Employee reported a fire alarm activation,ALMY HALL,2026-02-18 21:43:32,2026-01-21,2026,1,January,23,Wednesday,False,Late Night
804,26UP00314,1,University Park,01/21/2026 11:06 PM,01/21/2026 11:06 PM,01/21/2026 11:35 PM,Employee reported a fire alarm activation,PINCHOT HALL,2026-02-18 21:43:32,2026-01-21,2026,1,January,23,Wednesday,False,Late Night
805,PSHI-2026-01-I-132945,2,Abington,01/21/2026 10:17 PM,01/21/2026 08:40 PM,,Assisted clinical staff with agitated visitor.,Hershey - Dispatched To: HMC - Main Hospital - 1 - Surgical Waiting Area > HMC - Main Hospital - 1 - Surgical Waiting Area,2026-02-18 21:43:32,2026-01-21,2026,1,January,22,Wednesday,False,Late Night
806,26AB00019,2,Abington,01/21/2026 09:52 PM,01/21/2026 09:52 PM,01/21/2026 10:02 PM,Visitor mistakenly dialed 911. no issue discovered,LIONS GATE AT PENN STATE ABINGTON,2026-02-18 21:43:32,2026-01-21,2026,1,January,21,Wednesday,False,Evening
807,26UP00313,1,University Park,01/21/2026 08:54 PM,01/21/2026 08:54 PM,01/22/2026 11:51 PM,Student reported being harassed,PENNYPACKER HALL,2026-02-18 21:43:32,2026-01-21,2026,1,January,20,Wednesday,False,Evening
808,26UP00312,1,University Park,01/21/2026 06:54 PM,01/21/2026 06:54 PM,,Assisted an outside law enforcement agency,MOORE BLDG,2026-02-18 21:43:32,2026-01-21,2026,1,January,18,Wednesday,False,Evening
809,26UP00311,1,University Park,01/21/2026 06:48 PM,01/21/2026 12:40 PM,01/21/2026 10:17 AM,Employee reported being harassed,UNKNOWN LOCATION,2026-02-18 21:43:32,2026-01-21,2026,1,January,18,Wednesday,False,Evening
810,26AL00031,3,Altoona,01/21/2026 06:13 PM,01/21/2026 05:00 PM,01/21/2026 06:13 PM,Employee reported suspicious persons,HAWTHORN BLDG,2026-02-18 21:43:32,2026-01-21,2026,1,January,18,Wednesday,False,Evening
811,26ER00020,5,Erie (Behrend),01/21/2026 06:00 PM,01/21/2026 06:00 PM,01/21/2026 06:29 PM,Employee reported unsafe conditions,REED BUILDING NORTH SIDEWALK,2026-02-18 21:43:32,2026-01-21,2026,1,January,18,Wednesday,False,Evening
812,26AB00018,2,Abington,01/21/2026 05:54 PM,01/08/2026 12:00 AM,01/21/2026 12:42 AM,Student reported a concern for another student,LIONS GATE AT PENN STATE ABINGTON,2026-02-18 21:43:32,2026-01-21,2026,1,January,17,Wednesday,False,Afternoon
813,26HN00005,15,Hershey,01/21/2026 05:15 PM,01/21/2026 05:15 PM,01/21/2026 05:36 PM,Employee reported a fire alarm drill activation,RESIDENCE HALL NORTH,2026-02-18 21:43:32,2026-01-21,2026,1,January,17,Wednesday,False,Afternoon
814,PSHI-2026-01-I-132935,2,Abington,01/21/2026 05:11 PM,01/21/2026 05:04 PM,,Received court documents.,Hershey - Dispatched To: HMC - Main Hospital > HMC - Main Hospital,2026-02-18 21:43:32,2026-01-21,2026,1,January,17,Wednesday,False,Afternoon
815,26UP00309,1,University Park,01/21/2026 04:39 PM,01/18/2026 05:00 PM,01/21/2026 04:49 PM,Student reported the theft of their unattended personal property,MCELWAIN HALL,2026-02-18 21:43:32,2026-01-21,2026,1,January,16,Wednesday,False,Afternoon
816,PSHI-2026-01-I-132934,2,Abington,01/21/2026 04:39 PM,01/21/2026 12:35 PM,,Assisted clinical staff with agitated patient.,Hershey - Dispatched To: HMC - Children's Hospital > HMC - Children's Hospital,2026-02-18 21:43:32,2026-01-21,2026,1,January,16,Wednesday,False,Afternoon
817,26UP00308,1,University Park,01/21/2026 04:19 PM,01/21/2026 04:05 PM,01/21/2026 04:51 PM,Student reported a two vehicle crash with no injuries,COMMUTER JORDAN EAST 2 LOT,2026-02-18 21:43:32,2026-01-21,2026,1,January,16,Wednesday,False,Afternoon
818,PSHI-2026-01-I-132930,2,Abington,01/21/2026 04:02 PM,01/21/2026 03:46 PM,,Assisted clinical staff with trauma patient.,Hershey - Dispatched To: HMC - Emergency Department > HMC - Emergency Department,2026-02-18 21:43:32,2026-01-21,2026,1,January,16,Wednesday,False,Afternoon
819,26UP00307,1,University Park,01/21/2026 02:47 PM,01/21/2026 02:47 PM,01/21/2026 05:04 PM,Visitor reported suspicious activity,HASTINGS HALL,2026-02-18 21:43:32,2026-01-21,2026,1,January,14,Wednesday,False,Afternoon
820,26BW00014,7,Brandywine,01/21/2026 02:40 PM,01/21/2026 02:30 PM,01/21/2026 02:45 PM,Assisted the ambulance with a medical emergency,COMMONS & ATHLETIC CENTER,2026-02-18 21:43:32,2026-01-21,2026,1,January,14,Wednesday,False,Afternoon
821,26UP00306,1,University Park,01/21/2026 01:29 PM,01/21/2026 01:29 PM,01/21/2026 03:14 PM,Employee requested assistance with an administrative matter,BUSINESS BLDG,2026-02-18 21:43:32,2026-01-21,2026,1,January,13,Wednesday,False,Afternoon
822,26LV00001,16,Lehigh Valley,01/21/2026 01:00 PM,01/21/2026 01:00 PM,,Assisted a student with a personal matter,LEHIGH VALLEY BLDG,2026-02-18 21:43:32,2026-01-21,2026,1,January,13,Wednesday,False,Afternoon
823,26AL00030,3,Altoona,01/21/2026 12:34 PM,01/21/2026 12:34 PM,01/21/2026 12:50 PM,Employee reported a parking concern,IVY LOT - GIV - ALTOONA,2026-02-18 21:43:32,2026-01-21,2026,1,January,12,Wednesday,False,Afternoon
824,PSHI-2026-01-I-132923,2,Abington,01/21/2026 11:11 AM,01/21/2026 12:35 PM,,Minor crash on campus.,Hershey - Dispatched To: HMC - University Drive Roadway > HMC - University Drive Roadway,2026-02-18 21:43:32,2026-01-21,2026,1,January,11,Wednesday,False,Morning
825,26UP00304,1,University Park,01/21/2026 10:18 AM,01/20/2026 12:30 PM,01/21/2026 05:30 AM,Employee requested assistance with an administrative matter,"ANIMAL, VETERINARY, AND BIOMEDICAL SCIENCES BUILDING",2026-02-18 21:43:32,2026-01-21,2026,1,January,10,Wednesday,False,Morning
826,PSHI-2026-01-I-132922,2,Abington,01/21/2026 10:14 AM,01/21/2026 10:12 AM,,Received court documents.,Hershey - Reported Location: HMC - Main Hospital - 7 - PSCI,2026-02-18 21:43:32,2026-01-21,2026,1,January,10,Wednesday,False,Morning
827,26UP00303,1,University Park,01/21/2026 10:06 AM,01/20/2026 05:24 PM,,Student reported the theft of their unsecured personal property,WHITE BLDG,2026-02-18 21:43:32,2026-01-21,2026,1,January,10,Wednesday,False,Morning
828,26AL00029,3,Altoona,01/21/2026 08:17 AM,01/21/2026 08:13 AM,01/21/2026 08:21 AM,Employee reported a fire alarm activation,OAK HALL,2026-02-18 21:43:32,2026-01-21,2026,1,January,8,Wednesday,False,Morning
829,PSHI-2026-01-I-132912,2,Abington,01/21/2026 02:37 AM,01/21/2026 02:11 AM,,Assisted clinical staff with agitated visitor.,Hershey - Dispatched To: HMC - Emergency Department > HMC - Emergency Department,2026-02-18 21:43:32,2026-01-21,2026,1,January,2,Wednesday,False,Late Night
830,26UP00302,1,University Park,01/21/2026 12:55 AM,01/21/2026 12:55 AM,01/21/2026 01:30 AM,Employee reported a fire and smoke condition,OLD COALY WAY,2026-02-18 21:43:32,2026-01-21,2026,1,January,0,Wednesday,False,Late Night
831,PSHI-2026-01-I-132910,2,Abington,01/20/2026 11:26 PM,01/20/2026 10:51 PM,,Assisted law enforcement with access to patient.,Hershey - Dispatched To: HMC - Main Hospital - 7 - PSCI > HMC - Main Hospital - 7 - PSCI,2026-02-18 21:43:32,2026-01-20,2026,1,January,23,Tuesday,False,Late Night
832,PSHI-2026-01-I-132907,2,Abington,01/20/2026 09:54 PM,01/20/2026 07:11 PM,,Assisted clinical staff with agitated patient.,Hershey - Dispatched To: HMC - Main Hospital - 4 - Acute Care > HMC - Main Hospital - 4 - Acute Care,2026-02-18 21:43:32,2026-01-20,2026,1,January,21,Tuesday,False,Evening
833,26UP00298,1,University Park,01/20/2026 08:27 PM,01/20/2026 08:27 PM,01/20/2026 08:37 PM,Employee reported a traffic complaint,STUCKEMAN FAMILY BLDG,2026-02-18 21:43:32,2026-01-20,2026,1,January,20,Tuesday,False,Evening
834,26UP00299,1,University Park,01/20/2026 08:15 PM,01/20/2026 08:15 PM,01/20/2026 09:03 PM,Assisted a student with a personal matter,BEAM HALL,2026-02-18 21:43:32,2026-01-20,2026,1,January,20,Tuesday,False,Evening
835,26AL00028,3,Altoona,01/20/2026 08:10 PM,01/20/2026 08:10 PM,01/20/2026 08:22 PM,Employee reported a fire alarm activation,OAK HALL,2026-02-18 21:43:32,2026-01-20,2026,1,January,20,Tuesday,False,Evening
836,26HN00004,15,Hershey,01/20/2026 06:17 PM,01/20/2026 06:18 PM,01/20/2026 06:20 PM,Officers responded to a 911 hang-up with no voice contact,KOSTOS BUILDING,2026-02-18 21:43:32,2026-01-20,2026,1,January,18,Tuesday,False,Evening
837,26UP00297,1,University Park,01/20/2026 05:11 PM,01/20/2026 04:45 PM,01/20/2026 05:56 PM,Assisted a student with a personal matter,BEAM HALL,2026-02-18 21:43:32,2026-01-20,2026,1,January,17,Tuesday,False,Afternoon
838,PSHI-2026-01-I-132897,2,Abington,01/20/2026 05:07 PM,01/20/2026 03:12 PM,,Assisted clinical staff with agitated visitor.,Hershey - Dispatched To: HMC - Children's Hospital - 6 - Pediatric Surgical Care Unit > HMC - Children's Hospital - 6 - Pediatric Surgical Care Unit,2026-02-18 21:43:32,2026-01-20,2026,1,January,17,Tuesday,False,Afternoon
839,PSHI-2026-01-I-132896,2,Abington,01/20/2026 04:30 PM,01/20/2026 04:23 PM,,Visitor match to the sex offender registry.,Hershey - Dispatched To: HMC - Children's Hospital - 1 - Children's Hospital Main Information Desk > HMC - Children's Hospital - 1 - Children's Hospital Main Information Desk,2026-02-18 21:43:32,2026-01-20,2026,1,January,16,Tuesday,False,Afternoon
840,26UP00295,1,University Park,01/20/2026 03:55 PM,01/20/2026 03:55 PM,01/20/2026 05:04 PM,Employee reported suspicious activity,CURTIN HALL,2026-02-18 21:43:32,2026-01-20,2026,1,January,15,Tuesday,False,Afternoon
841,26UP00294,1,University Park,01/20/2026 03:40 PM,01/17/2026 02:00 AM,01/17/2026 10:00 AM,Employee reported damage to University property,SPROUL HALL,2026-02-18 21:43:32,2026-01-20,2026,1,January,15,Tuesday,False,Afternoon
842,26AB00017,2,Abington,01/20/2026 03:39 PM,01/20/2026 03:39 PM,,Assisted an employee with an administrative matter,RYDAL BUILDING,2026-02-18 21:43:32,2026-01-20,2026,1,January,15,Tuesday,False,Afternoon
843,PSHI-2026-01-I-132895,2,Abington,01/20/2026 03:36 PM,01/20/2026 03:26 PM,,Provided escort to vendor.,Hershey - Dispatched To: HMC - Main Hospital - 1 - Cashier's Office > HMC - Main Hospital - 1 - Cashier's Office,2026-02-18 21:43:32,2026-01-20,2026,1,January,15,Tuesday,False,Afternoon
844,PSHI-2026-01-I-132894,2,Abington,01/20/2026 03:16 PM,01/20/2026 11:45 AM,,Assisted clinical staff with agitated visitor.,Hershey - Dispatched To: HMC - 35 Hope Drive - 1 - Peds Clinic > HMC - 35 Hope Drive - 1 - Peds Clinic,2026-02-18 21:43:32,2026-01-20,2026,1,January,15,Tuesday,False,Afternoon
845,26WS00003,22,Worthington Scranton,01/20/2026 02:50 PM,01/20/2026 02:50 PM,,Employee reported a student being harassed,1ST AVE,2026-02-18 21:43:32,2026-01-20,2026,1,January,14,Tuesday,False,Afternoon
846,26WS00002,22,Worthington Scranton,01/20/2026 01:10 PM,01/20/2026 01:00 PM,01/20/2026 01:10 PM,Visitor reported a concern for a student,DEPOT ST,2026-02-18 21:43:32,2026-01-20,2026,1,January,13,Tuesday,False,Afternoon
847,PSHI-2026-01-I-132890,2,Abington,01/20/2026 01:10 PM,01/20/2026 12:47 PM,,Assisted clinical staff with agitated patient.,Hershey - Dispatched To: HMC - Children's Hospital - 1 - P1400: Peds Hem\Oc Clinic > HMC - Children's Hospital - 1 - P1400: Peds Hem\Oc Clinic,2026-02-18 21:43:32,2026-01-20,2026,1,January,13,Tuesday,False,Afternoon
848,26BK00011,4,Beaver,01/20/2026 01:07 PM,01/20/2026 12:15 PM,01/20/2026 02:16 PM,Visitor reported a parking concern,FACULTY STAFF VISITOR LOT B1 - BERKS,2026-02-18 21:43:32,2026-01-20,2026,1,January,13,Tuesday,False,Afternoon
849,PSHI-2026-01-I-132889,2,Abington,01/20/2026 12:31 PM,01/20/2026 08:38 AM,,Assisted clinical staff with agitated patient.,Hershey - Dispatched To: HMC - Emergency Department > HMC - Emergency Department,2026-02-18 21:43:32,2026-01-20,2026,1,January,12,Tuesday,False,Afternoon
850,26HB00019,13,Harrisburg,01/20/2026 11:15 AM,01/20/2026 11:00 AM,01/20/2026 11:35 AM,Visitor requested assistance in locating a student,MUNCY HOUSE,2026-02-18 21:43:32,2026-01-20,2026,1,January,11,Tuesday,False,Morning
851,26BK00010,4,Beaver,01/20/2026 10:46 AM,01/20/2026 10:46 AM,01/20/2026 12:11 PM,Visitor reported a concern for a student,COMMUTER LOT G1 - BERKS,2026-02-18 21:43:32,2026-01-20,2026,1,January,10,Tuesday,False,Morning
852,26UP00293,1,University Park,01/20/2026 10:45 AM,01/20/2026 10:30 AM,01/20/2026 11:16 AM,Employee reported a two vehicle crash with no injuries,YELLOW T REDIFER LOT,2026-02-18 21:43:32,2026-01-20,2026,1,January,10,Tuesday,False,Morning
853,26UP00292,1,University Park,01/20/2026 10:01 AM,01/20/2026 09:50 AM,,Employee reported a two vehicle crash with no injuries,NITTANY PARKING,2026-02-18 21:43:32,2026-01-20,2026,1,January,10,Tuesday,False,Morning
854,PSHI-2026-01-I-132886,2,Abington,01/20/2026 09:50 AM,01/20/2026 09:05 AM,,Assisted clinical staff with agitated patient.,Hershey - Dispatched To: HMC - Main Hospital - 6 - Acute Care > HMC - Main Hospital - 6 - Acute Care,2026-02-18 21:43:32,2026-01-20,2026,1,January,9,Tuesday,False,Morning
855,26UP00290,1,University Park,01/20/2026 09:18 AM,01/19/2026 12:00 PM,01/20/2026 09:00 AM,Employee reported damage to University property,MARTIN HALL,2026-02-18 21:43:32,2026-01-20,2026,1,January,9,Tuesday,False,Morning
856,26UP00291,1,University Park,01/20/2026 09:14 AM,01/20/2026 09:14 AM,01/20/2026 09:44 AM,Student requested assistance with a personal matter,HUB ROBESON CULTURAL CENTER,2026-02-18 21:43:32,2026-01-20,2026,1,January,9,Tuesday,False,Morning
857,PSHI-2026-01-I-132884,2,Abington,01/20/2026 09:05 AM,01/15/2026 02:05 PM,,Assisted clinical staff with agitated patient.,Hershey - Dispatched To: HMC Off-Site - PSMG - Palmyra - PSMG > HMC Off-Site - PSMG - Palmyra - PSMG,2026-02-18 21:43:32,2026-01-20,2026,1,January,9,Tuesday,False,Morning
858,26HB00016,13,Harrisburg,01/20/2026 08:59 AM,01/20/2026 08:59 AM,01/20/2026 09:41 AM,Employee reported a fire alarm activation,EDUCATIONAL ACTIVITIES BUILDING,2026-02-18 21:43:32,2026-01-20,2026,1,January,8,Tuesday,False,Morning
859,PSHI-2026-01-I-132876,2,Abington,01/20/2026 01:41 AM,01/20/2026 12:00 AM,,Assisted clinical staff with agitated visitor.,Hershey - Dispatched To: HMC - Emergency Department > HMC - Emergency Department,2026-02-18 21:43:32,2026-01-20,2026,1,January,1,Tuesday,False,Late Night
860,PSHI-2026-01-I-132875,2,Abington,01/19/2026 11:43 PM,01/19/2026 06:37 PM,,Assisted clinical staff with search of patient belongings.,Hershey - Dispatched To: HMC - Main Hospital > HMC - Main Hospital,2026-02-18 21:43:32,2026-01-19,2026,1,January,23,Monday,False,Late Night
861,26UP00289,1,University Park,01/19/2026 09:46 PM,01/19/2026 12:30 AM,01/19/2026 09:46 PM,Student requested assistance with a civil  matter,RUNKLE HALL,2026-02-18 21:43:32,2026-01-19,2026,1,January,21,Monday,False,Evening
862,26UP00288,1,University Park,01/19/2026 08:26 PM,01/19/2026 08:11 PM,01/19/2026 08:30 PM,Employee reported damage to University property,PINCHOT HALL,2026-02-18 21:43:32,2026-01-19,2026,1,January,20,Monday,False,Evening
863,26UP00287,1,University Park,01/19/2026 08:17 PM,01/19/2026 04:00 AM,01/19/2026 04:30 AM,Student reported damage to University property,MARTIN HALL,2026-02-18 21:43:32,2026-01-19,2026,1,January,20,Monday,False,Evening
864,PSHI-2026-01-I-132865,2,Abington,01/19/2026 05:03 PM,01/19/2026 04:15 PM,,Assisted clinical staff with visitor issue.,Hershey - Dispatched To: HMC - Children's Hospital - 4 - PIMCU > HMC - Children's Hospital - 4 - PIMCU,2026-02-18 21:43:32,2026-01-19,2026,1,January,17,Monday,False,Afternoon
865,PSHI-2026-01-I-132864,2,Abington,01/19/2026 04:38 PM,01/19/2026 03:05 PM,,Assisted patient with property issue.,Hershey - Dispatched To: HMC - 1 - Trauma Surgical Main Southeast      > HMC - 1 - Trauma Surgical Main Southeast,2026-02-18 21:43:32,2026-01-19,2026,1,January,16,Monday,False,Afternoon
866,PSHI-2026-01-I-132863,2,Abington,01/19/2026 02:27 PM,,,Minor crash on campus.,Hershey - Dispatched To: HMC - South Addition Drive    > HMC - South Addition Drive,2026-02-18 21:43:32,2026-01-19,2026,1,January,14,Monday,False,Afternoon
867,26ER00019,5,Erie (Behrend),01/19/2026 01:45 PM,09/15/2025 12:00 AM,11/24/2025 11:59 PM,Student reported theft by deception,COLLEGE DR,2026-02-18 21:43:32,2026-01-19,2026,1,January,13,Monday,False,Afternoon
868,PSHI-2026-01-I-132862,2,Abington,01/19/2026 01:11 PM,,,Assisted clinical staff with visitor problem.,Hershey - Dispatched To: HMC - Main Hospital - 6 - MIMCU > HMC - Main Hospital - 6 - MIMCU,2026-02-18 21:43:32,2026-01-19,2026,1,January,13,Monday,False,Afternoon
869,PSHI-2026-01-I-132861,2,Abington,01/19/2026 12:59 PM,01/19/2026 12:56 PM,,Safekeeping of patient knife.,Hershey - Reported Location: HMC - Main Hospital - 1 - Security Operations Center,2026-02-18 21:43:32,2026-01-19,2026,1,January,12,Monday,False,Afternoon
870,PSHI-2026-01-I-132860,2,Abington,01/19/2026 12:19 PM,01/19/2026 12:07 PM,,Assisted clinical staff with agitated patient.,Hershey - Dispatched To: HMC - Emergency Department > HMC - Emergency Department,2026-02-18 21:43:32,2026-01-19,2026,1,January,12,Monday,False,Afternoon
871,PSHI-2026-01-I-132855,2,Abington,01/19/2026 09:18 AM,01/19/2026 08:18 AM,,Assisted clinical staff with agitated patient.,Hershey - Dispatched To: HMC - Main Hospital > HMC - Main Hospital,2026-02-18 21:43:32,2026-01-19,2026,1,January,9,Monday,False,Morning
872,PSHI-2026-01-I-132845,2,Abington,01/19/2026 03:58 AM,01/19/2026 02:04 AM,,Investigated unfounded fire alarm.,Hershey - Dispatched To: COM - BMR > COM - BMR,2026-02-18 21:43:32,2026-01-19,2026,1,January,3,Monday,False,Late Night
873,26UP00284,1,University Park,01/19/2026 03:15 AM,01/19/2026 03:15 AM,01/19/2026 03:32 AM,"Resident Assistant reported the odor of marijuana, origin not located",BRUMBAUGH HALL,2026-02-18 21:43:32,2026-01-19,2026,1,January,3,Monday,False,Late Night
874,26UP00285,1,University Park,01/19/2026 03:11 AM,01/19/2026 02:30 AM,01/19/2026 04:04 AM,Student reported suspicious persons,PACKER HALL,2026-02-18 21:43:32,2026-01-19,2026,1,January,3,Monday,False,Late Night
875,PSHI-2026-01-I-132842,2,Abington,01/19/2026 03:09 AM,01/19/2026 02:33 AM,,Assisted college students with access to EMS.,Hershey - Dispatched To: COM - University Manor East > COM - University Manor East,2026-02-18 21:43:32,2026-01-19,2026,1,January,3,Monday,False,Late Night
876,26UP00283,1,University Park,01/19/2026 02:28 AM,01/16/2026 02:00 AM,01/16/2026 02:15 AM,Student reported suspicious persons,NITTANY APT,2026-02-18 21:43:32,2026-01-19,2026,1,January,2,Monday,False,Late Night
877,26UP00282,1,University Park,01/19/2026 02:16 AM,01/19/2026 02:16 AM,01/19/2026 02:33 AM,Underage student observed highly intoxicated and transported to the hospital,HIESTER HALL,2026-02-18 21:43:32,2026-01-19,2026,1,January,2,Monday,False,Late Night
878,PSHI-2026-01-I-132839,2,Abington,01/19/2026 12:47 AM,01/18/2026 07:26 PM,,Assisted clinical staff with agitated patient.,Hershey - Dispatched To: HMC - Main Hospital > HMC - Main Hospital,2026-02-18 21:43:32,2026-01-19,2026,1,January,0,Monday,False,Late Night
879,26UP00281,1,University Park,01/19/2026 12:11 AM,01/19/2026 12:11 AM,01/19/2026 12:39 AM,Student observed highly intoxicated and transported to the hospital,PORTER HALL,2026-02-18 21:43:32,2026-01-19,2026,1,January,0,Monday,False,Late Night
880,26ER00018,5,Erie (Behrend),01/18/2026 11:56 PM,01/18/2026 11:56 PM,01/19/2026 12:30 AM,Visitor requested assistance in locating a student,OHIO HALL,2026-02-18 21:43:32,2026-01-18,2026,1,January,23,Sunday,True,Late Night
881,26BW00006,7,Brandywine,01/18/2026 11:18 PM,01/18/2026 11:18 PM,01/18/2026 11:33 PM,Officers responded to a 911 hang-up with no voice contact,STUDENT UNION AND DINING,2026-02-18 21:43:32,2026-01-18,2026,1,January,23,Sunday,True,Late Night
882,26ER00017,5,Erie (Behrend),01/18/2026 10:45 PM,01/18/2026 10:45 PM,01/18/2026 11:30 PM,Visitor reported an alarm activation,REED BUILDING,2026-02-18 21:43:32,2026-01-18,2026,1,January,22,Sunday,True,Late Night
883,26UP00280,1,University Park,01/18/2026 08:46 PM,01/18/2026 08:46 PM,01/18/2026 10:00 PM,Student reported a water leak,DEIKE BLDG,2026-02-18 21:43:32,2026-01-18,2026,1,January,20,Sunday,True,Evening
884,26AB00016,2,Abington,01/18/2026 07:50 PM,01/18/2026 07:40 PM,01/18/2026 08:20 PM,Employee reported a fire alarm activation,LIONS GATE AT PENN STATE ABINGTON,2026-02-18 21:43:32,2026-01-18,2026,1,January,19,Sunday,True,Evening
885,26HB00014,13,Harrisburg,01/18/2026 06:45 PM,01/12/2026 12:00 AM,01/12/2026 11:59 PM,Student reported they were sexually assaulted by a known person in a vehicle,OLMSTED PARKING LOT - HARRISBURG,2026-02-18 21:43:32,2026-01-18,2026,1,January,18,Sunday,True,Evening
886,26AB00015,2,Abington,01/18/2026 06:40 PM,01/18/2026 06:30 PM,01/18/2026 07:00 PM,Employee reported a fire alarm activation,LIONS GATE AT PENN STATE ABINGTON,2026-02-18 21:43:32,2026-01-18,2026,1,January,18,Sunday,True,Evening
887,26UP00276,1,University Park,01/18/2026 03:50 PM,01/18/2026 03:50 PM,01/18/2026 05:32 PM,Employee reported suspicious persons,REC HALL,2026-02-18 21:43:32,2026-01-18,2026,1,January,15,Sunday,True,Afternoon
888,26UP00275,1,University Park,01/18/2026 03:41 PM,01/17/2026 03:22 PM,01/17/2026 04:42 PM,Visitor requested assistance with a personal matter,AIRPORT AIR TERMINAL BLDG,2026-02-18 21:43:32,2026-01-18,2026,1,January,15,Sunday,True,Afternoon
889,26AB00014,2,Abington,01/18/2026 03:09 PM,01/18/2026 03:09 PM,01/18/2026 03:24 PM,Employee reported a fire alarm activation,LIONS GATE AT PENN STATE ABINGTON,2026-02-18 21:43:32,2026-01-18,2026,1,January,15,Sunday,True,Afternoon
890,26HB00013,13,Harrisburg,01/18/2026 02:30 PM,01/18/2026 02:30 PM,01/18/2026 02:36 PM,Employee reported a fire alarm activation,SIGNAL HALL,2026-02-18 21:43:32,2026-01-18,2026,1,January,14,Sunday,True,Afternoon
891,26ER00016,5,Erie (Behrend),01/18/2026 01:00 PM,01/18/2026 01:00 PM,01/18/2026 02:30 PM,Visitor requested assistance with locating a student,OHIO HALL,2026-02-18 21:43:32,2026-01-18,2026,1,January,13,Sunday,True,Afternoon
892,PSHI-2026-01-I-132819,2,Abington,01/18/2026 09:45 AM,01/18/2026 08:41 AM,,Property damaged by unknown source.,Hershey - Dispatched To: HMC - Main Hospital - 1 - Main Information Desk > HMC - Main Hospital - 1 - Main Information Desk,2026-02-18 21:43:32,2026-01-18,2026,1,January,9,Sunday,True,Morning
893,PSHI-2026-01-I-132818,2,Abington,01/18/2026 09:43 AM,01/18/2026 09:30 AM,,Assisted with deposit to cashier's office.,Hershey - Dispatched To: HMC - Main Hospital - 1 - Cashier's Office > HMC - Main Hospital - 1 - Cashier's Office,2026-02-18 21:43:32,2026-01-18,2026,1,January,9,Sunday,True,Morning
894,26AL00027,3,Altoona,01/18/2026 09:20 AM,01/18/2026 09:20 AM,01/18/2026 09:30 AM,Assisted the fire department with a hazardous condition,E WOPSONONOCK AVE & IVYSIDE DR,2026-02-18 21:43:32,2026-01-18,2026,1,January,9,Sunday,True,Morning
895,26AL00026,3,Altoona,01/18/2026 05:59 AM,01/18/2026 05:59 AM,01/18/2026 06:38 AM,Student observed highly intoxicated and transported to the hospital,CEDAR HALL,2026-02-18 21:43:32,2026-01-18,2026,1,January,5,Sunday,True,Late Night
896,26UP00273,1,University Park,01/18/2026 02:18 AM,01/18/2026 02:18 AM,01/18/2026 07:24 AM,Employee reported being physically assaulted by a known person,AIRPORT AIR TERMINAL BLDG,2026-02-18 21:43:32,2026-01-18,2026,1,January,2,Sunday,True,Late Night
897,26HB00015,13,Harrisburg,01/18/2026 01:58 AM,01/18/2026 01:58 AM,01/18/2026 02:48 AM,Assisted the ambulance with a medical emergency,JUNIATA HOUSE,2026-02-18 21:43:32,2026-01-18,2026,1,January,1,Sunday,True,Late Night
898,26UP00271,1,University Park,01/18/2026 01:42 AM,01/16/2026 02:00 AM,,Student reported they were sexually assaulted by a known person in a residence hall,SOUTH HALLS RESIDENCE COMPLEX,2026-02-18 21:43:32,2026-01-18,2026,1,January,1,Sunday,True,Late Night
899,26UP00270,1,University Park,01/18/2026 01:27 AM,01/18/2026 01:27 AM,01/18/2026 02:10 AM,Student observed highly intoxicated and transported to the hospital,MCKEE HALL,2026-02-18 21:43:32,2026-01-18,2026,1,January,1,Sunday,True,Late Night
900,26UP00269,1,University Park,01/18/2026 01:13 AM,01/18/2026 01:13 AM,01/18/2026 01:27 AM,"Resident Assistant reported the odor of marijuana, origin not located",MCKEAN HALL,2026-02-18 21:43:32,2026-01-18,2026,1,January,1,Sunday,True,Late Night
901,26UP00268,1,University Park,01/18/2026 01:02 AM,01/18/2026 12:19 AM,01/18/2026 12:39 AM,Student observed highly intoxicated,SHORTLIDGE RD & E COLLEGE AVE,2026-02-18 21:43:32,2026-01-18,2026,1,January,1,Sunday,True,Late Night
902,PSHI-2026-01-I-132802,2,Abington,01/18/2026 12:11 AM,01/17/2026 08:10 PM,,Patient scratched staff member.,Hershey - Dispatched To: HMC - Emergency Department > HMC - Emergency Department,2026-02-18 21:43:32,2026-01-18,2026,1,January,0,Sunday,True,Late Night
903,26BK00008,4,Beaver,01/18/2026 12:11 AM,01/18/2026 12:11 AM,01/18/2026 12:00 AM,Student reported a fire alarm activation,LAUREL HALL,2026-02-18 21:43:32,2026-01-18,2026,1,January,0,Sunday,True,Late Night
904,26BK00009,4,Beaver,01/18/2026 12:11 AM,01/18/2026 12:11 AM,01/18/2026 12:45 AM,Student found in possession of alcoholic beverages being less than 21 years of age,LAUREL HALL,2026-02-18 21:43:32,2026-01-18,2026,1,January,0,Sunday,True,Late Night
905,26ER00015,5,Erie (Behrend),01/18/2026 12:00 AM,01/18/2026 12:00 AM,01/18/2026 12:15 AM,Officers responded to a 911 hang-up with no voice contact,ALMY LOT - ERIE,2026-02-18 21:43:32,2026-01-18,2026,1,January,0,Sunday,True,Late Night
906,26UP00266,1,University Park,01/17/2026 11:49 PM,01/17/2026 11:49 PM,01/18/2026 12:42 AM,Resident Assistant reported the odor of marijuana,SIMMONS HALL,2026-02-18 21:43:32,2026-01-17,2026,1,January,23,Saturday,True,Late Night
907,26UP00264,1,University Park,01/17/2026 11:28 PM,01/17/2026 11:28 PM,01/17/2026 11:45 PM,"Employee reported the odor of marijuana, origin not located",MIFFLIN HALL,2026-02-18 21:43:32,2026-01-17,2026,1,January,23,Saturday,True,Late Night
908,26UP00267,1,University Park,01/17/2026 11:23 PM,01/17/2026 11:23 PM,01/18/2026 12:03 AM,Visitor observed highly intoxicated and transported to the hospital,BIGLER RD & MILLENNIUM DR,2026-02-18 21:43:32,2026-01-17,2026,1,January,23,Saturday,True,Late Night
909,26UP00261,1,University Park,01/17/2026 10:59 PM,01/17/2026 10:59 PM,01/17/2026 11:13 PM,Assisted the fire department with a reported fire alarm activation,BEAVER STADIUM,2026-02-18 21:43:32,2026-01-17,2026,1,January,22,Saturday,True,Late Night
910,PSHI-2026-01-I-132795,2,Abington,01/17/2026 10:07 PM,01/17/2026 06:51 PM,,Assisted staff member with domestic problem.,Hershey - Dispatched To: HMC - Main Hospital - 7 - Medical Intensive Care Unit West (MICU) > HMC - Main Hospital - 7 - Medical Intensive Care Unit West (MICU),2026-02-18 21:43:32,2026-01-17,2026,1,January,22,Saturday,True,Late Night
911,26UP00247,1,University Park,01/17/2026 05:59 PM,01/17/2026 05:59 PM,,Student stopped for a University policy violation regarding fireworks,FOOTBALL LOT,2026-02-18 21:43:32,2026-01-17,2026,1,January,17,Saturday,True,Afternoon
912,PSHI-2026-01-I-132789,2,Abington,01/17/2026 05:48 PM,01/17/2026 05:29 PM,,Team de-escalation plan for agitated patient.,Hershey - Dispatched To: HMC - Children's Hospital > HMC - Children's Hospital,2026-02-18 21:43:32,2026-01-17,2026,1,January,17,Saturday,True,Afternoon
913,26AB00013,2,Abington,01/17/2026 05:15 PM,01/17/2026 05:15 PM,01/17/2026 05:30 PM,Visitor reported a fire/burglar alarm communication failure,RYDAL EXECUTIVE PLAZA,2026-02-18 21:43:32,2026-01-17,2026,1,January,17,Saturday,True,Afternoon
914,26AB00012,2,Abington,01/17/2026 03:23 PM,01/17/2026 03:23 PM,01/17/2026 04:09 PM,Student reported a one vehicle crash with no injuries,CLOVERLY LN & SEWELL LN,2026-02-18 21:43:32,2026-01-17,2026,1,January,15,Saturday,True,Afternoon
915,PSHI-2026-01-I-132787,2,Abington,01/17/2026 03:21 PM,01/17/2026 02:45 PM,,Assisted LE with investigation of crime that occurred in a different county.,Hershey - Dispatched To: HMC - Emergency Department > HMC - Emergency Department,2026-02-18 21:43:32,2026-01-17,2026,1,January,15,Saturday,True,Afternoon
916,26AB00011,2,Abington,01/17/2026 02:09 PM,01/17/2026 02:09 PM,01/17/2026 02:29 PM,Employee reported a fire alarm activation,LIONS GATE AT PENN STATE ABINGTON,2026-02-18 21:43:32,2026-01-17,2026,1,January,14,Saturday,True,Afternoon
917,26AL00025,3,Altoona,01/17/2026 01:19 PM,01/17/2026 01:19 PM,01/17/2026 01:32 PM,Student reported a suspicious odor,MAPLE HALL,2026-02-18 21:43:32,2026-01-17,2026,1,January,13,Saturday,True,Afternoon
918,PSHI-2026-01-I-132783,2,Abington,01/17/2026 01:12 PM,01/17/2026 11:47 AM,,Assisted maintenance with locating faulty equipment,Hershey - Dispatched To: HMC - UPC-1 > HMC - UPC-1,2026-02-18 21:43:32,2026-01-17,2026,1,January,13,Saturday,True,Afternoon
919,26UP00242,1,University Park,01/17/2026 11:46 AM,01/17/2026 11:46 AM,01/17/2026 02:43 PM,Officer observed a employee trespassing inside a University building,AIRPORT AIR TERMINAL BLDG,2026-02-18 21:43:32,2026-01-17,2026,1,January,11,Saturday,True,Morning
920,26UP00243,1,University Park,01/17/2026 11:33 AM,01/13/2026 07:00 PM,01/17/2025 11:15 AM,Student reported suspicious persons,HUB ROBESON CULTURAL CENTER,2026-02-18 21:43:32,2026-01-17,2026,1,January,11,Saturday,True,Morning
921,PSHI-2026-01-I-132780,2,Abington,01/17/2026 11:25 AM,01/17/2026 09:03 AM,,Victim of violence receiving treatment.,Hershey - Dispatched To: HMC - Emergency Department > HMC - Emergency Department,2026-02-18 21:43:32,2026-01-17,2026,1,January,11,Saturday,True,Morning
922,26UP00241,1,University Park,01/17/2026 07:15 AM,01/17/2026 07:15 AM,01/17/2026 10:00 AM,Employee reported suspicious person,AIRPORT GENERAL AVIATION ADMINISTRATION BLDG,2026-02-18 21:43:32,2026-01-17,2026,1,January,7,Saturday,True,Morning
923,PSHI-2026-01-I-132771,2,Abington,01/17/2026 05:24 AM,01/17/2026 05:10 AM,,Inspection of leased equipment.,Hershey - Dispatched To: HMC - Parking Lot - Lot UPC > HMC - Parking Lot - Lot UPC,2026-02-18 21:43:32,2026-01-17,2026,1,January,5,Saturday,True,Late Night
924,26AL00023,3,Altoona,01/17/2026 04:17 AM,01/17/2026 04:17 AM,,Employee reported a fire alarm activation,MAPLE HALL,2026-02-18 21:43:32,2026-01-17,2026,1,January,4,Saturday,True,Late Night
925,PSHI-2026-01-I-132769,2,Abington,01/17/2026 04:07 AM,01/16/2026 08:26 PM,,False fire alarm.,Hershey - Dispatched To: COM - University Manor East > COM - University Manor East,2026-02-18 21:43:32,2026-01-17,2026,1,January,4,Saturday,True,Late Night
926,26UP00240,1,University Park,01/17/2026 03:56 AM,01/17/2026 03:56 AM,01/17/2026 05:07 AM,Underage visitor observed highly intoxicated and transported to the hospital,ATHERTON HALL,2026-02-18 21:43:32,2026-01-17,2026,1,January,3,Saturday,True,Late Night
927,26UP00239,1,University Park,01/17/2026 03:54 AM,01/17/2026 03:54 AM,01/17/2026 05:17 AM,Student reported a concern for another student,PENNYPACKER HALL,2026-02-18 21:43:32,2026-01-17,2026,1,January,3,Saturday,True,Late Night
928,26UP00236,1,University Park,01/17/2026 02:24 AM,01/17/2026 02:24 AM,01/17/2026 02:34 AM,"Employee reported the odor of marijuana, origin not located",PORTER HALL,2026-02-18 21:43:32,2026-01-17,2026,1,January,2,Saturday,True,Late Night
929,26UP00234,1,University Park,01/17/2026 02:20 AM,01/17/2026 01:55 AM,,Student consumed alcoholic beverages being less than 21 years of age,BIGLER RD & MILLENNIUM DR,2026-02-18 21:43:32,2026-01-17,2026,1,January,2,Saturday,True,Late Night
930,26UP00235,1,University Park,01/17/2026 02:15 AM,01/17/2026 02:15 AM,01/17/2026 02:33 AM,Student reported damage to University property,PENNYPACKER HALL,2026-02-18 21:43:32,2026-01-17,2026,1,January,2,Saturday,True,Late Night
931,26AL00022,3,Altoona,01/17/2026 02:10 AM,01/17/2026 02:10 AM,01/17/2026 02:30 AM,Assisted an outside law enforcement agency with an investigation,CAMPUS VIEW DR,2026-02-18 21:43:32,2026-01-17,2026,1,January,2,Saturday,True,Late Night
932,PSHI-2026-01-I-132766,2,Abington,01/17/2026 02:00 AM,01/17/2026 01:12 AM,,Assisted clinical staff with agitated patient.,Hershey - Dispatched To: HMC - Main Hospital > HMC - Main Hospital,2026-02-18 21:43:32,2026-01-17,2026,1,January,2,Saturday,True,Late Night
933,26UP00233,1,University Park,01/17/2026 01:50 AM,01/17/2026 01:48 AM,01/17/2026 01:50 AM,Student reported disorderly persons,MIFFLIN RD & MCKEAN RD,2026-02-18 21:43:32,2026-01-17,2026,1,January,1,Saturday,True,Late Night
934,PSHI-2026-01-I-132763,2,Abington,01/16/2026 11:48 PM,01/16/2026 08:49 PM,,Assisted clinical staff with agitated patient.,Hershey - Dispatched To: HMC - Main Hospital - 2 - Main PACU > HMC - Main Hospital - 2 - Main PACU,2026-02-18 21:43:32,2026-01-16,2026,1,January,23,Friday,False,Late Night
935,PSHI-2026-01-I-132762,2,Abington,01/16/2026 10:34 PM,01/16/2026 09:06 PM,,Assisted clinical staff with agitated patient.,Hershey - Dispatched To: HMC - Main Hospital - 2 - Main PACU > HMC - Main Hospital - 2 - Main PACU,2026-02-18 21:43:32,2026-01-16,2026,1,January,22,Friday,False,Late Night
936,26UP00221,1,University Park,01/16/2026 10:20 PM,01/16/2026 10:20 PM,01/16/2026 11:06 PM,Identified occupant in possession of marijuana,W COLLEGE AVE & N BARNARD ST,2026-02-18 21:43:32,2026-01-16,2026,1,January,22,Friday,False,Late Night
937,26UP00218,1,University Park,01/16/2026 09:29 PM,01/16/2026 09:29 PM,01/16/2026 10:08 PM,Identified occupant in possession of marijuana and drug paraphernalia,MILLER HALL,2026-02-18 21:43:32,2026-01-16,2026,1,January,21,Friday,False,Evening
938,26UP00215,1,University Park,01/16/2026 08:08 PM,01/16/2026 08:08 PM,01/16/2026 08:18 PM,Employee reported a two vehicle crash with no injuries,LION SHRINE LOT,2026-02-18 21:43:32,2026-01-16,2026,1,January,20,Friday,False,Evening
939,26UP00216,1,University Park,01/16/2026 07:55 PM,01/16/2026 07:55 PM,01/16/2026 08:30 PM,Visitor reported a suspicious vehicle,VILLAGE DR,2026-02-18 21:43:32,2026-01-16,2026,1,January,19,Friday,False,Evening
940,26UP00213,1,University Park,01/16/2026 06:59 PM,01/16/2026 06:59 PM,01/16/2026 08:25 PM,Assisted a student with a personal matter,MILLER HALL,2026-02-18 21:43:32,2026-01-16,2026,1,January,18,Friday,False,Evening
941,26UP00212,1,University Park,01/16/2026 06:27 PM,01/16/2026 02:30 PM,01/16/2026 07:37 PM,Student reported suspicious activity,HOYT HALL,2026-02-18 21:43:32,2026-01-16,2026,1,January,18,Friday,False,Evening
942,26UP00209,1,University Park,01/16/2026 05:11 PM,01/16/2026 05:00 PM,01/16/2026 05:42 PM,Employee reported suspicious persons,CHAMBERS BLDG,2026-02-18 21:43:32,2026-01-16,2026,1,January,17,Friday,False,Afternoon
943,26HB00012,13,Harrisburg,01/16/2026 04:28 PM,01/16/2026 04:28 PM,,Employee reported a fire alarm activation,PAXTON HOUSE,2026-02-18 21:43:32,2026-01-16,2026,1,January,16,Friday,False,Afternoon
944,PSHI-2026-01-I-132749,2,Abington,01/16/2026 03:43 PM,01/16/2026 03:44 PM,,Assisted clinical staff with agitated visitor.,Hershey - Dispatched To: HMC - Main Hospital > HMC - Main Hospital,2026-02-18 21:43:32,2026-01-16,2026,1,January,15,Friday,False,Afternoon
945,PSHI-2026-01-I-132748,2,Abington,01/16/2026 03:41 PM,,,Assisted clinical staff with agitated patient.,Hershey - Dispatched To: HMC - Main Hospital > HMC - Main Hospital,2026-02-18 21:43:32,2026-01-16,2026,1,January,15,Friday,False,Afternoon
946,26UP00204,1,University Park,01/16/2026 03:25 PM,01/16/2026 03:25 PM,,Officer conducted a pre-employment background investigation,UNIVERSITY SUPPORT BLDG I,2026-02-18 21:43:32,2026-01-16,2026,1,January,15,Friday,False,Afternoon
947,26UP00203,1,University Park,01/16/2026 03:07 PM,01/16/2026 03:07 PM,01/16/2026 03:52 PM,Student reported a hit and run vehicle crash,COMMUTER JORDAN EAST 1 LOT,2026-02-18 21:43:32,2026-01-16,2026,1,January,15,Friday,False,Afternoon
948,PSHI-2026-01-I-132746,2,Abington,01/16/2026 02:51 PM,01/16/2026 11:39 AM,,Assisted staff with locating ultrasound machine.,Hershey - Dispatched To: HMC - Main Hospital > HMC - Main Hospital,2026-02-18 21:43:32,2026-01-16,2026,1,January,14,Friday,False,Afternoon
949,PSHI-2026-01-I-132745,2,Abington,01/16/2026 02:45 PM,01/16/2026 01:24 PM,,Facility AED inspection.,Hershey - Dispatched To: HMC - Main Hospital > HMC - Main Hospital,2026-02-18 21:43:32,2026-01-16,2026,1,January,14,Friday,False,Afternoon
950,26UP00201,1,University Park,01/16/2026 01:49 PM,01/16/2026 01:49 PM,01/16/2026 02:10 PM,Assisted an outside law enforcement agency with an investigation,UNIVERSITY SUPPORT BLDG I,2026-02-18 21:43:32,2026-01-16,2026,1,January,13,Friday,False,Afternoon
951,26UP00202,1,University Park,01/16/2026 01:45 PM,01/16/2026 06:20 AM,01/16/2026 07:10 AM,Student reported being harassed,WHITE BLDG,2026-02-18 21:43:32,2026-01-16,2026,1,January,13,Friday,False,Afternoon
952,26AL00021,3,Altoona,01/16/2026 01:27 PM,01/16/2026 01:27 PM,01/16/2026 01:45 PM,Employee reported a parking concern,OAK LOT - BOA - ALTOONA,2026-02-18 21:43:32,2026-01-16,2026,1,January,13,Friday,False,Afternoon
953,26AL00020,3,Altoona,01/16/2026 01:20 PM,01/16/2026 01:10 PM,01/16/2026 01:25 PM,Employee reported a fire alarm activation,OAK HALL,2026-02-18 21:43:32,2026-01-16,2026,1,January,13,Friday,False,Afternoon
954,26UP00200,1,University Park,01/16/2026 12:43 PM,01/13/2026 03:09 PM,,Employee reported a one vehicle crash with no injuries,NITTANY PARKING,2026-02-18 21:43:32,2026-01-16,2026,1,January,12,Friday,False,Afternoon
955,PSHI-2026-01-I-132736,2,Abington,01/16/2026 12:36 PM,01/16/2026 12:17 PM,,Assisted clinical staff with agitated visitor.,Hershey - Dispatched To: HMC - Emergency Department > HMC - Emergency Department,2026-02-18 21:43:32,2026-01-16,2026,1,January,12,Friday,False,Afternoon
956,26UP00305,1,University Park,01/16/2026 12:23 PM,01/16/2026 12:23 PM,01/16/2026 12:54 PM,Assisted the ambulance with a medical emergency,SHUNK HALL,2026-02-18 21:43:32,2026-01-16,2026,1,January,12,Friday,False,Afternoon
957,26UP00199,1,University Park,01/16/2026 12:22 PM,01/15/2026 01:35 AM,01/15/2026 01:40 AM,Student reported a person trespassing inside a residence hall room,POLLOCK HALLS RESIDENCE COMPLEX,2026-02-18 21:43:32,2026-01-16,2026,1,January,12,Friday,False,Afternoon
958,26BR00001,6,Berks,01/16/2026 12:00 PM,01/14/2026 02:00 PM,01/16/2026 12:00 PM,Employee reported damage to University property,BAKER ENGINEERING & SCIENCE BUILDING,2026-02-18 21:43:32,2026-01-16,2026,1,January,12,Friday,False,Afternoon
959,26SL00003,19,Schuylkill,01/16/2026 12:00 PM,01/14/2026 11:58 AM,,Assisted a student with a personal matter,HEALTH & WELLNESS BUILDING,2026-02-18 21:43:32,2026-01-16,2026,1,January,12,Friday,False,Afternoon
960,PSHI-2026-01-I-132735,2,Abington,01/16/2026 11:11 AM,01/16/2026 10:02 AM,,Turned over pipe to police who declined to charge suspect.,Hershey - Dispatched To: HMC - Main Hospital > HMC - Main Hospital,2026-02-18 21:43:32,2026-01-16,2026,1,January,11,Friday,False,Morning
961,26ER00014,5,Erie (Behrend),01/16/2026 10:06 AM,01/16/2026 10:03 AM,,Student reported a two vehicle crash with no injuries,JORDAN RD & COLLEGE DR,2026-02-18 21:43:32,2026-01-16,2026,1,January,10,Friday,False,Morning
962,26WS00001,22,Worthington Scranton,01/16/2026 10:00 AM,01/16/2026 10:00 AM,01/16/2026 11:00 AM,Employee requested assistance with an administrative matter,MULTI-PURPOSE BUILDING,2026-02-18 21:43:32,2026-01-16,2026,1,January,10,Friday,False,Morning
963,PSHI-2026-01-I-132732,2,Abington,01/16/2026 09:57 AM,01/16/2026 09:02 AM,,Assisted clinical staff with agitated patient.,Hershey - Dispatched To: HMC - Children's Hospital > HMC - Children's Hospital,2026-02-18 21:43:32,2026-01-16,2026,1,January,9,Friday,False,Morning
964,PSHI-2026-01-I-132728,2,Abington,01/16/2026 09:25 AM,01/16/2026 08:26 AM,,Assisted LE with inbound combative patient.,Hershey - Reported Location: HMC - Emergency Department,2026-02-18 21:43:32,2026-01-16,2026,1,January,9,Friday,False,Morning
965,26AL00018,3,Altoona,01/16/2026 09:00 AM,01/16/2026 09:00 AM,,Employee reported found property,HAWTHORN LOT - ALTOONA,2026-02-18 21:43:32,2026-01-16,2026,1,January,9,Friday,False,Morning
966,26UP00198,1,University Park,01/16/2026 05:53 AM,01/16/2026 05:53 AM,01/16/2026 06:15 AM,Assisted the fire department with a reported fire alarm activation,BEAVER STADIUM,2026-02-18 21:43:32,2026-01-16,2026,1,January,5,Friday,False,Late Night
967,26UP00197,1,University Park,01/16/2026 04:35 AM,01/16/2026 03:35 AM,01/16/2026 05:14 AM,Underage student observed highly intoxicated and transported to the hospital,BEAM HALL,2026-02-18 21:43:32,2026-01-16,2026,1,January,4,Friday,False,Late Night
968,26UP00195,1,University Park,01/16/2026 02:26 AM,01/16/2026 02:26 AM,01/16/2026 02:30 AM,Conducted a pre-employment background investigation,UNIVERSITY SUPPORT BLDG I,2026-02-18 21:43:32,2026-01-16,2026,1,January,2,Friday,False,Late Night
969,26UP00196,1,University Park,01/16/2026 02:08 AM,01/16/2026 12:00 AM,01/16/2026 03:19 AM,Student consumed alcoholic beverages being less than 21 years of age,HIBBS HALL,2026-02-18 21:43:32,2026-01-16,2026,1,January,2,Friday,False,Late Night
970,PSHI-2026-01-I-132719,2,Abington,01/16/2026 12:22 AM,,,Assisted clinical staff with an agitated patient.,Hershey - Dispatched To: HMC - Main Hospital > HMC - Main Hospital,2026-02-18 21:43:32,2026-01-16,2026,1,January,0,Friday,False,Late Night
971,26UP00193,1,University Park,01/16/2026 12:01 AM,01/16/2026 12:01 AM,01/16/2025 12:35 AM,Assisted the fire department with a reported fire alarm activation,SHULZE HALL,2026-02-18 21:43:32,2026-01-16,2026,1,January,0,Friday,False,Late Night
972,26UP00188,1,University Park,01/15/2026 10:57 PM,01/12/2026 05:35 PM,01/12/2025 05:35 PM,Employee reported being harassed,UNKNOWN LOCATION,2026-02-18 21:43:32,2026-01-15,2026,1,January,22,Thursday,False,Late Night
973,PSHI-2026-01-I-132715,2,Abington,01/15/2026 09:50 PM,01/15/2026 08:50 PM,,Assisted clinical staff with agitated patient.,Hershey - Dispatched To: HMC - Children's Hospital > HMC - Children's Hospital,2026-02-18 21:43:32,2026-01-15,2026,1,January,21,Thursday,False,Evening
974,PSHI-2026-01-I-132714,2,Abington,01/15/2026 09:43 PM,01/15/2026 07:31 PM,,Assisted clinical staff with an agitated patient.,Hershey - Dispatched To: HMC - Children's Hospital - 1 > HMC - Children's Hospital - 1,2026-02-18 21:43:32,2026-01-15,2026,1,January,21,Thursday,False,Evening
975,PSHI-2026-01-I-132713,2,Abington,01/15/2026 09:30 PM,01/15/2026 06:48 PM,,Assisted clinical staff with an agitated patient.,Hershey - Dispatched To: HMC - Main Hospital > HMC - Main Hospital,2026-02-18 21:43:32,2026-01-15,2026,1,January,21,Thursday,False,Evening
976,PSHI-2026-01-I-132711,2,Abington,01/15/2026 08:42 PM,01/15/2026 08:25 PM,,Safekeeping of patient knife.,Hershey - Dispatched To: HMC - Emergency Department > HMC - Emergency Department,2026-02-18 21:43:32,2026-01-15,2026,1,January,20,Thursday,False,Evening
977,26UP00173,1,University Park,01/15/2026 06:54 PM,01/15/2026 03:00 PM,01/15/2026 06:30 PM,Student reported being harassed,UNKNOWN LOCATION,2026-02-18 21:43:32,2026-01-15,2026,1,January,18,Thursday,False,Evening
978,26UP00174,1,University Park,01/15/2026 06:16 PM,07/15/2025 06:16 PM,01/15/2026 07:45 PM,Student reported being harassed,SPROUL HALL,2026-02-18 21:43:32,2026-01-15,2026,1,January,18,Thursday,False,Evening
979,PSHI-2026-01-I-132703,2,Abington,01/15/2026 05:43 PM,01/15/2026 02:55 PM,,Assisted clinical staff with an agitated visitor.,Hershey - Dispatched To: HMC - Main Hospital - 6 - MIMCU > HMC - Main Hospital - 6 - MIMCU,2026-02-18 21:43:32,2026-01-15,2026,1,January,17,Thursday,False,Afternoon
980,26ER00013,5,Erie (Behrend),01/15/2026 05:37 PM,01/15/2026 05:37 PM,01/15/2026 05:50 PM,Employee reported an alarm activation,SMITH CHAPEL & CARILLON,2026-02-18 21:43:32,2026-01-15,2026,1,January,17,Thursday,False,Afternoon
981,26UP00168,1,University Park,01/15/2026 04:45 PM,10/31/2025 11:00 PM,11/01/2025 12:00 AM,Student reported they were sexually assaulted by a known person in a residence hall,SOUTH HALLS RESIDENCE COMPLEX,2026-02-18 21:43:32,2026-01-15,2026,1,January,16,Thursday,False,Afternoon
982,26UP00164,1,University Park,01/15/2026 04:27 PM,12/28/2025 04:27 PM,12/28/2025 06:00 PM,Student reported suspicious persons,UNIVERSITY SUPPORT BLDG I,2026-02-18 21:43:32,2026-01-15,2026,1,January,16,Thursday,False,Afternoon
983,26UP00166,1,University Park,01/15/2026 04:27 PM,01/15/2026 04:27 PM,01/15/2026 04:37 PM,Student found in possession of alcoholic beverages being less than 21 years of age,SNYDER HALL,2026-02-18 21:43:32,2026-01-15,2026,1,January,16,Thursday,False,Afternoon
984,PSHI-2026-01-I-132693,2,Abington,01/15/2026 03:40 PM,01/15/2026 02:43 PM,,Assisted courier with deposit into treasury.,Hershey - Dispatched To: HMC - Main Hospital - 1 - Cashier's Office > HMC - Main Hospital - 1 - Cashier's Office,2026-02-18 21:43:32,2026-01-15,2026,1,January,15,Thursday,False,Afternoon
985,PSHI-2026-01-I-132694,2,Abington,01/15/2026 03:40 PM,01/15/2026 03:11 PM,,Assisted clinical staff with an agitated patient.,Hershey - Dispatched To: HMC - Children's Hospital - 6 > HMC - Children's Hospital - 6,2026-02-18 21:43:32,2026-01-15,2026,1,January,15,Thursday,False,Afternoon
986,26HB00010,13,Harrisburg,01/15/2026 02:29 PM,01/15/2026 02:29 PM,01/15/2026 03:00 PM,Assisted the ambulance with a medical emergency,OLMSTED BUILDING,2026-02-18 21:43:32,2026-01-15,2026,1,January,14,Thursday,False,Afternoon
987,PSHI-2026-01-I-132689,2,Abington,01/15/2026 02:15 PM,01/15/2026 01:22 PM,,Assisted clinical staff with agitated patient.,Hershey - Dispatched To: HMC - Main Hospital - 4 > HMC - Main Hospital - 4,2026-02-18 21:43:32,2026-01-15,2026,1,January,14,Thursday,False,Afternoon
988,PSHI-2026-01-I-132687,2,Abington,01/15/2026 02:09 PM,01/15/2026 01:56 PM,,Assisted clinical staff with agitated visitor.,Hershey - Dispatched To: HMC - Emergency Department > HMC - Emergency Department,2026-02-18 21:43:32,2026-01-15,2026,1,January,14,Thursday,False,Afternoon
989,PSHI-2026-01-I-132686,2,Abington,01/15/2026 02:02 PM,01/15/2026 12:18 PM,,Visitor mismatch on the sex offender registry.,Hershey - Dispatched To: HMC - Children's Hospital - 1 - Children's Hospital Main Information Desk > HMC - Children's Hospital - 1 - Children's Hospital Main Information Desk,2026-02-18 21:43:32,2026-01-15,2026,1,January,14,Thursday,False,Afternoon
990,PSHI-2026-01-I-132685,2,Abington,01/15/2026 02:02 PM,01/15/2026 01:10 PM,,Visitor mismatch to the sex offender registry.,Hershey - Dispatched To: HMC - Children's Hospital - 1 - Children's Hospital Main Information Desk > HMC - Children's Hospital - 1 - Children's Hospital Main Information Desk,2026-02-18 21:43:32,2026-01-15,2026,1,January,14,Thursday,False,Afternoon
991,PSHI-2026-01-I-132681,2,Abington,01/15/2026 01:45 PM,,,Assisted clinical staff with agitated patient.,Hershey - Dispatched To: HMC - Main Hospital - 4 > HMC - Main Hospital - 4,2026-02-18 21:43:32,2026-01-15,2026,1,January,13,Thursday,False,Afternoon
992,26AL00017,3,Altoona,01/15/2026 01:33 PM,01/15/2026 01:33 PM,01/15/2026 01:45 PM,Employee reported a fire alarm activation,OAK HALL,2026-02-18 21:43:32,2026-01-15,2026,1,January,13,Thursday,False,Afternoon
993,26UP00160,1,University Park,01/15/2026 01:20 PM,01/12/2026 08:00 PM,01/13/2026 09:00 PM,Student reported the loss or theft of their unattended personal property,EARLE HALL,2026-02-18 21:43:32,2026-01-15,2026,1,January,13,Thursday,False,Afternoon
994,PSHI-2026-01-I-132679,2,Abington,01/15/2026 01:19 PM,01/15/2026 10:05 AM,,Assisted staff with an agitated visitor.,Hershey - Dispatched To: HMC - Main Hospital > HMC - Main Hospital,2026-02-18 21:43:32,2026-01-15,2026,1,January,13,Thursday,False,Afternoon
995,26BK00006,4,Beaver,01/15/2026 01:17 PM,01/15/2026 01:17 PM,01/15/2026 01:30 PM,Employee reported a fire alarm activation,IVY HALL,2026-02-18 21:43:32,2026-01-15,2026,1,January,13,Thursday,False,Afternoon
996,26BW00005,7,Brandywine,01/15/2026 12:55 PM,11/26/2025 12:01 AM,01/15/2026 12:55 PM,Employee reported the loss of University property,VAIRO LIBRARY,2026-02-18 21:43:32,2026-01-15,2026,1,January,12,Thursday,False,Afternoon
997,26UP00159,1,University Park,01/15/2026 12:17 PM,01/15/2026 11:17 AM,01/15/2026 12:17 PM,Employee reported a two vehicle crash with no injuries,ORANGE F MORGAN CENTER LOT,2026-02-18 21:43:32,2026-01-15,2026,1,January,12,Thursday,False,Afternoon
998,26DS00001,9,DuBois,01/15/2026 12:16 PM,01/15/2026 12:16 PM,01/15/2026 12:22 PM,Visitor requested assistance with a disabled vehicle,N 6TH ST & E DUBOIS AVE,2026-02-18 21:43:32,2026-01-15,2026,1,January,12,Thursday,False,Afternoon
999,PSHI-2026-01-I-132677,2,Abington,01/15/2026 12:08 PM,01/15/2026 10:52 AM,,Visitor harassed staff member.,Hershey - Dispatched To: HMC - Main Hospital  > HMC - Main Hospital,2026-02-18 21:43:32,2026-01-15,2026,1,January,12,Thursday,False,Afternoon
1000,26UP00158,1,University Park,01/15/2026 10:59 AM,01/15/2026 10:59 AM,01/15/2026 11:30 AM,Employee reported a one vehicle crash with no injuries,WEST DECK,2026-02-18 21:43:32,2026-01-15,2026,1,January,10,Thursday,False,Morning
1001,PSHI-2026-01-I-132676,2,Abington,01/15/2026 10:58 AM,01/15/2026 10:17 AM,,Team de-escalation plan for agitated patient.,Hershey - Dispatched To: HMC - Main Hospital - 4 > HMC - Main Hospital - 4,2026-02-18 21:43:32,2026-01-15,2026,1,January,10,Thursday,False,Morning
1002,PSHI-2026-01-I-132674,2,Abington,01/15/2026 10:46 AM,01/15/2026 10:19 AM,,Assisted clinical staff with an agitated patient.,Hershey - Dispatched To: HMC - Main Hospital - 4 > HMC - Main Hospital - 4,2026-02-18 21:43:32,2026-01-15,2026,1,January,10,Thursday,False,Morning
1003,PSHI-2026-01-I-132675,2,Abington,01/15/2026 10:46 AM,01/15/2026 10:01 AM,,Assisted LE with removal of restraints.,Hershey - Dispatched To: HMC - Main Hospital - 2 - Same Day Surgery Unit > HMC - Main Hospital - 2 - Same Day Surgery Unit,2026-02-18 21:43:32,2026-01-15,2026,1,January,10,Thursday,False,Morning
1004,26UP00157,1,University Park,01/15/2026 10:26 AM,01/13/2026 07:13 PM,01/15/2026 10:16 AM,Employee reported theft of services,HUB PARKING DECK,2026-02-18 21:43:32,2026-01-15,2026,1,January,10,Thursday,False,Morning
1005,26WB00002,21,Wilkes-Barre,01/15/2026 10:12 AM,01/14/2026 02:00 PM,01/15/2026 10:12 AM,Employee requested assistance with an administrative matter,ATHLETIC AND RECREATION BUILDING,2026-02-18 21:43:32,2026-01-15,2026,1,January,10,Thursday,False,Morning
1006,26UP00155,1,University Park,01/15/2026 09:19 AM,12/15/2025 09:19 AM,01/07/2026 07:00 AM,Employee reported suspicious persons,UNIVERSITY SUPPORT BLDG I,2026-02-18 21:43:32,2026-01-15,2026,1,January,9,Thursday,False,Morning
1007,26HB00009,13,Harrisburg,01/15/2026 09:00 AM,01/14/2026 08:00 AM,01/15/2026 09:15 AM,Student reported being harassed,SUSQUEHANNA BUILDING,2026-02-18 21:43:32,2026-01-15,2026,1,January,9,Thursday,False,Morning
1008,PSHI-2026-01-I-132673,2,Abington,01/15/2026 09:00 AM,01/15/2026 07:37 AM,,Assisted clinical staff with agitated patient.,Hershey - Dispatched To: HMC - Children's Hospital - 6 > HMC - Children's Hospital - 6,2026-02-18 21:43:32,2026-01-15,2026,1,January,9,Thursday,False,Morning
1009,PSHI-2026-01-I-132672,2,Abington,01/15/2026 08:33 AM,01/15/2026 08:11 AM,,Assisted clinical staff with agitated patient.,Hershey - Dispatched To: HMC - Main Hospital - 4 > HMC - Main Hospital - 4,2026-02-18 21:43:32,2026-01-15,2026,1,January,8,Thursday,False,Morning
1010,26BK00007,4,Beaver,01/15/2026 07:30 AM,01/15/2026 07:30 AM,,Employee reported a suspicious item,BEAVER ATHLETICS AND WELLNESS CENTER,2026-02-18 21:43:32,2026-01-15,2026,1,January,7,Thursday,False,Morning
1011,PSHI-2026-01-I-132668,2,Abington,01/15/2026 05:44 AM,01/15/2026 05:12 AM,,Assisted clinical staff with agitated patient.,Hershey - Dispatched To: HMC - Main Hospital - 4 - Acute Care > HMC - Main Hospital - 4 - Acute Care,2026-02-18 21:43:32,2026-01-15,2026,1,January,5,Thursday,False,Late Night
1012,26UP00154,1,University Park,01/15/2026 02:39 AM,01/15/2026 02:39 AM,01/15/2026 03:16 AM,Student observed highly intoxicated,MCKEAN RD & SHORTLIDGE RD,2026-02-18 21:43:32,2026-01-15,2026,1,January,2,Thursday,False,Late Night
1013,PSHI-2026-01-I-132664,2,Abington,01/15/2026 01:14 AM,01/14/2026 09:43 PM,,Assisted clinical staff with agitated patient.,Hershey - Dispatched To: HMC - Children's Hospital > HMC - Children's Hospital,2026-02-18 21:43:32,2026-01-15,2026,1,January,1,Thursday,False,Late Night
1014,26UP00152,1,University Park,01/15/2026 12:18 AM,01/15/2026 12:18 AM,01/15/2026 12:45 AM,Underage student observed highly intoxicated,BIGLER RD & MCKEAN RD,2026-02-18 21:43:32,2026-01-15,2026,1,January,0,Thursday,False,Late Night
1015,PSHI-2026-01-I-132663,2,Abington,01/14/2026 11:16 PM,01/14/2026 11:13 PM,,Found and destroyed items of unknown origin.,Hershey - Dispatched To: HMC - Main Hospital - 1 - Security Operations Center > HMC - Main Hospital - 1 - Security Operations Center,2026-02-18 21:43:32,2026-01-14,2026,1,January,23,Wednesday,False,Late Night
1016,PSHI-2026-01-I-132662,2,Abington,01/14/2026 10:44 PM,01/14/2026 10:30 PM,,Assisted HR with investigation.,Hershey - Reported Location: HMC - Main Hospital - 1 - South Entrance\Chapel,2026-02-18 21:43:32,2026-01-14,2026,1,January,22,Wednesday,False,Late Night
1017,26UP00151,1,University Park,01/14/2026 09:25 PM,12/20/2025 09:25 PM,01/14/2026 09:25 PM,Student reported the theft of their unattended personal property,LOT 81 BEAVER HALL LOT,2026-02-18 21:43:32,2026-01-14,2026,1,January,21,Wednesday,False,Evening
1018,26AB00010,2,Abington,01/14/2026 09:10 PM,01/14/2026 09:10 PM,01/14/2026 09:14 PM,Assisted an outside law enforcement agency with an investigation,OLD YORK RD,2026-02-18 21:43:32,2026-01-14,2026,1,January,21,Wednesday,False,Evening
1019,26HB00007,13,Harrisburg,01/14/2026 08:55 PM,01/14/2026 10:45 AM,01/14/2026 11:00 AM,Student reported the theft of their unsecured personal property,CAPITAL UNION BUILDING,2026-02-18 21:43:32,2026-01-14,2026,1,January,20,Wednesday,False,Evening
1020,26UP00150,1,University Park,01/14/2026 08:50 PM,01/14/2026 08:50 PM,01/14/2026 09:32 PM,Student requested assistance with a personal matter,STUART HALL,2026-02-18 21:43:32,2026-01-14,2026,1,January,20,Wednesday,False,Evening
1021,PSHI-2026-01-I-132658,2,Abington,01/14/2026 08:40 PM,01/14/2026 07:27 PM,,Assisted clinical staff with agitated patient.,Hershey - Dispatched To: HMC - Children's Hospital > HMC - Children's Hospital,2026-02-18 21:43:32,2026-01-14,2026,1,January,20,Wednesday,False,Evening
1022,26UP00149,1,University Park,01/14/2026 08:12 PM,01/14/2026 08:12 PM,01/14/2026 08:20 PM,Employee reported a suspicious odor,PATERNO LIBRARY,2026-02-18 21:43:32,2026-01-14,2026,1,January,20,Wednesday,False,Evening
1023,26ER00012,5,Erie (Behrend),01/14/2026 07:53 PM,01/14/2026 07:53 PM,01/14/2026 08:21 PM,Resident Assistant reported a suspicious odor,NIAGARA HALL,2026-02-18 21:43:32,2026-01-14,2026,1,January,19,Wednesday,False,Evening
1024,26BW00004,7,Brandywine,01/14/2026 07:01 PM,01/14/2026 07:01 PM,01/14/2026 07:14 PM,Employee reported suspicious person,MAIN BUILDING,2026-02-18 21:43:32,2026-01-14,2026,1,January,19,Wednesday,False,Evening
1025,26UP00148,1,University Park,01/14/2026 06:28 PM,01/14/2026 06:28 PM,01/14/2026 06:38 PM,Employee reported a vehicle crash no injuries,WAGNER BLDG,2026-02-18 21:43:32,2026-01-14,2026,1,January,18,Wednesday,False,Evening
1026,26SL00002,19,Schuylkill,01/14/2026 06:15 PM,01/14/2026 03:18 PM,01/14/2026 06:15 PM,Student reported the loss or theft of their unattended personal property,STUDENT-COMMUNITY ACTIVITY CENTER,2026-02-18 21:43:32,2026-01-14,2026,1,January,18,Wednesday,False,Evening
1027,PSHI-2026-01-I-132654,2,Abington,01/14/2026 06:09 PM,01/14/2026 05:35 PM,,Assisted clinical staff with an agitated patient.,Hershey - Dispatched To: HMC - Children's Hospital - 6 > HMC - Children's Hospital - 6,2026-02-18 21:43:32,2026-01-14,2026,1,January,18,Wednesday,False,Evening
1028,26UP00147,1,University Park,01/14/2026 05:57 PM,01/14/2026 05:57 PM,01/14/2026 06:14 PM,Employee reported a concern for another person,REC HALL,2026-02-18 21:43:32,2026-01-14,2026,1,January,17,Wednesday,False,Afternoon
1029,26UP00146,1,University Park,01/14/2026 05:31 PM,10/10/2025 12:00 AM,10/11/2025 11:59 PM,Student reported they were indecently assaulted by a known person in a residence hall,EAST HALLS RESIDENCE COMPLEX,2026-02-18 21:43:32,2026-01-14,2026,1,January,17,Wednesday,False,Afternoon
1030,26UP00144,1,University Park,01/14/2026 05:23 PM,01/14/2026 04:16 PM,,Employee reported suspicious activity,UNIVERSITY SUPPORT BLDG I,2026-02-18 21:43:32,2026-01-14,2026,1,January,17,Wednesday,False,Afternoon
1031,26UP00145,1,University Park,01/14/2026 05:22 PM,01/14/2026 05:22 PM,01/14/2026 06:30 PM,Student reported unsafe conditions,CHEMICAL AND BIOMEDICAL ENGINEERING BLDG,2026-02-18 21:43:32,2026-01-14,2026,1,January,17,Wednesday,False,Afternoon
1032,PSHI-2026-01-I-132651,2,Abington,01/14/2026 05:17 PM,01/14/2026 12:32 PM,,Disposed of item in property.,Hershey - Dispatched To: HMC - Main Hospital - 1 - Security Operations Center > HMC - Main Hospital - 1 - Security Operations Center,2026-02-18 21:43:32,2026-01-14,2026,1,January,17,Wednesday,False,Afternoon
1033,PSHI-2026-01-I-132650,2,Abington,01/14/2026 04:58 PM,01/14/2026 04:32 PM,,Assisted clinical staff with an agitated patient.,Hershey - Dispatched To: HMC - Main Hospital - 4 - Acute Care > HMC - Main Hospital - 4 - Acute Care,2026-02-18 21:43:32,2026-01-14,2026,1,January,16,Wednesday,False,Afternoon
1034,26HB00008,13,Harrisburg,01/14/2026 04:45 PM,02/01/2025 12:00 AM,01/14/2026 05:55 PM,Employee requested assistance with a personal matter,LEUBNITZER WEG 1,2026-02-18 21:43:32,2026-01-14,2026,1,January,16,Wednesday,False,Afternoon
1035,26UP00143,1,University Park,01/14/2026 04:29 PM,01/14/2026 04:29 PM,01/14/2026 06:57 PM,Employee reported suspicious persons,NOLL LAB,2026-02-18 21:43:32,2026-01-14,2026,1,January,16,Wednesday,False,Afternoon
1036,PSHI-2026-01-I-132649,2,Abington,01/14/2026 04:21 PM,01/14/2026 03:31 PM,,Secured found item.,Hershey - Dispatched To: HMC - Main Hospital > HMC - Main Hospital,2026-02-18 21:43:32,2026-01-14,2026,1,January,16,Wednesday,False,Afternoon
1037,26AB00009,2,Abington,01/14/2026 04:19 PM,01/14/2026 12:00 AM,01/14/2026 04:19 PM,Employee reported the careless operation of a vehicle,SUTHERLAND BUILDING,2026-02-18 21:43:32,2026-01-14,2026,1,January,16,Wednesday,False,Afternoon
1038,26HB00006,13,Harrisburg,01/14/2026 03:14 PM,01/14/2026 03:14 PM,01/14/2026 04:00 PM,Employee requested assistance in locating a student,SUSQUEHANNA BUILDING,2026-02-18 21:43:32,2026-01-14,2026,1,January,15,Wednesday,False,Afternoon
1039,26UP00141,1,University Park,01/14/2026 03:05 PM,09/01/2025 12:00 AM,09/30/2025 12:00 AM,Student reported they were sexually assaulted by a known person in a residence hall,ON CAMPUS RESIDENCE HALL,2026-02-18 21:43:32,2026-01-14,2026,1,January,15,Wednesday,False,Afternoon
1040,26UP00140,1,University Park,01/14/2026 01:28 PM,11/07/2025 04:30 PM,11/07/2025 05:00 PM,Employee reported a concern for another student,N ATHERTON ST,2026-02-18 21:43:32,2026-01-14,2026,1,January,13,Wednesday,False,Afternoon
1041,PSHI-2026-01-I-132642,2,Abington,01/14/2026 12:55 PM,01/14/2026 12:30 PM,,Assisted clinical staff with agitated patient.,Hershey - Dispatched To: HMC - Main Hospital  > HMC - Main Hospital,2026-02-18 21:43:32,2026-01-14,2026,1,January,12,Wednesday,False,Afternoon
1042,PSHI-2026-01-I-132641,2,Abington,01/14/2026 12:52 PM,01/14/2026 12:29 PM,,Visitor Fall.,Hershey - Dispatched To: HMC - Cancer Institute > HMC - Cancer Institute,2026-02-18 21:43:32,2026-01-14,2026,1,January,12,Wednesday,False,Afternoon
1043,26UP00139,1,University Park,01/14/2026 12:22 PM,01/14/2026 12:22 PM,01/14/2026 12:57 PM,Employee reported a traffic concern regarding vehicles,NITTANY PARKING,2026-02-18 21:43:32,2026-01-14,2026,1,January,12,Wednesday,False,Afternoon
1044,PSHI-2026-01-I-132637,2,Abington,01/14/2026 12:08 PM,01/14/2026 10:52 AM,,Assisted clinical staff with agitated patient.,Hershey - Dispatched To: HMC - Emergency Department > HMC - Emergency Department,2026-02-18 21:43:32,2026-01-14,2026,1,January,12,Wednesday,False,Afternoon
1045,26UP00138,1,University Park,01/14/2026 11:58 AM,01/14/2026 11:58 AM,01/14/2026 12:27 PM,Assisted a student with a personal matter,YOUNG HALL,2026-02-18 21:43:32,2026-01-14,2026,1,January,11,Wednesday,False,Morning
1046,26AL00016,3,Altoona,01/14/2026 11:43 AM,01/14/2026 11:43 AM,01/14/2026 11:56 AM,Assisted an outside law enforcement agency with an investigation,JEFFERSON ST,2026-02-18 21:43:32,2026-01-14,2026,1,January,11,Wednesday,False,Morning
1047,PSHI-2026-01-I-132631,2,Abington,01/14/2026 09:25 AM,01/14/2026 09:02 AM,,Assisted clinical staff with agitated patient.,Hershey - Dispatched To: HMC - Main Hospital - 4 - Acute Care > HMC - Main Hospital - 4 - Acute Care,2026-02-18 21:43:32,2026-01-14,2026,1,January,9,Wednesday,False,Morning
1048,PSHI-2026-01-I-132627,2,Abington,01/14/2026 05:21 AM,01/14/2026 05:05 AM,,Assisted clinical staff with agitated patient.,Hershey - Dispatched To: HMC - Main Hospital > HMC - Main Hospital,2026-02-18 21:43:32,2026-01-14,2026,1,January,5,Wednesday,False,Late Night
1049,PSHI-2026-01-I-132626,2,Abington,01/14/2026 03:06 AM,01/13/2026 11:20 PM,,Intervened in active patient elopement.,Hershey - Dispatched To: HMC - Children's Hospital - 6 > HMC - Children's Hospital - 6,2026-02-18 21:43:32,2026-01-14,2026,1,January,3,Wednesday,False,Late Night
1050,26UP00137,1,University Park,01/14/2026 02:58 AM,01/14/2026 02:58 AM,01/14/2026 03:30 AM,Underage student observed highly intoxicated and transported to the hospital,PACKER HALL,2026-02-18 21:43:32,2026-01-14,2026,1,January,2,Wednesday,False,Late Night
1051,26UP00136,1,University Park,01/14/2026 02:31 AM,01/14/2026 02:31 AM,01/14/2026 02:50 AM,Underage student observed highly intoxicated,ROBINSON HALL,2026-02-18 21:43:32,2026-01-14,2026,1,January,2,Wednesday,False,Late Night
1052,26UP00135,1,University Park,01/14/2026 02:23 AM,01/14/2026 02:23 AM,01/14/2026 02:45 AM,Underage student observed highly intoxicated,HOLMES HALL,2026-02-18 21:43:32,2026-01-14,2026,1,January,2,Wednesday,False,Late Night
1053,26UP00134,1,University Park,01/14/2026 12:53 AM,01/14/2026 12:53 AM,01/14/2026 04:28 AM,Identified students in possession of marijuana,MCKEAN HALL,2026-02-18 21:43:32,2026-01-14,2026,1,January,0,Wednesday,False,Late Night
1054,26UP00132,1,University Park,01/13/2026 10:29 PM,01/13/2026 10:29 PM,01/13/2026 10:45 PM,Assisted Residence Life staff with a University policy violation,NITTANY APT,2026-02-18 21:43:32,2026-01-13,2026,1,January,22,Tuesday,False,Late Night
1055,PSHI-2026-01-I-132622,2,Abington,01/13/2026 10:26 PM,01/13/2026 09:31 PM,,Assisted clinical staff with agitated patient.,Hershey - Dispatched To: HMC - Main Hospital - 4 - Acute Care > HMC - Main Hospital - 4 - Acute Care,2026-02-18 21:43:32,2026-01-13,2026,1,January,22,Tuesday,False,Late Night
1056,PSHI-2026-01-I-132621,2,Abington,01/13/2026 09:57 PM,01/13/2026 06:45 PM,,Assisted clinical staff with agitated patient.,Hershey - Dispatched To: HMC - Main Hospital - 4 - Acute Care > HMC - Main Hospital - 4 - Acute Care,2026-02-18 21:43:32,2026-01-13,2026,1,January,21,Tuesday,False,Evening
1057,26UP00129,1,University Park,01/13/2026 09:18 PM,01/13/2026 09:18 PM,01/13/2026 09:45 PM,"Resident Assistant reported the odor of marijuana, origin not located",HAMILTON HALL,2026-02-18 21:43:32,2026-01-13,2026,1,January,21,Tuesday,False,Evening
1058,PSHI-2026-01-I-132618,2,Abington,01/13/2026 05:59 PM,01/13/2026 05:49 PM,,Intervened in active patient elopement.,Hershey - Dispatched To: HMC - Children's Hospital > HMC - Children's Hospital,2026-02-18 21:43:32,2026-01-13,2026,1,January,17,Tuesday,False,Afternoon
1059,26AL00015,3,Altoona,01/13/2026 05:05 PM,01/13/2026 04:45 PM,01/13/2026 05:00 PM,Employee reported a suspicious vehicle,IVYSIDE PARK,2026-02-18 21:43:32,2026-01-13,2026,1,January,17,Tuesday,False,Afternoon
1060,PSHI-2026-01-I-132613,2,Abington,01/13/2026 04:36 PM,01/13/2026 02:05 PM,,Assisted clinical staff with agitated patient.,Hershey - Dispatched To: HMC - 30 Hope Drive > HMC - 30 Hope Drive,2026-02-18 21:43:32,2026-01-13,2026,1,January,16,Tuesday,False,Afternoon
1061,26UP00128,1,University Park,01/13/2026 04:09 PM,11/08/2025 10:30 AM,11/08/2025 03:30 PM,Student reported the loss or theft of their secured personal property,BEAVER STADIUM,2026-02-18 21:43:32,2026-01-13,2026,1,January,16,Tuesday,False,Afternoon
1062,PSHI-2026-01-I-132610,2,Abington,01/13/2026 04:09 PM,01/13/2026 01:31 PM,,Team de-escalation plan for agitated patient and visitor.,Hershey - Dispatched To: HMC Off-Site - PSMG - Harrisburg - PSMG > HMC Off-Site - PSMG - Harrisburg - PSMG,2026-02-18 21:43:32,2026-01-13,2026,1,January,16,Tuesday,False,Afternoon
1063,PSHI-2026-01-I-132609,2,Abington,01/13/2026 04:07 PM,01/13/2026 03:49 PM,,Patient bit PCA.,Hershey - Dispatched To: HMC - Main Hospital > HMC - Main Hospital,2026-02-18 21:43:32,2026-01-13,2026,1,January,16,Tuesday,False,Afternoon
1064,26BW00003,7,Brandywine,01/13/2026 04:01 PM,01/13/2026 04:01 PM,01/13/2026 04:14 PM,Visitor mistakenly dialed 911. no issue discovered,ORCHARD HALL,2026-02-18 21:43:32,2026-01-13,2026,1,January,16,Tuesday,False,Afternoon
1065,PSHI-2026-01-I-132608,2,Abington,01/13/2026 03:38 PM,01/13/2026 02:52 PM,,Received copy of court documents.,Hershey - Dispatched To: HMC - Main Hospital > HMC - Main Hospital,2026-02-18 21:43:32,2026-01-13,2026,1,January,15,Tuesday,False,Afternoon
1066,26AB00008,2,Abington,01/13/2026 03:30 PM,01/13/2026 03:30 PM,,Employee requested assistance with an administrative matter,LIONS GATE AT PENN STATE ABINGTON,2026-02-18 21:43:32,2026-01-13,2026,1,January,15,Tuesday,False,Afternoon
1067,26AL00014,3,Altoona,01/13/2026 02:54 PM,01/12/2026 02:30 PM,01/12/2026 04:20 PM,Student requested assistance with a personal matter,HAWTHORN BLDG,2026-02-18 21:43:32,2026-01-13,2026,1,January,14,Tuesday,False,Afternoon
1068,PSHI-2026-01-I-132604,2,Abington,01/13/2026 01:12 PM,01/13/2026 11:13 AM,,Assisted clinical staff with agitated patient.,Hershey - Dispatched To: HMC - Main Hospital > HMC - Main Hospital,2026-02-18 21:43:32,2026-01-13,2026,1,January,13,Tuesday,False,Afternoon
1069,26AL00013,3,Altoona,01/13/2026 11:52 AM,01/13/2026 11:52 AM,,Employee reported a hit and run vehicle crash,PENN LOT - GPE - ALTOONA,2026-02-18 21:43:32,2026-01-13,2026,1,January,11,Tuesday,False,Morning
1070,26AL00012,3,Altoona,01/13/2026 11:48 AM,01/13/2026 11:48 AM,01/13/2026 02:05 PM,Employee requested assistance with an administrative matter,SMITH BLDG,2026-02-18 21:43:32,2026-01-13,2026,1,January,11,Tuesday,False,Morning
1071,PSHI-2026-01-I-132598,2,Abington,01/13/2026 11:45 AM,01/13/2026 11:06 AM,,Employee struck by vehicle.,Hershey - Dispatched To: HMC - Main Hospital - 1 - Main Entrance\Valet > HMC - Main Hospital - 1 - Main Entrance\Valet,2026-02-18 21:43:32,2026-01-13,2026,1,January,11,Tuesday,False,Morning
1072,PSHI-2026-01-I-132597,2,Abington,01/13/2026 11:45 AM,01/13/2026 11:23 AM,,Visitor fall.,Hershey - Dispatched To: HMC - Main Hospital - 1 - Main Entrance\Valet > HMC - Main Hospital - 1 - Main Entrance\Valet,2026-02-18 21:43:32,2026-01-13,2026,1,January,11,Tuesday,False,Morning
1073,26AB00007,2,Abington,01/13/2026 10:41 AM,01/13/2026 10:41 AM,01/13/2026 11:40 AM,Student reported a hit and run vehicle crash,LOT J - ABINGTON,2026-02-18 21:43:32,2026-01-13,2026,1,January,10,Tuesday,False,Morning
1074,26YK00001,23,York,01/13/2026 08:20 AM,01/10/2026 09:00 AM,01/10/2026 09:30 AM,Employee requested assistance with an administrative matter,RUHL STUDENT/COMMUNITY CENTER,2026-02-18 21:43:32,2026-01-13,2026,1,January,8,Tuesday,False,Morning
1075,26UP00125,1,University Park,01/13/2026 04:29 AM,01/13/2026 04:25 AM,01/13/2026 06:31 AM,Employee reported suspicious persons,REDIFER HALL,2026-02-18 21:43:32,2026-01-13,2026,1,January,4,Tuesday,False,Late Night
1076,PSHI-2026-01-I-132592,2,Abington,01/13/2026 03:31 AM,01/13/2026 02:13 AM,,Assisted clinical staff with search of patient belongings.,Hershey - Dispatched To: HMC - Main Hospital - 4 - Acute Care > HMC - Main Hospital - 4 - Acute Care,2026-02-18 21:43:32,2026-01-13,2026,1,January,3,Tuesday,False,Late Night
1077,26UP00124,1,University Park,01/13/2026 12:59 AM,01/12/2026 05:08 PM,01/13/2026 01:01 AM,Assisted an outside law enforcement agency with an investigation,UNIVERSITY SUPPORT BLDG I,2026-02-18 21:43:32,2026-01-13,2026,1,January,0,Tuesday,False,Late Night
1078,PSHI-2026-01-I-132590,2,Abington,01/13/2026 12:03 AM,01/12/2026 10:40 PM,,Assisted clinical staff with an agitated patient.,Hershey - Dispatched To: HMC - Main Hospital > HMC - Main Hospital,2026-02-18 21:43:32,2026-01-13,2026,1,January,0,Tuesday,False,Late Night
1079,PSHI-2026-01-I-132589,2,Abington,01/12/2026 10:50 PM,01/12/2026 09:31 PM,,Patient's drug covered clothing surrendered to law enforcement.,Hershey - Dispatched To: HMC - Emergency Department > HMC - Emergency Department,2026-02-18 21:43:32,2026-01-12,2026,1,January,22,Monday,False,Late Night
1080,26UP00123,1,University Park,01/12/2026 10:23 PM,01/12/2026 10:23 PM,01/12/2026 11:59 PM,Student reported a University policy violation,PATTERSON HALL,2026-02-18 21:43:32,2026-01-12,2026,1,January,22,Monday,False,Late Night
1081,26UP00122,1,University Park,01/12/2026 09:20 PM,01/12/2026 07:00 AM,01/12/2026 08:00 PM,Student reported the theft of University property,SIMMONS HALL,2026-02-18 21:43:32,2026-01-12,2026,1,January,21,Monday,False,Evening
1082,26UP00121,1,University Park,01/12/2026 08:55 PM,01/12/2026 08:55 PM,01/12/2026 08:59 PM,Employee reported suspicious persons,HAMMOND BLDG,2026-02-18 21:43:32,2026-01-12,2026,1,January,20,Monday,False,Evening
1083,26BK00005,4,Beaver,01/12/2026 08:46 PM,01/12/2026 08:46 PM,01/12/2026 09:05 PM,Employee reported a fire alarm activation,LAUREL HALL,2026-02-18 21:43:32,2026-01-12,2026,1,January,20,Monday,False,Evening
1084,PSHI-2026-01-I-132580,2,Abington,01/12/2026 06:56 PM,01/12/2026 06:45 PM,,Assisted clinical staff with a patient that had eloped from his room.,Hershey - Dispatched To: HMC - Children's Hospital > HMC - Children's Hospital,2026-02-18 21:43:32,2026-01-12,2026,1,January,18,Monday,False,Evening
1085,PSHI-2026-01-I-132572,2,Abington,01/12/2026 05:38 PM,01/12/2026 04:50 PM,,Assisted visitor with locating missing personal items.,Hershey - Dispatched To: HMC - Main Hospital - 1 - Main Information Desk > HMC - Main Hospital - 1 - Main Information Desk,2026-02-18 21:43:32,2026-01-12,2026,1,January,17,Monday,False,Afternoon
1086,26UP00120,1,University Park,01/12/2026 04:57 PM,01/12/2026 04:57 PM,01/12/2026 05:43 PM,Student reported being harassed,MCALLISTER BLDG,2026-02-18 21:43:32,2026-01-12,2026,1,January,16,Monday,False,Afternoon
1087,26UP00119,1,University Park,01/12/2026 04:11 PM,01/12/2026 04:11 PM,01/12/2026 04:50 PM,Visitor reported a traffic concern regarding a vehicle,HUB PARKING DECK,2026-02-18 21:43:32,2026-01-12,2026,1,January,16,Monday,False,Afternoon
1088,26UP00118,1,University Park,01/12/2026 03:55 PM,01/12/2026 03:55 PM,01/12/2026 04:18 PM,Employee reported suspicious activity,HUB ROBESON CULTURAL CENTER,2026-02-18 21:43:32,2026-01-12,2026,1,January,15,Monday,False,Afternoon
1089,PSHI-2026-01-I-132567,2,Abington,01/12/2026 03:31 PM,01/12/2026 03:16 PM,,Assisted Law Enforcement with access to employee.,Hershey - Dispatched To: HMC - Emergency Department > HMC - Emergency Department,2026-02-18 21:43:32,2026-01-12,2026,1,January,15,Monday,False,Afternoon
1090,26BW00002,7,Brandywine,01/12/2026 03:30 PM,01/12/2026 02:30 PM,01/12/2026 03:00 PM,Student reported the theft of their unattended personal property,COMMONS & ATHLETIC CENTER,2026-02-18 21:43:32,2026-01-12,2026,1,January,15,Monday,False,Afternoon
1091,26UP00117,1,University Park,01/12/2026 03:27 PM,12/17/2025 05:00 PM,01/12/2026 04:01 PM,Student reported the theft of their secured personal property,NITTANY COMMUNITY CENTER,2026-02-18 21:43:32,2026-01-12,2026,1,January,15,Monday,False,Afternoon
1092,PSHI-2026-01-I-132563,2,Abington,01/12/2026 02:14 PM,01/12/2026 01:49 PM,,Assisted clinical staff with patient needs.,Hershey - Dispatched To: HMC - Main Hospital > HMC - Main Hospital,2026-02-18 21:43:32,2026-01-12,2026,1,January,14,Monday,False,Afternoon
1093,26UP00115,1,University Park,01/12/2026 02:10 PM,01/10/2026 12:00 AM,01/12/2026 02:00 PM,Employee reported damage to University property,STEPHENS HALL,2026-02-18 21:43:32,2026-01-12,2026,1,January,14,Monday,False,Afternoon
1094,26ER00011,5,Erie (Behrend),01/12/2026 01:13 PM,01/11/2026 12:45 PM,,Employee reported a suspicious vehicle,COLLEGE DR,2026-02-18 21:43:32,2026-01-12,2026,1,January,13,Monday,False,Afternoon
1095,PSHI-2026-01-I-132559,2,Abington,01/12/2026 12:10 PM,01/12/2026 10:06 AM,,Assisted clinical staff with an agitated patient.,Hershey - Dispatched To: HMC - Main Hospital > HMC - Main Hospital,2026-02-18 21:43:32,2026-01-12,2026,1,January,12,Monday,False,Afternoon
1096,PSHI-2026-01-I-132557,2,Abington,01/12/2026 11:11 AM,,,Assisted clinical staff with an agitated patient.,Hershey - Dispatched To: HMC - Emergency Department > HMC - Emergency Department,2026-02-18 21:43:32,2026-01-12,2026,1,January,11,Monday,False,Morning
1097,26HB00003,13,Harrisburg,01/12/2026 10:37 AM,01/12/2026 09:00 AM,01/12/2026 09:50 AM,Student reported the loss or theft of their unattended personal property,OLMSTED BUILDING,2026-02-18 21:43:32,2026-01-12,2026,1,January,10,Monday,False,Morning
1098,PSHI-2026-01-I-132555,2,Abington,01/12/2026 10:31 AM,,,Assisted clinical staff with an agitated visitor.,Hershey - Dispatched To: HMC - Main Hospital > HMC - Main Hospital,2026-02-18 21:43:32,2026-01-12,2026,1,January,10,Monday,False,Morning
1099,26AL00010,3,Altoona,01/12/2026 10:13 AM,01/12/2026 10:13 AM,,Employee reported a hit and run vehicle crash,IVYSIDE PARK & JUNIATA GAP RD,2026-02-18 21:43:32,2026-01-12,2026,1,January,10,Monday,False,Morning
1100,26UP00114,1,University Park,01/12/2026 09:25 AM,01/12/2026 09:25 AM,01/12/2026 10:53 AM,Student reported accidental damage to personal property,BRILL HALL,2026-02-18 21:43:32,2026-01-12,2026,1,January,9,Monday,False,Morning
1101,PSHI-2026-01-I-132551,2,Abington,01/12/2026 08:37 AM,01/12/2026 08:22 AM,,Assisted clinical staff with agitated patient.,Hershey - Dispatched To: HMC - Main Hospital > HMC - Main Hospital,2026-02-18 21:43:32,2026-01-12,2026,1,January,8,Monday,False,Morning
1102,26HN00002,15,Hershey,01/12/2026 08:11 AM,01/12/2026 08:11 AM,01/12/2026 08:20 AM,Employee reported a fire alarm activation,BOOKSTORE,2026-02-18 21:43:32,2026-01-12,2026,1,January,8,Monday,False,Morning
1103,PSHI-2026-01-I-132549,2,Abington,01/12/2026 06:45 AM,01/12/2026 06:22 AM,,Assisted clinical staff with agitated patient.,Hershey - Dispatched To: HMC - Main Hospital > HMC - Main Hospital,2026-02-18 21:43:32,2026-01-12,2026,1,January,6,Monday,False,Morning
1104,PSHI-2026-01-I-132548,2,Abington,01/12/2026 03:29 AM,01/12/2026 01:12 AM,,Assisted clinical staff with an agitated patient.,Hershey - Dispatched To: HMC - Emergency Department > HMC - Emergency Department,2026-02-18 21:43:32,2026-01-12,2026,1,January,3,Monday,False,Late Night
1105,PSHI-2026-01-I-132547,2,Abington,01/12/2026 02:52 AM,01/12/2026 02:01 AM,,Patient scratched nurse.,Hershey - Dispatched To: HMC - Main Hospital - 4 - Acute Care > HMC - Main Hospital - 4 - Acute Care,2026-02-18 21:43:32,2026-01-12,2026,1,January,2,Monday,False,Late Night
1106,PSHI-2026-01-I-132546,2,Abington,01/12/2026 02:45 AM,01/12/2026 02:31 AM,,Victim of violence receiving treatment.,Hershey - Dispatched To: HMC - Emergency Department > HMC - Emergency Department,2026-02-18 21:43:32,2026-01-12,2026,1,January,2,Monday,False,Late Night
1107,PSHI-2026-01-I-132544,2,Abington,01/12/2026 01:55 AM,01/12/2026 12:14 AM,,Patient bit provider.,Hershey - Dispatched To: HMC - Children's Hospital - 6 - Pediatric Surgical Care Unit > HMC - Children's Hospital - 6 - Pediatric Surgical Care Unit,2026-02-18 21:43:32,2026-01-12,2026,1,January,1,Monday,False,Late Night
1108,PSHI-2026-01-I-132540,2,Abington,01/11/2026 11:21 PM,01/11/2026 10:19 PM,,Assisted clinical staff with an agitated patient.,Hershey - Dispatched To: HMC - Emergency Department > HMC - Emergency Department,2026-02-18 21:43:32,2026-01-11,2026,1,January,23,Sunday,True,Late Night
1109,26UP00110,1,University Park,01/11/2026 09:49 PM,01/11/2026 09:49 PM,01/11/2026 10:20 PM,Student reported the loss or theft of personal property from a secured residencehall room,THOMPSON HALL,2026-02-18 21:43:32,2026-01-11,2026,1,January,21,Sunday,True,Evening
1110,26UP00109,1,University Park,01/11/2026 09:02 PM,01/11/2026 09:02 PM,01/11/2026 10:32 PM,Resident Assistant reported finding abandoned drugs/drug paraphernalia,SIMMONS HALL,2026-02-18 21:43:32,2026-01-11,2026,1,January,21,Sunday,True,Evening
1111,26UP00108,1,University Park,01/11/2026 08:24 PM,01/11/2026 08:24 PM,01/11/2026 08:41 PM,Employee reported a suspicious odor,HAMILTON HALL,2026-02-18 21:43:32,2026-01-11,2026,1,January,20,Sunday,True,Evening
1112,PSHI-2026-01-I-132528,2,Abington,01/11/2026 07:53 PM,01/11/2026 07:45 PM,,Assisted clinical staff with visitor issue paperwork.,Hershey - Reported Location: HMC - Children's Hospital - 3 - Children's Hospital Acute Care,2026-02-18 21:43:32,2026-01-11,2026,1,January,19,Sunday,True,Evening
1113,PSHI-2026-01-I-132527,2,Abington,01/11/2026 07:21 PM,01/11/2026 06:43 PM,,Assisted clinical staff with an agitated visitor.,Hershey - Dispatched To: HMC - Emergency Department > HMC - Emergency Department,2026-02-18 21:43:32,2026-01-11,2026,1,January,19,Sunday,True,Evening
1114,PSHI-2026-01-I-132526,2,Abington,01/11/2026 05:39 PM,01/11/2026 05:21 PM,,Assisted clinical staff with an agitated patient.,Hershey - Dispatched To: HMC - Main Hospital - 4 > HMC - Main Hospital - 4,2026-02-18 21:43:32,2026-01-11,2026,1,January,17,Sunday,True,Afternoon
1115,26SL00001,19,Schuylkill,01/11/2026 05:00 PM,12/18/2025 12:00 AM,01/10/2026 09:36 AM,Student requested assistance with a personal matter,ADMINISTRATION BUILDING,2026-02-18 21:43:32,2026-01-11,2026,1,January,17,Sunday,True,Afternoon
1116,26AL00009,3,Altoona,01/11/2026 04:40 PM,01/11/2026 04:40 PM,01/11/2026 05:45 PM,Assisted an outside law enforcement agency with an investigation,JUNIATA GAP RD,2026-02-18 21:43:32,2026-01-11,2026,1,January,16,Sunday,True,Afternoon
1117,26AL00008,3,Altoona,01/11/2026 04:13 PM,01/11/2026 04:13 PM,01/11/2026 04:40 PM,Assisted an outside law enforcement agency with an investigation,JUNIATA GAP RD & RIDER FARM RD,2026-02-18 21:43:32,2026-01-11,2026,1,January,16,Sunday,True,Afternoon
1118,PSHI-2026-01-I-132523,2,Abington,01/11/2026 03:52 PM,01/11/2026 03:19 PM,,Assisted clinical staff with an agitated patient.,Hershey - Dispatched To: HMC - Emergency Department > HMC - Emergency Department,2026-02-18 21:43:32,2026-01-11,2026,1,January,15,Sunday,True,Afternoon
1119,26UP00106,1,University Park,01/11/2026 03:44 PM,01/11/2026 03:44 PM,,Student reported a two vehicle crash with no injuries,EARLE HALL,2026-02-18 21:43:32,2026-01-11,2026,1,January,15,Sunday,True,Afternoon
1120,PSHI-2026-01-I-132522,2,Abington,01/11/2026 03:14 PM,01/11/2026 12:20 PM,,Assisted clinical staff with agitated patient.,Hershey - Dispatched To: HMC - Main Hospital - 4 - Neuroscience Integrated Care Unit East > HMC - Main Hospital - 4 - Neuroscience Integrated Care Unit East,2026-02-18 21:43:32,2026-01-11,2026,1,January,15,Sunday,True,Afternoon
1121,PSHI-2026-01-I-132519,2,Abington,01/11/2026 02:10 PM,01/11/2026 01:23 PM,,Visitor slip/fall.,Hershey - Dispatched To: HMC - Cancer Institute > HMC - Cancer Institute,2026-02-18 21:43:32,2026-01-11,2026,1,January,14,Sunday,True,Afternoon
1122,26BK00004,4,Beaver,01/11/2026 01:28 PM,01/11/2026 01:28 PM,01/11/2026 01:56 PM,Student reported a two vehicle crash with no injuries,CLARY DR,2026-02-18 21:43:32,2026-01-11,2026,1,January,13,Sunday,True,Afternoon
1123,26ER00010,5,Erie (Behrend),01/11/2026 12:40 PM,01/11/2026 12:40 PM,01/11/2026 12:53 PM,"Resident Assistant reported the odor of marijuana, origin not located",NIAGARA HALL,2026-02-18 21:43:32,2026-01-11,2026,1,January,12,Sunday,True,Afternoon
1124,PSHI-2026-01-I-132513,2,Abington,01/11/2026 12:24 PM,,,Patient bit health care worker.,Hershey - Dispatched To: HMC - Main Hospital - 4 - Neuroscience Integrated Care Unit East > HMC - Main Hospital - 4 - Neuroscience Integrated Care Unit East,2026-02-18 21:43:32,2026-01-11,2026,1,January,12,Sunday,True,Afternoon
1125,26BK00003,4,Beaver,01/11/2026 12:08 PM,01/11/2026 12:08 PM,01/11/2026 12:15 PM,Employee reported a fire alarm activation,THE BOWMAN RESIDENCE CENTER,2026-02-18 21:43:32,2026-01-11,2026,1,January,12,Sunday,True,Afternoon
1126,PSHI-2026-01-I-132512,2,Abington,01/11/2026 11:18 AM,01/11/2026 10:15 AM,,Report of property damage.,Hershey - Dispatched To: HMC - Parking Lot - Lot M1 > HMC - Parking Lot - Lot M1,2026-02-18 21:43:32,2026-01-11,2026,1,January,11,Sunday,True,Morning
1127,PSHI-2026-01-I-132509,2,Abington,01/11/2026 09:41 AM,01/11/2026 08:35 AM,,Assisted clinical staff with an agitated patient.,Hershey - Dispatched To: HMC - Main Hospital - 7 - Medical Intensive Care Unit East (MICU) > HMC - Main Hospital - 7 - Medical Intensive Care Unit East (MICU),2026-02-18 21:43:32,2026-01-11,2026,1,January,9,Sunday,True,Morning
1128,26UP00105,1,University Park,01/11/2026 08:46 AM,01/11/2026 08:46 AM,,Employee reported suspicious activity,UNIVERSITY SUPPORT BLDG I,2026-02-18 21:43:32,2026-01-11,2026,1,January,8,Sunday,True,Morning
1129,PSHI-2026-01-I-132505,2,Abington,01/11/2026 05:15 AM,01/11/2026 12:41 AM,,Assisted clinical staff with agitated patient.,Hershey - Dispatched To: HMC - South Addition - 3 > HMC - South Addition - 3,2026-02-18 21:43:32,2026-01-11,2026,1,January,5,Sunday,True,Late Night
1130,PSHI-2026-01-I-132504,2,Abington,01/10/2026 10:55 PM,01/10/2026 09:19 PM,,Assisted clinical staff with agitated visitor.,Hershey - Dispatched To: HMC - Emergency Department > HMC - Emergency Department,2026-02-18 21:43:32,2026-01-10,2026,1,January,22,Saturday,True,Late Night
1131,26ER00009,5,Erie (Behrend),01/10/2026 07:52 PM,01/10/2026 07:52 PM,01/10/2026 08:00 PM,"Resident Assistant reported the odor of marijuana, origin not located",NIAGARA HALL,2026-02-18 21:43:32,2026-01-10,2026,1,January,19,Saturday,True,Evening
1132,PSHI-2026-01-I-132497,2,Abington,01/10/2026 07:27 PM,01/10/2026 07:19 PM,,Assisted clinical staff with agitated patient.,Hershey - Dispatched To: HMC - Emergency Department > HMC - Emergency Department,2026-02-18 21:43:32,2026-01-10,2026,1,January,19,Saturday,True,Evening
1133,26UP00104,1,University Park,01/10/2026 06:21 PM,01/10/2026 06:21 PM,,Visitor reported a two vehicle crash with injuries,NITTANY PARKING,2026-02-18 21:43:32,2026-01-10,2026,1,January,18,Saturday,True,Evening
1134,PSHI-2026-01-I-132492,2,Abington,01/10/2026 04:39 PM,01/10/2026 04:10 PM,,Patient bit/scratched caregiver.,Hershey - Dispatched To: HMC - Main Hospital - 4 - Acute Care > HMC - Main Hospital - 4 - Acute Care,2026-02-18 21:43:32,2026-01-10,2026,1,January,16,Saturday,True,Afternoon
1135,26UP00103,1,University Park,01/10/2026 03:29 PM,12/16/2025 12:00 AM,01/10/2026 05:53 PM,Student reported the theft of personal property from a secured residence hallroom,SIMMONS HALL,2026-02-18 21:43:32,2026-01-10,2026,1,January,15,Saturday,True,Afternoon
1136,26UP00102,1,University Park,01/10/2026 02:50 PM,01/10/2026 02:30 PM,01/10/2026 02:35 PM,Employee reported a hit and run vehicle crash,NITTANY PARKING,2026-02-18 21:43:32,2026-01-10,2026,1,January,14,Saturday,True,Afternoon
1137,PSHI-2026-01-I-132486,2,Abington,01/10/2026 12:39 PM,,,Assisted clinical staff with agitated patient.,Hershey - Dispatched To: HMC - Emergency Department > HMC - Emergency Department,2026-02-18 21:43:32,2026-01-10,2026,1,January,12,Saturday,True,Afternoon
1138,26UP00100,1,University Park,01/10/2026 12:20 PM,01/10/2026 12:20 PM,01/10/2026 12:21 PM,Employee reported suspicious activity,HENDERSON DR,2026-02-18 21:43:32,2026-01-10,2026,1,January,12,Saturday,True,Afternoon
1139,26HN00001,15,Hershey,01/10/2026 12:19 PM,01/10/2026 12:19 PM,01/10/2026 12:30 PM,Employee reported a fire alarm activation,RESIDENCE HALL SOUTH,2026-02-18 21:43:32,2026-01-10,2026,1,January,12,Saturday,True,Afternoon
1140,26UP00101,1,University Park,01/10/2026 12:02 PM,12/19/2025 12:00 PM,01/10/2026 11:50 AM,Student requested assistance with a personal matter,MCELWAIN HALL,2026-02-18 21:43:32,2026-01-10,2026,1,January,12,Saturday,True,Afternoon
1141,26UP00099,1,University Park,01/10/2026 11:58 AM,01/10/2026 11:58 AM,01/10/2026 12:30 PM,Assisted an outside law enforcement agency with an investigation,E COLLEGE AVE,2026-02-18 21:43:32,2026-01-10,2026,1,January,11,Saturday,True,Morning
1142,26UP00098,1,University Park,01/10/2026 11:22 AM,01/09/2026 07:17 PM,01/10/2026 11:22 AM,Employee reported suspicious activity,BIGLER RD,2026-02-18 21:43:32,2026-01-10,2026,1,January,11,Saturday,True,Morning
1143,PSHI-2026-01-I-132482,2,Abington,01/10/2026 10:10 AM,01/10/2026 09:36 AM,,Facility infrastructure inspection for workplace violence initative.,Hershey - Dispatched To: HMC - Main Hospital - 6 > HMC - Main Hospital - 6,2026-02-18 21:43:32,2026-01-10,2026,1,January,10,Saturday,True,Morning
1144,PSHI-2026-01-I-132471,2,Abington,01/10/2026 04:09 AM,01/10/2026 10:14 PM,,Assisted clinical staff with an agitated patient.,Hershey - Dispatched To: HMC - Children's Hospital - 6 > HMC - Children's Hospital - 6,2026-02-18 21:43:32,2026-01-10,2026,1,January,4,Saturday,True,Late Night
1145,PSHI-2026-01-I-132470,2,Abington,01/10/2026 04:09 AM,01/10/2026 01:33 AM,,Assisted clinical staff with patient valuables.,Hershey - Dispatched To: HMC - Main Hospital - 1 - Cashier's Office > HMC - Main Hospital - 1 - Cashier's Office,2026-02-18 21:43:32,2026-01-10,2026,1,January,4,Saturday,True,Late Night
1146,PSHI-2026-01-I-132468,2,Abington,01/10/2026 01:13 AM,01/09/2026 07:13 PM,,Assisted clinical staff with an agitated patient.,Hershey - Dispatched To: HMC - Emergency Department > HMC - Emergency Department,2026-02-18 21:43:32,2026-01-10,2026,1,January,1,Saturday,True,Late Night
1147,PSHI-2026-01-I-132467,2,Abington,01/10/2026 12:59 AM,01/09/2026 07:39 PM,,Assisted clinical staff with an agitated patient.,Hershey - Dispatched To: HMC - Main Hospital - 4 - Acute Care > HMC - Main Hospital - 4 - Acute Care,2026-02-18 21:43:32,2026-01-10,2026,1,January,0,Saturday,True,Late Night
1148,PSHI-2026-01-I-132466,2,Abington,01/10/2026 12:55 AM,01/08/2026 11:08 PM,,Assisted clinical staff with an agitated patient.,Hershey - Dispatched To: HMC - Main Hospital - 2 - SICU > HMC - Main Hospital - 2 - SICU,2026-02-18 21:43:32,2026-01-10,2026,1,January,0,Saturday,True,Late Night
1149,26UP00096,1,University Park,01/10/2026 12:06 AM,01/10/2026 12:00 AM,01/10/2026 12:23 AM,Officer observed visitors trespassing inside a University building/restricted area,BEAVER STADIUM,2026-02-18 21:43:32,2026-01-10,2026,1,January,0,Saturday,True,Late Night
1150,PSHI-2026-01-I-132464,2,Abington,01/09/2026 11:53 PM,01/09/2026 11:27 PM,,Assisted clinical staff with an agitated patient.,Hershey - Dispatched To: HMC - Main Hospital - 6 - Acute Care > HMC - Main Hospital - 6 - Acute Care,2026-02-18 21:43:32,2026-01-09,2026,1,January,23,Friday,False,Late Night
1151,26UP00093,1,University Park,01/09/2026 10:51 PM,01/09/2026 10:51 PM,01/10/2026 12:51 AM,A vehicle stop investigation revealed the operator to be driving under the influence of alcohol,PORTER RD & CURTIN RD,2026-02-18 21:43:32,2026-01-09,2026,1,January,22,Friday,False,Late Night
1152,PSHI-2026-01-I-132460,2,Abington,01/09/2026 10:23 PM,01/09/2026 10:16 PM,,Assisted clinical staff with an agitated patient.,Hershey - Dispatched To: HMC - Emergency Department > HMC - Emergency Department,2026-02-18 21:43:32,2026-01-09,2026,1,January,22,Friday,False,Late Night
1153,PSHI-2026-01-I-132456,2,Abington,01/09/2026 09:47 PM,01/09/2026 07:56 PM,,Assisted clinical staff with an agitated patient.,Hershey - Dispatched To: HMC - Children's Hospital > HMC - Children's Hospital,2026-02-18 21:43:32,2026-01-09,2026,1,January,21,Friday,False,Evening
1154,PSHI-2026-01-I-132445,2,Abington,01/09/2026 04:14 PM,01/09/2026 03:54 PM,,Assisted clinical staff with an agitated patient.,Hershey - Dispatched To: HMC - Children's Hospital - 3 > HMC - Children's Hospital - 3,2026-02-18 21:43:32,2026-01-09,2026,1,January,16,Friday,False,Afternoon
1155,26ER00008,5,Erie (Behrend),01/09/2026 02:15 PM,12/20/2025 12:21 PM,01/07/2026 07:33 PM,Student reported suspicious activity,SENAT HALL,2026-02-18 21:43:32,2026-01-09,2026,1,January,14,Friday,False,Afternoon
1156,26UP00082,1,University Park,01/08/2026 11:35 PM,01/08/2026 11:35 PM,01/09/2026 12:56 AM,A vehicle stop investigation revealed the operator to be driving under the influence of alcohol,N ATHERTON ST (CLAY LN - RAILROAD AVE),2026-02-18 21:43:32,2026-01-08,2026,1,January,23,Thursday,False,Late Night
1157,26AL00007,3,Altoona,01/08/2026 07:32 PM,01/08/2026 07:32 PM,01/08/2026 07:51 PM,Assisted an outside law enforcement agency with an investigation,N 4TH AVE & N 13TH ST,2026-02-18 21:43:32,2026-01-08,2026,1,January,19,Thursday,False,Evening
1158,26ER00007,5,Erie (Behrend),01/08/2026 07:20 PM,01/08/2026 07:20 PM,01/08/2026 07:30 PM,Employee reported a fire alarm activation,TIGRESS HALL,2026-02-18 21:43:32,2026-01-08,2026,1,January,19,Thursday,False,Evening
1159,26UP00078,1,University Park,01/08/2026 06:55 PM,01/08/2026 06:55 PM,01/08/2026 07:41 PM,Received this department's copy of a Protection From Abuse (PFA) order,UNIVERSITY SUPPORT BLDG I,2026-02-18 21:43:32,2026-01-08,2026,1,January,18,Thursday,False,Evening
1160,26BK00002,4,Beaver,01/08/2026 06:25 PM,01/08/2026 06:25 PM,01/08/2026 06:57 PM,Assisted the ambulance with a medical emergency,IVY HALL,2026-02-18 21:43:32,2026-01-08,2026,1,January,18,Thursday,False,Evening
1161,PSHI-2026-01-I-132418,2,Abington,01/08/2026 04:44 PM,01/08/2026 03:49 PM,,Behavioral partnership agreement.,Hershey - Dispatched To: HMC - Children's Hospital - 3 > HMC - Children's Hospital - 3,2026-02-18 21:43:32,2026-01-08,2026,1,January,16,Thursday,False,Afternoon
1162,PSHI-2026-01-I-132415,2,Abington,01/08/2026 02:40 PM,01/08/2026 12:58 PM,,Visitor fall.,Hershey - Dispatched To: HMC - Main Hospital - 1 - Main Information Desk > HMC - Main Hospital - 1 - Main Information Desk,2026-02-18 21:43:32,2026-01-08,2026,1,January,14,Thursday,False,Afternoon
1163,26AB00006,2,Abington,01/08/2026 12:59 PM,01/08/2026 12:59 PM,01/08/2026 01:16 PM,Employee reported a fire alarm activation,LIONS GATE AT PENN STATE ABINGTON,2026-02-18 21:43:32,2026-01-08,2026,1,January,12,Thursday,False,Afternoon
1164,PSHI-2026-01-I-132410,2,Abington,01/08/2026 12:55 PM,01/08/2026 09:24 AM,,"Visitor fall, no injury reported.",Hershey - Dispatched To: HMC - UPC-2 - 1 - Dialysis > HMC - UPC-2 - 1 - Dialysis,2026-02-18 21:43:32,2026-01-08,2026,1,January,12,Thursday,False,Afternoon
1165,PSHI-2026-01-I-132409,2,Abington,01/08/2026 12:55 PM,01/08/2026 10:17 AM,,Assisted Law Enforcement with access to employee.,Hershey - Dispatched To: HMC - 30 Hope Drive > HMC - 30 Hope Drive,2026-02-18 21:43:32,2026-01-08,2026,1,January,12,Thursday,False,Afternoon
1166,PSHI-2026-01-I-132405,2,Abington,01/08/2026 10:34 AM,01/08/2026 09:40 AM,,Conducted search of patient's belongings.,Hershey - Dispatched To: HMC - Emergency Department > HMC - Emergency Department,2026-02-18 21:43:32,2026-01-08,2026,1,January,10,Thursday,False,Morning
1167,PSHI-2026-01-I-132402,2,Abington,01/08/2026 09:53 AM,01/08/2026 09:18 AM,,Patient assaulted security officer.,Hershey - Dispatched To: HMC - Emergency Department > HMC - Emergency Department,2026-02-18 21:43:32,2026-01-08,2026,1,January,9,Thursday,False,Morning
1168,PSHI-2026-01-I-132396,2,Abington,01/08/2026 04:36 AM,,,Visitor mismatch to the sex offender registry.,Hershey - Dispatched To: HMC - Children's Hospital > HMC - Children's Hospital,2026-02-18 21:43:32,2026-01-08,2026,1,January,4,Thursday,False,Late Night
1169,PSHI-2026-01-I-132395,2,Abington,01/08/2026 04:36 AM,01/07/2026 08:53 PM,,Assisted clinical staff with agitated visitor.,Hershey - Dispatched To: HMC - Children's Hospital > HMC - Children's Hospital,2026-02-18 21:43:32,2026-01-08,2026,1,January,4,Thursday,False,Late Night
1170,26ER00006,5,Erie (Behrend),01/08/2026 03:47 AM,01/08/2026 03:47 AM,01/08/2026 04:00 AM,Employee reported a fire alarm activation,REDC PARKING DECK,2026-02-18 21:43:32,2026-01-08,2026,1,January,3,Thursday,False,Late Night
1171,PSHI-2026-01-I-132391,2,Abington,01/08/2026 12:49 AM,01/07/2026 11:50 PM,,Assisted clinical staff with patient escort.,Hershey - Dispatched To: HMC - Main Hospital - 3 - HVI\HVOC > HMC - Main Hospital - 3 - HVI\HVOC,2026-02-18 21:43:32,2026-01-08,2026,1,January,0,Thursday,False,Late Night
1172,PSHI-2026-01-I-132387,2,Abington,01/08/2026 12:03 AM,01/07/2026 10:15 PM,,Patient left care prior to discharge.,Hershey - Dispatched To: HMC - Main Hospital - 5 - Acute Care > HMC - Main Hospital - 5 - Acute Care,2026-02-18 21:43:32,2026-01-08,2026,1,January,0,Thursday,False,Late Night
1173,PSHI-2026-01-I-132382,2,Abington,01/07/2026 10:31 PM,01/07/2026 09:30 PM,,Assisted with notification of maintenance issue.,Hershey - Dispatched To: HMC - UPC-1 > HMC - UPC-1,2026-02-18 21:43:32,2026-01-07,2026,1,January,22,Wednesday,False,Late Night
1174,26UP00068,1,University Park,01/07/2026 10:23 PM,12/22/2025 12:00 AM,01/04/2026 12:00 AM,Employee reported the loss or theft of their unattended personal property,FLEET OPERATIONS FACILITY,2026-02-18 21:43:32,2026-01-07,2026,1,January,22,Wednesday,False,Late Night
1175,PSHI-2026-01-I-132374,2,Abington,01/07/2026 08:24 PM,01/07/2026 07:46 PM,,Assisted clinical staff with agitated visitor.,Hershey - Dispatched To: HMC - Emergency Department > HMC - Emergency Department,2026-02-18 21:43:32,2026-01-07,2026,1,January,20,Wednesday,False,Evening
1176,PSHI-2026-01-I-132373,2,Abington,01/07/2026 08:23 PM,01/07/2026 06:09 PM,,Assisted clinical staff with visitor not obeying visitor protocols.,Hershey - Dispatched To: HMC - Main Hospital > HMC - Main Hospital,2026-02-18 21:43:32,2026-01-07,2026,1,January,20,Wednesday,False,Evening
1177,26AB00005,2,Abington,01/07/2026 05:21 PM,01/07/2026 05:21 PM,01/07/2026 05:47 PM,Assisted the ambulance with a medical emergency,PHYSICAL EDUCATION BUILDING,2026-02-18 21:43:32,2026-01-07,2026,1,January,17,Wednesday,False,Afternoon
1178,PSHI-2026-01-I-132365,2,Abington,01/07/2026 04:49 PM,01/07/2026 01:20 PM,,Visitor medical emergency.,Hershey - Dispatched To: HMC - Children's Hospital - 3 > HMC - Children's Hospital - 3,2026-02-18 21:43:32,2026-01-07,2026,1,January,16,Wednesday,False,Afternoon
1179,26UP00065,1,University Park,01/07/2026 04:21 PM,01/07/2026 04:21 PM,01/07/2026 07:06 PM,Employee requested assistance with an administrative matter,SHIELDS BLDG,2026-02-18 21:43:32,2026-01-07,2026,1,January,16,Wednesday,False,Afternoon
1180,26UP00060,1,University Park,01/07/2026 03:33 PM,01/01/2025 12:00 AM,05/31/2025 11:59 PM,Assisted an outside agency with a reported hazing at an off campus fraternity,OFF CAMPUS FRATERNITY,2026-02-18 21:43:32,2026-01-07,2026,1,January,15,Wednesday,False,Afternoon
1181,PSHI-2026-01-I-132362,2,Abington,01/07/2026 03:17 PM,01/05/2026 11:04 AM,,Visitor fall.,"Hershey - Reported Location: HMC Off-Site - PSMG - Camp Hill, Specialties - PSMG",2026-02-18 21:43:32,2026-01-07,2026,1,January,15,Wednesday,False,Afternoon
1182,PSHI-2026-01-I-132358,2,Abington,01/07/2026 03:04 PM,01/07/2026 12:05 PM,,Assisted employee with lost/stolen item.,Hershey - Dispatched To: HMC - Main Hospital > HMC - Main Hospital,2026-02-18 21:43:32,2026-01-07,2026,1,January,15,Wednesday,False,Afternoon
1183,PSHI-2026-01-I-132359,2,Abington,01/07/2026 03:04 PM,01/07/2026 02:41 PM,,Assisted clinical staff with agitated visitor.,Hershey - Dispatched To: HMC - Main Hospital > HMC - Main Hospital,2026-02-18 21:43:32,2026-01-07,2026,1,January,15,Wednesday,False,Afternoon
1184,26UP00059,1,University Park,01/07/2026 02:44 PM,01/07/2026 09:44 AM,01/07/2026 02:20 PM,Assisted an outside law enforcement agency with an investigation,UNIVERSITY SUPPORT BLDG I,2026-02-18 21:43:32,2026-01-07,2026,1,January,14,Wednesday,False,Afternoon
1185,PSHI-2026-01-I-132353,2,Abington,01/07/2026 02:26 PM,01/07/2026 12:19 PM,,Visitor fall.,Hershey - Dispatched To: HMC - Cancer Institute > HMC - Cancer Institute,2026-02-18 21:43:32,2026-01-07,2026,1,January,14,Wednesday,False,Afternoon
1186,26BW00001,7,Brandywine,01/07/2026 12:43 PM,12/04/2025 12:00 AM,12/04/2025 11:00 PM,Assisted an outside law enforcement agency with an investigation,GRADYVILLE RD,2026-02-18 21:43:32,2026-01-07,2026,1,January,12,Wednesday,False,Afternoon
1187,PSHI-2026-01-I-132348,2,Abington,01/07/2026 12:07 PM,01/07/2026 11:34 AM,,Assisted staff with employee termination.,Hershey - Dispatched To: HMC - Main Hospital > HMC - Main Hospital,2026-02-18 21:43:32,2026-01-07,2026,1,January,12,Wednesday,False,Afternoon
1188,26HB00002,13,Harrisburg,01/07/2026 11:38 AM,12/30/2025 05:00 PM,01/07/2026 09:00 AM,Visitor reported the theft of their unsecured/unattended property,ACADEMIC LEARNING CENTER,2026-02-18 21:43:32,2026-01-07,2026,1,January,11,Wednesday,False,Morning
1189,PSHI-2026-01-I-132344,2,Abington,01/07/2026 10:34 AM,12/12/2025 01:00 AM,,Domestic dispute resulted in charges.,Hershey - Reported Location: HMC - Main Hospital,2026-02-18 21:43:32,2026-01-07,2026,1,January,10,Wednesday,False,Morning
1190,26ER00005,5,Erie (Behrend),01/07/2026 07:30 AM,01/07/2026 07:15 AM,01/07/2026 08:00 AM,Visitor reported a two vehicle crash with no injuries,COLLEGE DR,2026-02-18 21:43:32,2026-01-07,2026,1,January,7,Wednesday,False,Morning
1191,PSHI-2026-01-I-132339,2,Abington,01/07/2026 04:15 AM,01/06/2026 09:10 PM,,Assisted staff with complaint of visitor issue.,Hershey - Reported Location: HMC - Main Hospital - 2 - SICU,2026-02-18 21:43:32,2026-01-07,2026,1,January,4,Wednesday,False,Late Night
1192,26ER00004,5,Erie (Behrend),01/07/2026 03:57 AM,01/07/2026 03:57 AM,01/07/2026 04:07 AM,Employee reported an alarm activation,SMITH CHAPEL & CARILLON,2026-02-18 21:43:32,2026-01-07,2026,1,January,3,Wednesday,False,Late Night
1193,PSHI-2026-01-I-132336,2,Abington,01/07/2026 03:12 AM,01/07/2026 01:00 AM,,Assisted clinical staff with an agitated visitor.,Hershey - Dispatched To: HMC - Emergency Department > HMC - Emergency Department,2026-02-18 21:43:32,2026-01-07,2026,1,January,3,Wednesday,False,Late Night
1194,PSHI-2026-01-I-132333,2,Abington,01/06/2026 11:41 PM,01/06/2026 07:20 PM,,Visitor match to the sex offender registry.,Hershey - Dispatched To: HMC - Children's Hospital > HMC - Children's Hospital,2026-02-18 21:43:32,2026-01-06,2026,1,January,23,Tuesday,False,Late Night
1195,PSHI-2026-01-I-132331,2,Abington,01/06/2026 11:15 PM,01/06/2026 09:30 PM,,Visitor mismatch to the sex offender registry.,Hershey - Dispatched To: HMC - Main Hospital > HMC - Main Hospital,2026-02-18 21:43:32,2026-01-06,2026,1,January,23,Tuesday,False,Late Night
1196,PSHI-2026-01-I-132323,2,Abington,01/06/2026 09:52 PM,01/06/2026 08:17 PM,,Assisted clinical staff with contacting law enforcement.,Hershey - Dispatched To: HMC - Emergency Department > HMC - Emergency Department,2026-02-18 21:43:32,2026-01-06,2026,1,January,21,Tuesday,False,Evening
1197,PSHI-2026-01-I-132322,2,Abington,01/06/2026 09:31 PM,01/06/2026 07:47 PM,,Assisted clinical staff with an agitated patient.,Hershey - Dispatched To: HMC - Main Hospital - 4 - Neuro > HMC - Main Hospital - 4 - Neuro,2026-02-18 21:43:32,2026-01-06,2026,1,January,21,Tuesday,False,Evening
1198,PSHI-2026-01-I-132318,2,Abington,01/06/2026 07:59 PM,01/06/2026 07:16 PM,,Assisted clinical staff with a visitor issue.,Hershey - Dispatched To: HMC - Emergency Department > HMC - Emergency Department,2026-02-18 21:43:32,2026-01-06,2026,1,January,19,Tuesday,False,Evening
1199,26ER00003,5,Erie (Behrend),01/06/2026 07:34 PM,01/06/2026 07:34 PM,01/06/2026 07:44 PM,Employee reported a fire alarm activation,TIGRESS HALL,2026-02-18 21:43:32,2026-01-06,2026,1,January,19,Tuesday,False,Evening
1200,26UP00056,1,University Park,01/06/2026 03:27 PM,09/01/2025 12:00 AM,12/21/2025 12:00 AM,Assisted an outside law enforcement agency with an investigation,OFF CAMPUS FRATERNITY,2026-02-18 21:43:32,2026-01-06,2026,1,January,15,Tuesday,False,Afternoon
1201,PSHI-2026-01-I-132314,2,Abington,01/06/2026 03:06 PM,01/06/2026 12:59 PM,,Assisted clinical staff with visitor issue and protocol compliance.,Hershey - Dispatched To: HMC - Children's Hospital - 3 > HMC - Children's Hospital - 3,2026-02-18 21:43:32,2026-01-06,2026,1,January,15,Tuesday,False,Afternoon
1202,26UP00055,1,University Park,01/06/2026 11:46 AM,10/31/2025 12:00 AM,11/02/2025 12:00 AM,Assisted an outside law enforcement agency with an investigation,UNIVERSITY SUPPORT BLDG I,2026-02-18 21:43:32,2026-01-06,2026,1,January,11,Tuesday,False,Morning
1203,PSHI-2026-01-I-132307,2,Abington,01/06/2026 11:30 AM,01/06/2026 11:06 AM,,Assisted LE with access to patient.,Hershey - Dispatched To: HMC - Main Hospital - 1 - Security Operations Center > HMC - Main Hospital - 1 - Security Operations Center,2026-02-18 21:43:32,2026-01-06,2026,1,January,11,Tuesday,False,Morning
1204,PSHI-2026-01-I-132305,2,Abington,01/06/2026 10:28 AM,01/06/2026 09:40 AM,,Visitor Fall.,Hershey - Dispatched To: HMC - 30 Hope Drive - 1 - Therapy Services > HMC - 30 Hope Drive - 1 - Therapy Services,2026-02-18 21:43:32,2026-01-06,2026,1,January,10,Tuesday,False,Morning
1205,26ER00002,5,Erie (Behrend),01/06/2026 09:45 AM,01/06/2026 09:40 AM,01/06/2026 10:00 AM,Assisted the ambulance with a medical emergency,KNOWLEDGE PKWY,2026-02-18 21:43:32,2026-01-06,2026,1,January,9,Tuesday,False,Morning
1206,26UP00054,1,University Park,01/06/2026 08:04 AM,12/25/2025 01:00 AM,12/25/2025 01:15 AM,Assisted an outside law enforcement agency with an investigation,W COLLEGE AVE & N BURROWES RD,2026-02-18 21:43:32,2026-01-06,2026,1,January,8,Tuesday,False,Morning
1207,PSHI-2026-01-I-132288,2,Abington,01/06/2026 12:55 AM,01/05/2026 11:45 PM,,Assisted clinical staff with agitated patient.,Hershey - Dispatched To: HMC - Emergency Department > HMC - Emergency Department,2026-02-18 21:43:32,2026-01-06,2026,1,January,0,Tuesday,False,Late Night
1208,26UP00053,1,University Park,01/05/2026 11:22 PM,01/05/2026 11:21 PM,01/05/2026 11:25 PM,,CURTIN RD & PORTER RD,2026-02-18 21:43:32,2026-01-05,2026,1,January,23,Monday,False,Late Night
1209,PSHI-2026-01-I-132287,2,Abington,01/05/2026 11:02 PM,01/05/2026 10:54 PM,,Assisted maintenance with an elevator entrapment.,Hershey - Dispatched To: HMC - Main Hospital > HMC - Main Hospital,2026-02-18 21:43:32,2026-01-05,2026,1,January,23,Monday,False,Late Night
1210,26AB00004,2,Abington,01/05/2026 09:21 PM,01/05/2026 09:20 PM,01/05/2026 10:21 PM,Visitor reported suspicious activity,LOT H - ABINGTON,2026-02-18 21:43:32,2026-01-05,2026,1,January,21,Monday,False,Evening
1211,PSHI-2026-01-I-132281,2,Abington,01/05/2026 08:46 PM,01/05/2026 07:58 PM,,Assisted clinical staff with agitated patient.,Hershey - Dispatched To: HMC - Emergency Department > HMC - Emergency Department,2026-02-18 21:43:32,2026-01-05,2026,1,January,20,Monday,False,Evening
1212,26AB00003,2,Abington,01/05/2026 07:41 PM,01/05/2026 07:41 PM,01/05/2026 07:47 PM,Employee reported a door alarm activation,ABINGTON TOWNE CENTER,2026-02-18 21:43:32,2026-01-05,2026,1,January,19,Monday,False,Evening
1213,26UP00050,1,University Park,01/05/2026 05:52 PM,01/05/2026 05:52 PM,01/05/2026 06:12 PM,Visitor reported a concern for a student,SIMMONS HALL,2026-02-18 21:43:32,2026-01-05,2026,1,January,17,Monday,False,Afternoon
1214,26UP00051,1,University Park,01/05/2026 05:52 PM,01/05/2026 05:52 PM,01/05/2026 06:31 PM,Student reported a concern for another student,IKENBERRY HALL,2026-02-18 21:43:32,2026-01-05,2026,1,January,17,Monday,False,Afternoon
1215,26UP00052,1,University Park,01/05/2026 05:43 PM,12/22/2025 08:00 AM,01/05/2026 05:43 PM,Student reported a hit and run vehicle crash,HOLUBA HALL,2026-02-18 21:43:32,2026-01-05,2026,1,January,17,Monday,False,Afternoon
1216,PSHI-2026-01-I-132271,2,Abington,01/05/2026 05:30 PM,01/05/2026 05:01 PM,,Assisted clinical staff with an agitated visitor.,Hershey - Dispatched To: HMC - Emergency Department > HMC - Emergency Department,2026-02-18 21:43:32,2026-01-05,2026,1,January,17,Monday,False,Afternoon
1217,26UP00046,1,University Park,01/05/2026 02:04 PM,01/05/2026 08:34 AM,01/05/2026 02:03 PM,Employee reported suspicious person,OLD MAIN,2026-02-18 21:43:32,2026-01-05,2026,1,January,14,Monday,False,Afternoon
1218,PSHI-2026-01-I-132261,2,Abington,01/05/2026 01:41 PM,01/05/2026 12:17 PM,,Assisted clinical staff with agitated patient.,Hershey - Dispatched To: HMC - Main Hospital - 1 - Heart & Vascular Critical Care Unit West (HVCCU) > HMC - Main Hospital - 1 - Heart & Vascular Critical Care Unit West (HVCCU),2026-02-18 21:43:32,2026-01-05,2026,1,January,13,Monday,False,Afternoon
1219,PSHI-2026-01-I-132260,2,Abington,01/05/2026 01:35 PM,01/05/2026 08:08 AM,,Minor vehicle damage caused by gate arm.,"Hershey - Dispatched To: HMC - Parking Lot - Lot B,C,D > HMC - Parking Lot - Lot B,C,D",2026-02-18 21:43:32,2026-01-05,2026,1,January,13,Monday,False,Afternoon
1220,26UP00045,1,University Park,01/05/2026 11:12 AM,01/05/2026 11:12 AM,01/05/2026 11:15 AM,Employee reported the theft of University property,SPROUL HALL,2026-02-18 21:43:32,2026-01-05,2026,1,January,11,Monday,False,Morning
1221,PSHI-2026-01-I-132253,2,Abington,01/05/2026 07:09 AM,01/05/2026 06:15 AM,,Visitor mismatch to the sex offender registry.,Hershey - Dispatched To: HMC - Children's Hospital - 1 - Children's Hospital Main Information Desk > HMC - Children's Hospital - 1 - Children's Hospital Main Information Desk,2026-02-18 21:43:32,2026-01-05,2026,1,January,7,Monday,False,Morning
1222,PSHI-2026-01-I-132250,2,Abington,01/05/2026 05:09 AM,01/05/2026 05:01 AM,,Assisted clinical staff with agitated patient.,Hershey - Dispatched To: HMC - Main Hospital > HMC - Main Hospital,2026-02-18 21:43:32,2026-01-05,2026,1,January,5,Monday,False,Late Night
1223,26ER00001,5,Erie (Behrend),01/05/2026 04:06 AM,01/05/2026 04:06 AM,01/05/2026 04:30 AM,Employee reported an alarm activation,METZGAR ADMISSIONS & ALUMNI CTR,2026-02-18 21:43:32,2026-01-05,2026,1,January,4,Monday,False,Late Night
1224,PSHI-2026-01-I-132248,2,Abington,01/05/2026 01:21 AM,01/05/2026 08:45 PM,,Assisted staff with a visitor problem.,Hershey - Dispatched To: HMC - Children's Hospital > HMC - Children's Hospital,2026-02-18 21:43:32,2026-01-05,2026,1,January,1,Monday,False,Late Night
1225,PSHI-2026-01-I-132239,2,Abington,01/04/2026 10:16 PM,01/04/2026 09:30 PM,,Assisted clinical staff with agitated patient.,Hershey - Dispatched To: HMC - Main Hospital > HMC - Main Hospital,2026-02-18 21:43:32,2026-01-04,2026,1,January,22,Sunday,True,Late Night
1226,PSHI-2026-01-I-132238,2,Abington,01/04/2026 10:15 PM,01/04/2026 09:20 PM,,Assisted staff with reporting incident.,Hershey - Dispatched To: HMC - Main Hospital > HMC - Main Hospital,2026-02-18 21:43:32,2026-01-04,2026,1,January,22,Sunday,True,Late Night
1227,PSHI-2026-01-I-132237,2,Abington,01/04/2026 07:55 PM,01/04/2026 07:15 PM,,Safekeeping of Firearm.,Hershey - Dispatched To: HMC - Main Hospital - 1 - Security Operations Center > HMC - Main Hospital - 1 - Security Operations Center,2026-02-18 21:43:32,2026-01-04,2026,1,January,19,Sunday,True,Evening
1228,PSHI-2026-01-I-132236,2,Abington,01/04/2026 06:58 PM,,,Assisted clinical staff with agitated patient.,Hershey - Dispatched To: HMC - Main Hospital > HMC - Main Hospital,2026-02-18 21:43:32,2026-01-04,2026,1,January,18,Sunday,True,Evening
1229,26AL00006,3,Altoona,01/04/2026 06:49 PM,01/04/2026 06:49 PM,01/04/2026 07:22 PM,Assisted an outside law enforcement agency with an investigation,JEFFERSON ST,2026-02-18 21:43:32,2026-01-04,2026,1,January,18,Sunday,True,Evening
1230,26AL00005,3,Altoona,01/04/2026 06:28 PM,01/04/2026 06:28 PM,01/04/2026 06:49 PM,Assisted an outside law enforcement agency with an investigation,JUNIATA GAP RD,2026-02-18 21:43:32,2026-01-04,2026,1,January,18,Sunday,True,Evening
1231,PSHI-2026-01-I-132234,2,Abington,01/04/2026 04:57 PM,01/04/2026 04:20 PM,,Assisted clinical staff with agitated patient.,Hershey - Dispatched To: HMC - Main Hospital - 4 - Neuro > HMC - Main Hospital - 4 - Neuro,2026-02-18 21:43:32,2026-01-04,2026,1,January,16,Sunday,True,Afternoon
1232,PSHI-2026-01-I-132233,2,Abington,01/04/2026 03:44 PM,01/02/2026 10:00 AM,,Visitor mismatch on sex offender registry.,Hershey - Dispatched To: HMC - Children's Hospital > HMC - Children's Hospital,2026-02-18 21:43:32,2026-01-04,2026,1,January,15,Sunday,True,Afternoon
1233,PSHI-2026-01-I-132232,2,Abington,01/04/2026 03:44 PM,01/03/2026 06:13 AM,,Visitor mismatch to the sex offender registry.,Hershey - Dispatched To: HMC - Children's Hospital > HMC - Children's Hospital,2026-02-18 21:43:32,2026-01-04,2026,1,January,15,Sunday,True,Afternoon
1234,PSHI-2026-01-I-132221,2,Abington,01/04/2026 12:46 PM,01/04/2026 12:21 PM,,Assisted clinical staff with agitated patient.,Hershey - Dispatched To: HMC - Children's Hospital > HMC - Children's Hospital,2026-02-18 21:43:32,2026-01-04,2026,1,January,12,Sunday,True,Afternoon
1235,PSHI-2026-01-I-132220,2,Abington,01/04/2026 12:38 PM,01/04/2026 12:07 PM,,Assisted clinical staff with a report of a theft.,Hershey - Dispatched To: HMC - Main Hospital - 6 - MIMCU > HMC - Main Hospital - 6 - MIMCU,2026-02-18 21:43:32,2026-01-04,2026,1,January,12,Sunday,True,Afternoon
1236,PSHI-2026-01-I-132210,2,Abington,01/04/2026 05:16 AM,01/04/2026 04:43 AM,,Assisted clinical staff with agitated patient.,Hershey - Dispatched To: HMC - Emergency Department > HMC - Emergency Department,2026-02-18 21:43:32,2026-01-04,2026,1,January,5,Sunday,True,Late Night
1237,PSHI-2026-01-I-132208,2,Abington,01/04/2026 03:14 AM,01/04/2026 02:49 AM,,Assisted clinical staff with agitated patient.,Hershey - Dispatched To: HMC - Emergency Department > HMC - Emergency Department,2026-02-18 21:43:32,2026-01-04,2026,1,January,3,Sunday,True,Late Night
1238,PSHI-2026-01-I-132207,2,Abington,01/04/2026 01:39 AM,01/04/2026 12:01 AM,,Assisted clinical staff with agitated patient.,Hershey - Dispatched To: HMC - Emergency Department > HMC - Emergency Department,2026-02-18 21:43:32,2026-01-04,2026,1,January,1,Sunday,True,Late Night
1239,PSHI-2026-01-I-132202,2,Abington,01/03/2026 10:24 PM,01/03/2026 09:45 PM,,Patient struck caregiver.,Hershey - Dispatched To: HMC - Main Hospital > HMC - Main Hospital,2026-02-18 21:43:32,2026-01-03,2026,1,January,22,Saturday,True,Late Night
1240,26AL00004,3,Altoona,01/03/2026 09:16 PM,01/03/2026 09:16 PM,01/03/2026 09:21 PM,Assisted an outside law enforcement agency with an investigation,DAVIS RD,2026-02-18 21:43:32,2026-01-03,2026,1,January,21,Saturday,True,Evening
1241,26AL00003,3,Altoona,01/03/2026 06:51 PM,01/03/2026 06:51 PM,01/03/2026 07:25 PM,Assisted an outside law enforcement agency with an investigation,W 14TH AVE,2026-02-18 21:43:32,2026-01-03,2026,1,January,18,Saturday,True,Evening
1242,PSHI-2026-01-I-132198,2,Abington,01/03/2026 05:30 PM,01/03/2026 04:11 PM,,Assisted college staff with a door found unsecured.,Hershey - Dispatched To: COM - Basic Science - 6 > COM - Basic Science - 6,2026-02-18 21:43:32,2026-01-03,2026,1,January,17,Saturday,True,Afternoon
1243,PSHI-2026-01-I-132195,2,Abington,01/03/2026 02:26 PM,01/03/2026 02:06 PM,,Assisted patient with found property.,Hershey - Dispatched To: HMC - Main Hospital - 1 - Gift Shop > HMC - Main Hospital - 1 - Gift Shop,2026-02-18 21:43:32,2026-01-03,2026,1,January,14,Saturday,True,Afternoon
1244,26HB00001,13,Harrisburg,01/03/2026 02:24 PM,01/03/2026 02:24 PM,01/03/2026 03:33 PM,Assisted an outside law enforcement agency with an investigation,SPRING ST,2026-02-18 21:43:32,2026-01-03,2026,1,January,14,Saturday,True,Afternoon
1245,26BK00001,4,Beaver,01/03/2026 02:10 PM,01/03/2026 02:10 PM,01/03/2026 03:02 PM,Employee reported suspicious person,GREENHOUSE,2026-02-18 21:43:32,2026-01-03,2026,1,January,14,Saturday,True,Afternoon
1246,PSHI-2026-01-I-132194,2,Abington,01/03/2026 01:36 PM,01/03/2026 12:52 PM,,Assisted law enforcement with access to patient.,Hershey - Dispatched To: HMC - Children's Hospital - 4 - PIMCU > HMC - Children's Hospital - 4 - PIMCU,2026-02-18 21:43:32,2026-01-03,2026,1,January,13,Saturday,True,Afternoon
1247,26AB00002,2,Abington,01/03/2026 08:11 AM,01/03/2026 08:11 AM,01/03/2026 08:15 AM,Visitor reported an intrusion alarm activation,LARES BUILDING,2026-02-18 21:43:32,2026-01-03,2026,1,January,8,Saturday,True,Morning
1248,PSHI-2026-01-I-132182,2,Abington,01/03/2026 06:20 AM,01/02/2026 04:22 PM,,Assisted clinical staff with agitated patient.,Hershey - Dispatched To: HMC - Main Hospital - 1 - Main Entrance\Valet > HMC - Main Hospital - 1 - Main Entrance\Valet,2026-02-18 21:43:32,2026-01-03,2026,1,January,6,Saturday,True,Morning
1249,PSHI-2026-01-I-132181,2,Abington,01/03/2026 04:44 AM,01/03/2026 04:15 AM,,“Assisted clinical staff with visitor problem.”,Hershey - Reported Location: HMC - Main Hospital - 3 - Acute Care - 500 University Dr Hershey PA USA,2026-02-18 21:43:32,2026-01-03,2026,1,January,4,Saturday,True,Late Night
1250,PSHI-2026-01-I-132178,2,Abington,01/03/2026 01:18 AM,01/03/2026 12:26 AM,,Assisted visitor with information.,Hershey - Dispatched To: HMC - Parking Lot > HMC - Parking Lot,2026-02-18 21:43:32,2026-01-03,2026,1,January,1,Saturday,True,Late Night
1251,26AL00002,3,Altoona,01/02/2026 09:57 PM,01/02/2026 09:57 PM,01/02/2026 10:30 PM,Assisted an outside law enforcement agency with an investigation,6TH AVE,2026-02-18 21:43:32,2026-01-02,2026,1,January,21,Friday,False,Evening
1252,PSHI-2026-01-I-132169,2,Abington,01/02/2026 04:33 PM,,,Assisted clinical staff with agitated patient.,Hershey - Dispatched To: HMC - Emergency Department > HMC - Emergency Department,2026-02-18 21:43:32,2026-01-02,2026,1,January,16,Friday,False,Afternoon
1253,26MA00001,17,Mont Alto,01/02/2026 03:58 PM,01/02/2026 03:58 PM,01/02/2026 04:01 PM,Employee reported theft of services,MONT ALTO HALL LOT 1 - MONT ALTO,2026-02-18 21:43:32,2026-01-02,2026,1,January,15,Friday,False,Afternoon
1254,PSHI-2026-01-I-132168,2,Abington,01/02/2026 02:47 PM,01/02/2026 02:25 PM,,Visitor fall.,Hershey - Dispatched To: HMC - Main Hospital > HMC - Main Hospital,2026-02-18 21:43:32,2026-01-02,2026,1,January,14,Friday,False,Afternoon
1255,PSHI-2026-01-I-132167,2,Abington,01/02/2026 02:43 PM,01/02/2026 02:13 PM,,Assisted vendor for the casher's office.,Hershey - Dispatched To: HMC - Main Hospital - 1 - Cashier's Office > HMC - Main Hospital - 1 - Cashier's Office,2026-02-18 21:43:32,2026-01-02,2026,1,January,14,Friday,False,Afternoon
1256,26AL00001,3,Altoona,01/02/2026 02:22 PM,01/02/2026 02:22 PM,01/02/2026 02:30 PM,Assisted an outside law enforcement agency with an investigation,POPLAR BLDG,2026-02-18 21:43:32,2026-01-02,2026,1,January,14,Friday,False,Afternoon
1257,26UP00010,1,University Park,01/02/2026 11:48 AM,01/02/2026 11:40 AM,01/02/2026 11:48 AM,Employee reported suspicious person,COLONNADE WAY,2026-02-18 21:43:32,2026-01-02,2026,1,January,11,Friday,False,Morning
1258,PSHI-2026-01-I-132161,2,Abington,01/02/2026 10:37 AM,01/02/2026 10:05 AM,,Assisted clinical staff with agitated visitors.,Hershey - Dispatched To: HMC - Children's Hospital > HMC - Children's Hospital,2026-02-18 21:43:32,2026-01-02,2026,1,January,10,Friday,False,Morning
1259,PSHI-2026-01-I-132152,2,Abington,01/01/2026 11:22 PM,01/01/2026 10:38 PM,,Assisted clinical staff with agitated visitors.,Hershey - Dispatched To: HMC - Emergency Department > HMC - Emergency Department,2026-02-18 21:43:32,2026-01-01,2026,1,January,23,Thursday,False,Late Night
1260,PSHI-2026-01-I-132144,2,Abington,01/01/2026 07:03 PM,01/01/2026 06:58 PM,,Visitor mismatch to the sex offender registry.,Hershey - Dispatched To: HMC - Children's Hospital > HMC - Children's Hospital,2026-02-18 21:43:32,2026-01-01,2026,1,January,19,Thursday,False,Evening
1261,PSHI-2026-01-I-132143,2,Abington,01/01/2026 05:03 PM,01/01/2026 04:41 PM,,Assisted clinical staff with damaged property.,Hershey - Dispatched To: HMC - Main Hospital - 6 - MIMCU > HMC - Main Hospital - 6 - MIMCU,2026-02-18 21:43:32,2026-01-01,2026,1,January,17,Thursday,False,Afternoon
1262,PSHI-2026-01-I-132142,2,Abington,01/01/2026 04:49 PM,01/01/2026 04:04 PM,,Vehicle incident.,Hershey - Dispatched To: HMC - Centerview Drive Roadway > HMC - Centerview Drive Roadway,2026-02-18 21:43:32,2026-01-01,2026,1,January,16,Thursday,False,Afternoon
1263,26UP00007,1,University Park,01/01/2026 01:39 PM,01/01/2026 12:59 PM,01/01/2026 01:07 PM,Employee reported suspicious persons,BEAVER STADIUM,2026-02-18 21:43:32,2026-01-01,2026,1,January,13,Thursday,False,Afternoon
1264,26WB00001,21,Wilkes-Barre,01/01/2026 10:37 AM,01/01/2026 10:37 AM,,Assisted an outside law enforcement agency with an investigation,UNKNOWN  LOCATION,2026-02-18 21:43:32,2026-01-01,2026,1,January,10,Thursday,False,Morning
1265,26AB00001,2,Abington,01/01/2026 08:22 AM,01/01/2026 08:22 AM,01/01/2026 10:00 AM,Employee reported suspicious activity,LARES BUILDING,2026-02-18 21:43:32,2026-01-01,2026,1,January,8,Thursday,False,Morning
1266,PSHI-2026-01-I-132127,2,Abington,01/01/2026 04:37 AM,01/01/2026 03:30 AM,,Assisted clinical staff with contacting law enforcement.,Hershey - Dispatched To: HMC - Emergency Department > HMC - Emergency Department,2026-02-18 21:43:32,2026-01-01,2026,1,January,4,Thursday,False,Late Night
1267,PSHI-2026-01-I-132126,2,Abington,01/01/2026 04:33 AM,12/31/2025 09:47 PM,,Vetted visitor through lobby management software.,Hershey - Dispatched To: HMC - Children's Hospital > HMC - Children's Hospital,2026-02-18 21:43:32,2026-01-01,2026,1,January,4,Thursday,False,Late Night
1268,PSHI-2026-01-I-132123,2,Abington,01/01/2026 02:37 AM,12/31/2025 06:18 PM,,Visitor Fall.,Hershey - Dispatched To: HMC - Parking Lot - Lot UPC > HMC - Parking Lot - Lot UPC,2026-02-18 21:43:32,2026-01-01,2026,1,January,2,Thursday,False,Late Night
1269,PSHI-2025-12-I-132120,2,Abington,12/31/2025 10:17 PM,12/31/2025 08:26 PM,,Assisted clinical staff with a security escort.,Hershey - Dispatched To: HMC - Emergency Department > HMC - Emergency Department,2026-02-18 21:43:32,2025-12-31,2025,12,December,22,Wednesday,False,Late Night
1270,PSHI-2025-12-I-132118,2,Abington,12/31/2025 10:04 PM,12/31/2025 09:20 PM,,Assisted clinical staff with visitors not obeying visitor protocols.,Hershey - Dispatched To: HMC - Main Hospital - 2 - SICU > HMC - Main Hospital - 2 - SICU,2026-02-18 21:43:32,2025-12-31,2025,12,December,22,Wednesday,False,Late Night
1271,PSHI-2025-12-I-132116,2,Abington,12/31/2025 05:55 PM,12/31/2025 05:40 PM,,Assisted staff with a visitor issue.,Hershey - Reported Location: HMC - Children's Hospital,2026-02-18 21:43:32,2025-12-31,2025,12,December,17,Wednesday,False,Afternoon
1272,25UP05383,1,University Park,12/31/2025 02:14 PM,12/31/2025 02:14 PM,,Assisted the fire department with a reported fire alarm activation,DONKIN HALL,2026-02-18 21:43:32,2025-12-31,2025,12,December,14,Wednesday,False,Afternoon
1273,PSHI-2025-12-I-132109,2,Abington,12/31/2025 01:30 PM,12/31/2025 01:16 PM,,Assist clinical staff with agitated patient.,Hershey - Dispatched To: HMC - Emergency Department > HMC - Emergency Department,2026-02-18 21:43:32,2025-12-31,2025,12,December,13,Wednesday,False,Afternoon
1274,PSHI-2025-12-I-132108,2,Abington,12/31/2025 12:06 PM,,,Assisted clinical staff with visitors not obeying visitor protocols.,Hershey - Dispatched To: HMC - Main Hospital - 2 - SIMCU > HMC - Main Hospital - 2 - SIMCU,2026-02-18 21:43:32,2025-12-31,2025,12,December,12,Wednesday,False,Afternoon
1275,PSHI-2025-12-I-132107,2,Abington,12/31/2025 11:02 AM,12/31/2025 06:35 AM,,Assisted clinical staff with a security stand-by.,Hershey - Dispatched To: HMC Off-Site - PSMG - Mechanicsburg - PSMG > HMC Off-Site - PSMG - Mechanicsburg - PSMG,2026-02-18 21:43:32,2025-12-31,2025,12,December,11,Wednesday,False,Morning
1276,PSHI-2025-12-I-132106,2,Abington,12/31/2025 10:52 AM,12/31/2025 10:41 AM,,Assisted clinical staff with an agitated patient.,Hershey - Dispatched To: HMC - Emergency Department > HMC - Emergency Department,2026-02-18 21:43:32,2025-12-31,2025,12,December,10,Wednesday,False,Morning
1277,PSHI-2025-12-I-132102,2,Abington,12/31/2025 10:03 AM,12/31/2025 09:22 AM,,Assisted staff with a property related issue.,Hershey - Dispatched To: HMC - Children's Hospital - 5 > HMC - Children's Hospital - 5,2026-02-18 21:43:32,2025-12-31,2025,12,December,10,Wednesday,False,Morning
1278,PSHI-2025-12-I-132097,2,Abington,12/31/2025 05:21 AM,12/31/2025 05:09 AM,,Assisted clinical staff with agitated patient.,Hershey - Dispatched To: HMC - Main Hospital - 4 - Acute Care > HMC - Main Hospital - 4 - Acute Care,2026-02-18 21:43:32,2025-12-31,2025,12,December,5,Wednesday,False,Late Night
1279,PSHI-2025-12-I-132095,2,Abington,12/31/2025 03:21 AM,12/31/2025 03:00 AM,,Visitor mismatch to the sex offender registry.,Hershey - Dispatched To: HMC - Children's Hospital > HMC - Children's Hospital,2026-02-18 21:43:32,2025-12-31,2025,12,December,3,Wednesday,False,Late Night
1280,PSHI-2025-12-I-132090,2,Abington,12/31/2025 01:15 AM,12/31/2025 12:28 AM,,Assisted clinical staff with agitated patient.,Hershey - Dispatched To: HMC - Emergency Department > HMC - Emergency Department,2026-02-18 21:43:32,2025-12-31,2025,12,December,1,Wednesday,False,Late Night
1281,PSHI-2025-12-I-132089,2,Abington,12/31/2025 12:54 AM,12/30/2025 11:54 PM,,Vetted suspicious note found on clinic.,Hershey - Dispatched To: HMC - UPC-1 > HMC - UPC-1,2026-02-18 21:43:32,2025-12-31,2025,12,December,0,Wednesday,False,Late Night
1282,PSHI-2025-12-I-132073,2,Abington,12/30/2025 07:07 PM,12/30/2025 06:30 PM,,Assisted clinical staff with agitated patient.,Hershey - Dispatched To: HMC - Emergency Department > HMC - Emergency Department,2026-02-18 21:43:32,2025-12-30,2025,12,December,19,Tuesday,False,Evening
1283,PSHI-2025-12-I-132069,2,Abington,12/30/2025 04:54 PM,12/30/2025 03:34 PM,,Assisted clinical staff with agitated patient.,Hershey - Dispatched To: HMC - Main Hospital > HMC - Main Hospital,2026-02-18 21:43:32,2025-12-30,2025,12,December,16,Tuesday,False,Afternoon
1284,PSHI-2025-12-I-132068,2,Abington,12/30/2025 04:47 PM,12/30/2025 01:40 PM,,Stand by at off site clinic.,Hershey - Dispatched To: HMC Off-Site - PSMG - Mechanicsburg - PSMG > HMC Off-Site - PSMG - Mechanicsburg - PSMG,2026-02-18 21:43:32,2025-12-30,2025,12,December,16,Tuesday,False,Afternoon
1285,PSHI-2025-12-I-132064,2,Abington,12/30/2025 03:12 PM,12/30/2025 01:59 PM,,Assisted clinical staff with agitated visitor.,Hershey - Dispatched To: HMC - 30 Hope Drive > HMC - 30 Hope Drive,2026-02-18 21:43:32,2025-12-30,2025,12,December,15,Tuesday,False,Afternoon
1286,PSHI-2025-12-I-132063,2,Abington,12/30/2025 03:11 PM,,,Assisted clinical staff with agitated patient.,Hershey - Dispatched To: HMC - Emergency Department > HMC - Emergency Department,2026-02-18 21:43:32,2025-12-30,2025,12,December,15,Tuesday,False,Afternoon
1287,PSHI-2025-12-I-132062,2,Abington,12/30/2025 02:35 PM,12/30/2025 02:11 PM,,Patient bit nurse.,Hershey - Dispatched To: HMC - Main Hospital > HMC - Main Hospital,2026-02-18 21:43:32,2025-12-30,2025,12,December,14,Tuesday,False,Afternoon
1288,PSHI-2025-12-I-132060,2,Abington,12/30/2025 02:11 PM,12/30/2025 01:02 PM,,Assisted visitor with property matter.,Hershey - Dispatched To: HMC - Main Hospital - 1 - Cashier's Office > HMC - Main Hospital - 1 - Cashier's Office,2026-02-18 21:43:32,2025-12-30,2025,12,December,14,Tuesday,False,Afternoon
1289,PSHI-2025-12-I-132059,2,Abington,12/30/2025 02:03 PM,,,Assisted clinical staff with agitated visitor.,Hershey - Dispatched To: HMC - Emergency Department > HMC - Emergency Department,2026-02-18 21:43:32,2025-12-30,2025,12,December,14,Tuesday,False,Afternoon
1290,PSHI-2025-12-I-132053,2,Abington,12/30/2025 12:11 PM,12/30/2025 12:11 PM,,Reported property damage to an employee vehicle.,Hershey - Dispatched To: HMC - Parking Lot - Lot A > HMC - Parking Lot - Lot A,2026-02-18 21:43:32,2025-12-30,2025,12,December,12,Tuesday,False,Afternoon
1291,PSHI-2025-12-I-132048,2,Abington,12/30/2025 07:11 AM,12/29/2025 02:53 PM,,Visitor fall.,Hershey - Dispatched To: HMC - Emergency Department > HMC - Emergency Department,2026-02-18 21:43:32,2025-12-30,2025,12,December,7,Tuesday,False,Morning
1292,PSHI-2025-12-I-132043,2,Abington,12/30/2025 12:45 AM,12/30/2025 11:11 PM,,Assisted clinical staff with agitated patient.,Hershey - Reported Location: HMC - Emergency Department,2026-02-18 21:43:32,2025-12-30,2025,12,December,0,Tuesday,False,Late Night
1293,PSHI-2025-12-I-132042,2,Abington,12/30/2025 12:33 AM,12/30/2025 12:18 AM,,Assisted clinical staff with an agitated patient.,Hershey - Dispatched To: HMC - Emergency Department > HMC - Emergency Department,2026-02-18 21:43:32,2025-12-30,2025,12,December,0,Tuesday,False,Late Night
1294,PSHI-2025-12-I-132038,2,Abington,12/29/2025 10:56 PM,12/29/2025 10:11 PM,,Wanded patient at request of clinical staff.,Hershey - Dispatched To: HPD - Emergency Department > HPD - Emergency Department,2026-02-18 21:43:32,2025-12-29,2025,12,December,22,Monday,False,Late Night
1295,PSHI-2025-12-I-132035,2,Abington,12/29/2025 08:47 PM,12/30/2025 08:45 PM,,Documentation of security equipment issue.,Hershey - Dispatched To: HMC and COM - Westview Parking Garage > HMC and COM - Westview Parking Garage,2026-02-18 21:43:32,2025-12-29,2025,12,December,20,Monday,False,Evening
1296,PSHI-2025-12-I-132036,2,Abington,12/29/2025 08:47 PM,12/29/2025 07:20 PM,,Visitor fall.,Hershey - Dispatched To: HMC - Main Hospital - 4 - Acute Care > HMC - Main Hospital - 4 - Acute Care,2026-02-18 21:43:32,2025-12-29,2025,12,December,20,Monday,False,Evening
1297,25UP05382,1,University Park,12/29/2025 08:01 PM,12/29/2025 08:01 PM,12/29/2025 09:00 PM,Received this department's copy of a Protection From Abuse (PFA) order,UNIVERSITY SUPPORT BLDG I,2026-02-18 21:43:32,2025-12-29,2025,12,December,20,Monday,False,Evening
1298,25AL00644,3,Altoona,12/29/2025 06:22 PM,12/29/2025 06:22 PM,12/29/2025 08:25 PM,Assisted an outside law enforcement agency with an investigation,15TH ST & 16TH AVE,2026-02-18 21:43:32,2025-12-29,2025,12,December,18,Monday,False,Evening
1299,25UP05381,1,University Park,12/29/2025 03:50 PM,12/29/2025 03:50 PM,12/29/2025 04:56 PM,Employee reported a fire,MILLENNIUM SCIENCE COMPLEX,2026-02-18 21:43:32,2025-12-29,2025,12,December,15,Monday,False,Afternoon
1300,PSHI-2025-12-I-132025,2,Abington,12/29/2025 03:16 PM,12/29/2025 03:15 PM,,Mailed trespass letter as result of patient dismissal.,Hershey - Reported Location: HMC Off-Site - PSMG - Cocoa Outpatient Center - PSMG,2026-02-18 21:43:32,2025-12-29,2025,12,December,15,Monday,False,Afternoon
1301,PSHI-2025-12-I-132024,2,Abington,12/29/2025 03:09 PM,12/29/2025 01:46 PM,,Assisted clinical staff with agitated patient.,Hershey - Dispatched To: HMC - Children's Hospital > HMC - Children's Hospital,2026-02-18 21:43:32,2025-12-29,2025,12,December,15,Monday,False,Afternoon
1302,PSHI-2025-12-I-132023,2,Abington,12/29/2025 03:06 PM,12/29/2025 12:12 PM,,Assisted clinical staff with agitated patient.,Hershey - Dispatched To: HMC - Children's Hospital > HMC - Children's Hospital,2026-02-18 21:43:32,2025-12-29,2025,12,December,15,Monday,False,Afternoon
1303,25UP05379,1,University Park,12/29/2025 12:22 PM,06/01/2025 12:00 AM,12/24/2025 12:00 AM,Employee reported suspicious activity,MILLENNIUM SCIENCE COMPLEX,2026-02-18 21:43:32,2025-12-29,2025,12,December,12,Monday,False,Afternoon
1304,PSHI-2025-12-I-132013,2,Abington,12/29/2025 11:57 AM,12/29/2025 11:00 AM,,Wanded patient at request of clinical staff.,Hershey - Dispatched To: HMC - 30 Hope Drive > HMC - 30 Hope Drive,2026-02-18 21:43:32,2025-12-29,2025,12,December,11,Monday,False,Morning
1305,25UP05378,1,University Park,12/29/2025 11:39 AM,12/29/2025 11:39 AM,,Employee reported suspicious persons,AG ADMIN BLDG,2026-02-18 21:43:32,2025-12-29,2025,12,December,11,Monday,False,Morning
1306,25ER00360,5,Erie (Behrend),12/29/2025 03:10 AM,12/29/2025 03:10 AM,12/29/2025 03:30 AM,Employee reported an alarm activation,METZGAR ADMISSIONS & ALUMNI CTR,2026-02-18 21:43:32,2025-12-29,2025,12,December,3,Monday,False,Late Night
1307,PSHI-2025-12-I-132001,2,Abington,12/29/2025 12:40 AM,12/29/2025 10:10 PM,,Assisted clinical staff with agitated patient.,Hershey - Dispatched To: HMC - Emergency Department > HMC - Emergency Department,2026-02-18 21:43:32,2025-12-29,2025,12,December,0,Monday,False,Late Night
1308,PSHI-2025-12-I-132000,2,Abington,12/29/2025 12:26 AM,12/28/2025 09:50 PM,,Security responded to fire alarm in apartments.,Hershey - Dispatched To: COM - University Manor East > COM - University Manor East,2026-02-18 21:43:32,2025-12-29,2025,12,December,0,Monday,False,Late Night
1309,25UP05375,1,University Park,12/28/2025 09:29 PM,12/23/2025 09:00 PM,12/24/2025 07:00 PM,Visitor reported the loss or theft of their unattended personal property,FOX HILL RD,2026-02-18 21:43:32,2025-12-28,2025,12,December,21,Sunday,True,Evening
1310,PSHI-2025-12-I-131991,2,Abington,12/28/2025 04:13 PM,12/28/2025 03:13 PM,,Assisted Law Enforcement with access to patient.,Hershey - Dispatched To: HMC - UPC-1 > HMC - UPC-1,2026-02-18 21:43:32,2025-12-28,2025,12,December,16,Sunday,True,Afternoon
1311,PSHI-2025-12-I-131981,2,Abington,12/28/2025 10:02 AM,12/28/2025 09:38 AM,,Assisted clinical staff with agitated patient.,Hershey - Dispatched To: HMC - Emergency Department > HMC - Emergency Department,2026-02-18 21:43:32,2025-12-28,2025,12,December,10,Sunday,True,Morning
1312,PSHI-2025-12-I-131976,2,Abington,12/28/2025 01:29 AM,12/28/2025 01:19 AM,,Assisted clinical staff with agitated patient.,Hershey - Dispatched To: HMC - Emergency Department > HMC - Emergency Department,2026-02-18 21:43:32,2025-12-28,2025,12,December,1,Sunday,True,Late Night
1313,PSHI-2025-12-I-131975,2,Abington,12/28/2025 12:36 AM,12/27/2025 10:34 PM,,Assisted clinical staff with agitated patient.,Hershey - Dispatched To: HMC - Emergency Department > HMC - Emergency Department,2026-02-18 21:43:32,2025-12-28,2025,12,December,0,Sunday,True,Late Night
1314,25HB00571,13,Harrisburg,12/27/2025 10:28 PM,12/27/2025 10:28 PM,,Visitor reported a concern for another student,JUNIATA HOUSE,2026-02-18 21:43:32,2025-12-27,2025,12,December,22,Saturday,True,Late Night
1315,25AB00461,2,Abington,12/27/2025 07:42 PM,12/27/2025 07:33 PM,12/27/2025 08:28 PM,Employee reported the reckless operation of a vehicle,LOT G - ABINGTON,2026-02-18 21:43:32,2025-12-27,2025,12,December,19,Saturday,True,Evening
1316,PSHI-2025-12-I-131970,2,Abington,12/27/2025 07:21 PM,12/27/2025 06:45 PM,,Assisted clinical staff with agitated patient.,Hershey - Dispatched To: HMC - Emergency Department > HMC - Emergency Department,2026-02-18 21:43:32,2025-12-27,2025,12,December,19,Saturday,True,Evening
1317,PSHI-2025-12-I-131964,2,Abington,12/27/2025 04:03 PM,12/27/2025 03:15 PM,,Assisted clinical staff with investigation.,Hershey - Dispatched To: HMC - Emergency Department > HMC - Emergency Department,2026-02-18 21:43:32,2025-12-27,2025,12,December,16,Saturday,True,Afternoon
1318,25UP05371,1,University Park,12/27/2025 02:54 PM,12/27/2025 02:54 PM,12/27/2025 03:11 PM,Visitor reported accidental damage to personal property,AIRPORT AIR TERMINAL BLDG,2026-02-18 21:43:32,2025-12-27,2025,12,December,14,Saturday,True,Afternoon
1319,25HB00570,13,Harrisburg,12/27/2025 01:36 PM,12/27/2025 01:36 PM,12/27/2025 02:03 PM,Visitor reported a concern for a student,JUNIATA HOUSE,2026-02-18 21:43:32,2025-12-27,2025,12,December,13,Saturday,True,Afternoon
1320,25ER00359,5,Erie (Behrend),12/27/2025 10:42 AM,12/27/2025 10:42 AM,12/27/2025 11:15 AM,Employee reported a fire alarm activation,PORCUPINE HALL,2026-02-18 21:43:32,2025-12-27,2025,12,December,10,Saturday,True,Morning
1321,PSHI-2025-12-I-131953,2,Abington,12/27/2025 10:02 AM,12/27/2025 09:20 AM,,Safe keeping of patient's pellet gun.,Hershey - Dispatched To: HMC - Emergency Department > HMC - Emergency Department,2026-02-18 21:43:32,2025-12-27,2025,12,December,10,Saturday,True,Morning
1322,25MA00034,17,Mont Alto,12/27/2025 06:54 AM,12/27/2025 06:53 AM,12/27/2025 07:20 AM,Employee reported a one vehicle crash with no injuries,CAMPUS DR & ORCHARD RD,2026-02-18 21:43:32,2025-12-27,2025,12,December,6,Saturday,True,Morning
1323,PSHI-2025-12-I-131950,2,Abington,12/27/2025 05:35 AM,12/27/2025 03:52 AM,,Assisted clinical staff with agitated patient.,Hershey - Dispatched To: HMC - Emergency Department > HMC - Emergency Department,2026-02-18 21:43:32,2025-12-27,2025,12,December,5,Saturday,True,Late Night
1324,PSHI-2025-12-I-131945,2,Abington,12/27/2025 12:18 AM,12/27/2025 12:02 AM,,Assisted clinical staff with a possible violence victim.,Hershey - Dispatched To: HMC - Emergency Department > HMC - Emergency Department,2026-02-18 21:43:32,2025-12-27,2025,12,December,0,Saturday,True,Late Night
1325,PSHI-2025-12-I-131944,2,Abington,12/26/2025 11:59 PM,12/26/2025 11:15 PM,,Assisted clinical staff with an agitated patient.,Hershey - Dispatched To: HMC - Emergency Department > HMC - Emergency Department,2026-02-18 21:43:32,2025-12-26,2025,12,December,23,Friday,False,Late Night
1326,PSHI-2025-12-I-131943,2,Abington,12/26/2025 11:58 PM,12/27/2025 10:21 PM,,Assisted clinical staff with visitor problem.,Hershey - Dispatched To: HMC - Emergency Department > HMC - Emergency Department,2026-02-18 21:43:32,2025-12-26,2025,12,December,23,Friday,False,Late Night
1327,PSHI-2025-12-I-131935,2,Abington,12/26/2025 10:09 PM,12/26/2025 09:51 PM,,Assisted clinical staff with patient leaving against medical advice.,Hershey - Dispatched To: HMC - Emergency Department > HMC - Emergency Department,2026-02-18 21:43:32,2025-12-26,2025,12,December,22,Friday,False,Late Night
1328,PSHI-2025-12-I-131932,2,Abington,12/26/2025 08:05 PM,12/26/2025 07:30 PM,,Assisted law enforcement and clinical staff with an agitated patient.,Hershey - Dispatched To: HMC - Emergency Department > HMC - Emergency Department,2026-02-18 21:43:32,2025-12-26,2025,12,December,20,Friday,False,Evening
1329,PSHI-2025-12-I-131925,2,Abington,12/26/2025 02:18 PM,12/26/2025 02:18 PM,,Turned over items to police.,Hershey - Dispatched To: HMC - Main Hospital - 4 - Acute Care > HMC - Main Hospital - 4 - Acute Care,2026-02-18 21:43:32,2025-12-26,2025,12,December,14,Friday,False,Afternoon
1330,PSHI-2025-12-I-131924,2,Abington,12/26/2025 12:32 PM,12/26/2025 11:40 AM,,Money escort to the cashiers office.,Hershey - Dispatched To: HMC - Main Hospital - 1 - Cashier's Office > HMC - Main Hospital - 1 - Cashier's Office,2026-02-18 21:43:32,2025-12-26,2025,12,December,12,Friday,False,Afternoon
1331,PSHI-2025-12-I-131923,2,Abington,12/26/2025 12:13 PM,,,Assisted courier with a cashier's deposit.,Hershey - Dispatched To: HMC - Main Hospital - 1 - Cashier's Office > HMC - Main Hospital - 1 - Cashier's Office,2026-02-18 21:43:32,2025-12-26,2025,12,December,12,Friday,False,Afternoon
1332,25HB00569,13,Harrisburg,12/25/2025 09:05 PM,12/25/2025 09:05 PM,12/25/2025 09:33 PM,Student reported unsafe conditions,JUNIATA HOUSE,2026-02-18 21:43:32,2025-12-25,2025,12,December,21,Thursday,False,Evening
1333,25UP05368,1,University Park,12/25/2025 07:43 PM,12/25/2025 07:43 PM,,A vehicle stop investigation revealed the operator to be driving with a suspended driver's license,NORTH ATHERTON ST & PARK AVE,2026-02-18 21:43:32,2025-12-25,2025,12,December,19,Thursday,False,Evening
1334,PSHI-2025-12-I-131911,2,Abington,12/25/2025 06:18 PM,12/25/2025 05:09 PM,,Assisted clinical staff with agitated patient.,Hershey - Dispatched To: HMC - Main Hospital > HMC - Main Hospital,2026-02-18 21:43:32,2025-12-25,2025,12,December,18,Thursday,False,Evening
1335,PSHI-2025-12-I-131906,2,Abington,12/25/2025 03:03 PM,,,Visitor mismatch to the sex offender registry.,Hershey - Dispatched To: HMC - Children's Hospital > HMC - Children's Hospital,2026-02-18 21:43:32,2025-12-25,2025,12,December,15,Thursday,False,Afternoon
1336,25HB00568,13,Harrisburg,12/25/2025 05:27 AM,12/25/2025 05:27 AM,12/25/2025 05:44 AM,Assisted an outside law enforcement agency with an investigation,E HIGH ST,2026-02-18 21:43:32,2025-12-25,2025,12,December,5,Thursday,False,Late Night
1337,PSHI-2025-12-I-131880,2,Abington,12/24/2025 10:06 PM,12/24/2025 09:20 PM,,Escorted patient and law enforcement to clinical treatment area.,Hershey - Dispatched To: HMC - Emergency Department > HMC - Emergency Department,2026-02-18 21:43:32,2025-12-24,2025,12,December,22,Wednesday,False,Late Night
1338,PSHI-2025-12-I-131879,2,Abington,12/24/2025 09:55 PM,12/23/2025 05:30 PM,,Assisted staff with missing items.,Hershey - Dispatched To: HMC - 30 Hope Drive > HMC - 30 Hope Drive,2026-02-18 21:43:32,2025-12-24,2025,12,December,21,Wednesday,False,Evening
1339,PSHI-2025-12-I-131864,2,Abington,12/24/2025 01:08 PM,12/24/2025 09:35 AM,,Assisted clinical staff with agitated patient.,Hershey - Dispatched To: HMC - Main Hospital > HMC - Main Hospital,2026-02-18 21:43:32,2025-12-24,2025,12,December,13,Wednesday,False,Afternoon
1340,PSHI-2025-12-I-131862,2,Abington,12/24/2025 12:27 PM,11/28/2025 08:00 AM,,Theft of supply material.,Hershey - Dispatched To: COM - Basic Science > COM - Basic Science,2026-02-18 21:43:32,2025-12-24,2025,12,December,12,Wednesday,False,Afternoon
1341,PSHI-2025-12-I-131856,2,Abington,12/24/2025 09:27 AM,12/24/2025 09:20 AM,,Assisted Law Enforcement with access patient.,Hershey - Dispatched To: HMC - Main Hospital - 1 - Security Operations Center > HMC - Main Hospital - 1 - Security Operations Center,2026-02-18 21:43:32,2025-12-24,2025,12,December,9,Wednesday,False,Morning
1342,25HN00164,15,Hershey,12/24/2025 12:42 AM,12/24/2025 12:42 AM,12/24/2025 12:56 AM,Assisted an outside law enforcement agency with an investigation,HILLSIDE DR,2026-02-18 21:43:32,2025-12-24,2025,12,December,0,Wednesday,False,Late Night
1343,PSHI-2025-12-I-131839,2,Abington,12/23/2025 08:20 PM,12/23/2025 07:50 PM,,Escorted visitors to patient room.,Hershey - Reported Location: HMC - Main Hospital - 3 - Acute Care Medical Oncology,2026-02-18 21:43:32,2025-12-23,2025,12,December,20,Tuesday,False,Evening
1344,25UP05364,1,University Park,12/23/2025 05:29 PM,12/23/2025 05:29 PM,12/23/2025 06:30 PM,Visitor was found trespassing inside a University building,ERIC J. BARRON INNOVATION HUB BUILDING,2026-02-18 21:43:32,2025-12-23,2025,12,December,17,Tuesday,False,Afternoon
1345,PSHI-2025-12-I-131837,2,Abington,12/23/2025 05:14 PM,12/23/2025 04:35 PM,,Assisted maintenance supervisor with an employee issue.,Hershey - Dispatched To: COM - College of Medicine - 1 > COM - College of Medicine - 1,2026-02-18 21:43:32,2025-12-23,2025,12,December,17,Tuesday,False,Afternoon
1346,PSHI-2025-12-I-131831,2,Abington,12/23/2025 03:42 PM,12/23/2025 03:05 PM,,Assisted clinical staff with an agitated visitor.,Hershey - Dispatched To: HMC - Main Hospital - 4 - Acute Care > HMC - Main Hospital - 4 - Acute Care,2026-02-18 21:43:32,2025-12-23,2025,12,December,15,Tuesday,False,Afternoon
1347,PSHI-2025-12-I-131830,2,Abington,12/23/2025 03:17 PM,12/23/2025 02:08 PM,,Assisted clinical staff with an agitated patient.,Hershey - Dispatched To: HMC - Children's Hospital - 2 > HMC - Children's Hospital - 2,2026-02-18 21:43:32,2025-12-23,2025,12,December,15,Tuesday,False,Afternoon
1348,PSHI-2025-12-I-131828,2,Abington,12/23/2025 01:14 PM,12/23/2025 11:01 AM,,Assisted clinical staff with an agitated patient.,Hershey - Dispatched To: HMC - Cancer Institute - 5 - Rad Onc > HMC - Cancer Institute - 5 - Rad Onc,2026-02-18 21:43:32,2025-12-23,2025,12,December,13,Tuesday,False,Afternoon
1349,PSHI-2025-12-I-131809,2,Abington,12/23/2025 04:27 AM,12/23/2025 03:50 AM,,Visitor mismatch to the sex offender registry.,Hershey - Dispatched To: HMC - Main Hospital - 1 - Main Information Desk > HMC - Main Hospital - 1 - Main Information Desk,2026-02-18 21:43:32,2025-12-23,2025,12,December,4,Tuesday,False,Late Night
1350,PSHI-2025-12-I-131808,2,Abington,12/23/2025 03:59 AM,12/22/2025 07:17 PM,,Assisted clinical staff with an agitated patient.,Hershey - Dispatched To: HMC - Main Hospital > HMC - Main Hospital,2026-02-18 21:43:32,2025-12-23,2025,12,December,3,Tuesday,False,Late Night
1351,PSHI-2025-12-I-131807,2,Abington,12/23/2025 03:24 AM,12/23/2025 12:07 AM,,Responded to Fire alarm drills with the safety staff.,Hershey - Dispatched To: HMC - Children's Hospital > HMC - Children's Hospital,2026-02-18 21:43:32,2025-12-23,2025,12,December,3,Tuesday,False,Late Night
1352,PSHI-2025-12-I-131806,2,Abington,12/23/2025 02:53 AM,12/23/2025 02:23 AM,,Assisted clinical staff with an agitated patient.,Hershey - Dispatched To: HMC - Main Hospital > HMC - Main Hospital,2026-02-18 21:43:32,2025-12-23,2025,12,December,2,Tuesday,False,Late Night
1353,PSHI-2025-12-I-131803,2,Abington,12/23/2025 01:20 AM,12/22/2025 11:18 PM,,Assisted staff with a visitor issue.,Hershey - Dispatched To: HMC - Main Hospital > HMC - Main Hospital,2026-02-18 21:43:32,2025-12-23,2025,12,December,1,Tuesday,False,Late Night
1354,PSHI-2025-12-I-131804,2,Abington,12/23/2025 01:20 AM,12/23/2025 01:04 AM,,Responded to a visitor issue.,Hershey - Dispatched To: HMC - Main Hospital > HMC - Main Hospital,2026-02-18 21:43:32,2025-12-23,2025,12,December,1,Tuesday,False,Late Night
1355,PSHI-2025-12-I-131802,2,Abington,12/23/2025 01:05 AM,12/22/2025 10:30 PM,,Assisted clinical staff with an agitated patient.,Hershey - Dispatched To: HMC - Emergency Department > HMC - Emergency Department,2026-02-18 21:43:32,2025-12-23,2025,12,December,1,Tuesday,False,Late Night
1356,PSHI-2025-12-I-131801,2,Abington,12/23/2025 12:54 AM,12/22/2025 10:49 AM,,Assist staff with an employee issue.,Hershey - Dispatched To: HMC - Main Hospital > HMC - Main Hospital,2026-02-18 21:43:32,2025-12-23,2025,12,December,0,Tuesday,False,Late Night
1357,PSHI-2025-12-I-131800,2,Abington,12/23/2025 12:12 AM,12/22/2025 10:52 PM,,Assisted clinical staff with an agitated patient.,Hershey - Dispatched To: HMC - Main Hospital > HMC - Main Hospital,2026-02-18 21:43:32,2025-12-23,2025,12,December,0,Tuesday,False,Late Night
1358,PSHI-2025-12-I-131798,2,Abington,12/22/2025 11:31 PM,12/22/2025 09:39 PM,,Assisted clinical staff with an agitated patient.,Hershey - Dispatched To: HMC - Main Hospital > HMC - Main Hospital,2026-02-18 21:43:32,2025-12-22,2025,12,December,23,Monday,False,Late Night
1359,25UP05363,1,University Park,12/22/2025 07:03 PM,12/22/2025 07:03 PM,12/22/2025 08:00 PM,Visitor stopped for a University policy violation regarding University access,HUB ROBESON CULTURAL CENTER,2026-02-18 21:43:32,2025-12-22,2025,12,December,19,Monday,False,Evening
1360,PSHI-2025-12-I-131788,2,Abington,12/22/2025 05:40 PM,12/22/2025 05:39 PM,,Visitor mismatch to the sex offender registry system.,Hershey - Dispatched To: HMC - Children's Hospital - 1 > HMC - Children's Hospital - 1,2026-02-18 21:43:32,2025-12-22,2025,12,December,17,Monday,False,Afternoon
1361,PSHI-2025-12-I-131786,2,Abington,12/22/2025 05:06 PM,12/08/2025 08:00 AM,,Vehicle incident.,Hershey - Dispatched To: HMC - Main Hospital > HMC - Main Hospital,2026-02-18 21:43:32,2025-12-22,2025,12,December,17,Monday,False,Afternoon
1362,PSHI-2025-12-I-131783,2,Abington,12/22/2025 03:58 PM,12/22/2025 03:00 PM,,Visitor slip/fall.,Hershey - Dispatched To: HMC - Main Hospital - 4 - Acute Care > HMC - Main Hospital - 4 - Acute Care,2026-02-18 21:43:32,2025-12-22,2025,12,December,15,Monday,False,Afternoon
1363,25UP05362,1,University Park,12/22/2025 02:47 PM,12/22/2025 02:47 PM,12/22/2025 03:30 PM,Student reported the theft of their personal property,HAMILTON HALL,2026-02-18 21:43:32,2025-12-22,2025,12,December,14,Monday,False,Afternoon
1364,PSHI-2025-12-I-131780,2,Abington,12/22/2025 01:51 PM,12/22/2025 11:40 AM,,Assisted visitor with an escort to a patient's room.,Hershey - Dispatched To: HMC - Main Hospital - 4 - Neuroscience Integrated Care Unit East > HMC - Main Hospital - 4 - Neuroscience Integrated Care Unit East,2026-02-18 21:43:32,2025-12-22,2025,12,December,13,Monday,False,Afternoon
1365,PSHI-2025-12-I-131779,2,Abington,12/22/2025 12:57 PM,12/22/2025 11:27 AM,,Assisted clinical staff with an agitated patient.,Hershey - Dispatched To: HMC - Main Hospital - 2 - SICU > HMC - Main Hospital - 2 - SICU,2026-02-18 21:43:32,2025-12-22,2025,12,December,12,Monday,False,Afternoon
1366,PSHI-2025-12-I-131772,2,Abington,12/22/2025 04:53 AM,12/22/2025 04:44 AM,,Completed directed patrol.,Hershey - Dispatched To: HMC - Main Hospital - 1 - Heart & Vascular Critical Care Unit East (HVCCU) > HMC - Main Hospital - 1 - Heart & Vascular Critical Care Unit East (HVCCU),2026-02-18 21:43:32,2025-12-22,2025,12,December,4,Monday,False,Late Night
1367,25ER00358,5,Erie (Behrend),12/22/2025 04:30 AM,12/22/2025 04:30 AM,12/22/2025 04:50 AM,Student reported unsafe conditions,SENAT HALL,2026-02-18 21:43:32,2025-12-22,2025,12,December,4,Monday,False,Late Night
1368,25UP05360,1,University Park,12/22/2025 02:15 AM,12/22/2025 02:15 AM,,A vehicle stop investigation revealed the operator to be driving under the influence of alcohol,CURTIN RD & PORTER RD,2026-02-18 21:43:32,2025-12-22,2025,12,December,2,Monday,False,Late Night
1369,PSHI-2025-12-I-131768,2,Abington,12/21/2025 11:16 PM,12/21/2025 11:14 PM,,Visitor mismatch to the sex offender registry.,Hershey - Dispatched To: HMC - Children's Hospital > HMC - Children's Hospital,2026-02-18 21:43:32,2025-12-21,2025,12,December,23,Sunday,True,Late Night
1370,PSHI-2025-12-I-131767,2,Abington,12/21/2025 11:13 PM,12/21/2025 08:25 PM,,Assisted visitor with police contact.,Hershey - Dispatched To: HMC - Main Hospital - 3 - Heart & Vascular Progressive Care - East (HVPCU) > HMC - Main Hospital - 3 - Heart & Vascular Progressive Care - East (HVPCU),2026-02-18 21:43:32,2025-12-21,2025,12,December,23,Sunday,True,Late Night
1371,25SL00209,19,Schuylkill,12/21/2025 10:17 PM,12/21/2025 10:17 PM,12/21/2025 10:30 PM,Employee reported an alarm activation,HEALTH & WELLNESS BUILDING,2026-02-18 21:43:32,2025-12-21,2025,12,December,22,Sunday,True,Late Night
1372,25UP05349,1,University Park,12/21/2025 10:13 PM,12/21/2025 10:13 PM,12/21/2025 10:54 PM,Assisted an outside law enforcement agency with an investigation,E COLLEGE AVE,2026-02-18 21:43:32,2025-12-21,2025,12,December,22,Sunday,True,Late Night
1373,25AL00642,3,Altoona,12/21/2025 09:14 PM,12/21/2025 09:14 PM,12/21/2025 09:22 PM,Assisted an outside law enforcement agency with an investigation,25TH AVE,2026-02-18 21:43:32,2025-12-21,2025,12,December,21,Sunday,True,Evening
1374,25AL00643,3,Altoona,12/21/2025 08:48 PM,12/21/2025 08:48 PM,12/21/2025 09:07 PM,Assisted an outside law enforcement agency with an investigation,25TH AVE & JUNIATA GAP RD,2026-02-18 21:43:32,2025-12-21,2025,12,December,20,Sunday,True,Evening
1375,PSHI-2025-12-I-131760,2,Abington,12/21/2025 07:10 PM,12/21/2025 07:10 PM,,Safekeeping of patient knife.,Hershey - Dispatched To: HMC - Emergency Department > HMC - Emergency Department,2026-02-18 21:43:32,2025-12-21,2025,12,December,19,Sunday,True,Evening
1376,25AL00641,3,Altoona,12/21/2025 05:55 PM,12/21/2025 05:55 PM,12/21/2025 06:45 PM,Assisted an outside law enforcement agency with an investigation,COLONEL DRAKE HWY & SKYLINE DR,2026-02-18 21:43:32,2025-12-21,2025,12,December,17,Sunday,True,Afternoon
1377,25UP05345,1,University Park,12/21/2025 05:19 PM,12/21/2025 05:19 PM,12/21/2025 05:49 PM,Employee reported finding drug paraphernalia,SPROUL HALL,2026-02-18 21:43:32,2025-12-21,2025,12,December,17,Sunday,True,Afternoon
1378,PSHI-2025-12-I-131755,2,Abington,12/21/2025 05:04 PM,12/21/2025 04:36 PM,,Assisted clinical staff and visitor with visitor protocols.,Hershey - Dispatched To: HMC - Main Hospital - 2 - SICU > HMC - Main Hospital - 2 - SICU,2026-02-18 21:43:32,2025-12-21,2025,12,December,17,Sunday,True,Afternoon
1379,25UP05344,1,University Park,12/21/2025 04:42 PM,12/21/2025 04:42 PM,12/21/2025 05:07 PM,Assisted Residence Life with a University policy violation,MARTIN HALL,2026-02-18 21:43:32,2025-12-21,2025,12,December,16,Sunday,True,Afternoon
1380,PSHI-2025-12-I-131754,2,Abington,12/21/2025 04:39 PM,12/21/2025 03:42 PM,,Team de-escalation plan for agitated patient.,Hershey - Dispatched To: HMC - Children's Hospital > HMC - Children's Hospital,2026-02-18 21:43:32,2025-12-21,2025,12,December,16,Sunday,True,Afternoon
1381,PSHI-2025-12-I-131751,2,Abington,12/21/2025 03:09 PM,12/21/2025 02:30 PM,,Assisted clinical staff with an agitated visitor.,Hershey - Dispatched To: HMC - Main Hospital > HMC - Main Hospital,2026-02-18 21:43:32,2025-12-21,2025,12,December,15,Sunday,True,Afternoon
1382,PSHI-2025-12-I-131750,2,Abington,12/21/2025 02:31 PM,12/21/2025 01:59 PM,,Received court documents.,Hershey - Dispatched To: HMC - Children's Hospital > HMC - Children's Hospital,2026-02-18 21:43:32,2025-12-21,2025,12,December,14,Sunday,True,Afternoon
1383,25AB00460,2,Abington,12/21/2025 12:18 PM,12/21/2025 12:18 PM,12/21/2025 12:25 PM,Visitor requested assistance with a personal matter,WOODLAND BUILDING,2026-02-18 21:43:32,2025-12-21,2025,12,December,12,Sunday,True,Afternoon
1384,PSHI-2025-12-I-131741,2,Abington,12/21/2025 10:58 AM,12/21/2025 10:56 AM,,Assisted clinical staff with POA paperwork.,Hershey - Dispatched To: HMC - Main Hospital - 2 - SIMCU > HMC - Main Hospital - 2 - SIMCU,2026-02-18 21:43:32,2025-12-21,2025,12,December,10,Sunday,True,Morning
1385,PSHI-2025-12-I-131740,2,Abington,12/21/2025 10:39 AM,12/21/2025 10:36 AM,,Assisted clinical staff with a visitor issue.,Hershey - Dispatched To: HMC - Main Hospital - 3 - Heart & Vascular Progressive Care - East (HVPCU) > HMC - Main Hospital - 3 - Heart & Vascular Progressive Care - East (HVPCU),2026-02-18 21:43:32,2025-12-21,2025,12,December,10,Sunday,True,Morning
1386,PSHI-2025-12-I-131735,2,Abington,12/21/2025 01:39 AM,12/21/2025 12:15 AM,,Armed visitor turned out to be an on-duty Correctional Officer.,Hershey - Dispatched To: HMC - Main Hospital > HMC - Main Hospital,2026-02-18 21:43:32,2025-12-21,2025,12,December,1,Sunday,True,Late Night
1387,PSHI-2025-12-I-131733,2,Abington,12/20/2025 11:59 PM,12/20/2025 11:45 PM,,Assisted clinical staff with visitor issue.,Hershey - Dispatched To: HMC - Children's Hospital - 7 - Women's Health Post \Antepartum > HMC - Children's Hospital - 7 - Women's Health Post \Antepartum,2026-02-18 21:43:32,2025-12-20,2025,12,December,23,Saturday,True,Late Night
1388,25UP05342,1,University Park,12/20/2025 11:35 PM,12/20/2025 11:35 PM,12/21/2025 02:24 AM,A vehicle stop investigation revealed the operator to be driving under the influence of a controlled substance,N ATHERTON ST (CLAY LN - RAILROAD AVE),2026-02-18 21:43:32,2025-12-20,2025,12,December,23,Saturday,True,Late Night
1389,PSHI-2025-12-I-131732,2,Abington,12/20/2025 11:33 PM,12/20/2025 10:57 PM,,Assisted LE with incoming Patients.,Hershey - Dispatched To: HMC - Emergency Department > HMC - Emergency Department,2026-02-18 21:43:32,2025-12-20,2025,12,December,23,Saturday,True,Late Night
1390,25UP05335,1,University Park,12/20/2025 10:00 PM,12/20/2025 09:55 PM,,Visitor reported suspicious activity,PEGULA ICE ARENA,2026-02-18 21:43:32,2025-12-20,2025,12,December,22,Saturday,True,Late Night
1391,PSHI-2025-12-I-131728,2,Abington,12/20/2025 08:29 PM,12/20/2025 08:15 PM,,False Sex Offender Hit.,Hershey - Dispatched To: HMC - Children's Hospital > HMC - Children's Hospital,2026-02-18 21:43:32,2025-12-20,2025,12,December,20,Saturday,True,Evening
1392,25HB00567,13,Harrisburg,12/20/2025 08:04 PM,12/20/2025 08:04 PM,12/20/2025 08:31 PM,Assisted an outside law enforcement agency with an investigation,GENESIS CT,2026-02-18 21:43:32,2025-12-20,2025,12,December,20,Saturday,True,Evening
1393,PSHI-2025-12-I-131725,2,Abington,12/20/2025 07:10 PM,12/20/2025 06:45 PM,,Attempt to contact unlisted patient.,Hershey - Dispatched To: HMC - Main Hospital - 4 - Neuroscience Integrated Care Unit East > HMC - Main Hospital - 4 - Neuroscience Integrated Care Unit East,2026-02-18 21:43:32,2025-12-20,2025,12,December,19,Saturday,True,Evening
1394,25UP05328,1,University Park,12/20/2025 05:47 PM,12/20/2025 05:47 PM,12/20/2025 06:47 PM,Visitor requested assistance in locating a student,ATHERTON HALL,2026-02-18 21:43:32,2025-12-20,2025,12,December,17,Saturday,True,Afternoon
1395,PSHI-2025-12-I-131723,2,Abington,12/20/2025 04:49 PM,12/20/2025 04:55 PM,,Assisted clinical staff with agitated patient.,Hershey - Dispatched To: HMC - Emergency Department > HMC - Emergency Department,2026-02-18 21:43:32,2025-12-20,2025,12,December,16,Saturday,True,Afternoon
1396,PSHI-2025-12-I-131717,2,Abington,12/20/2025 01:53 PM,12/20/2025 01:35 PM,,Assisted clinical staff with agitated patient.,Hershey - Dispatched To: HMC - Emergency Department > HMC - Emergency Department,2026-02-18 21:43:32,2025-12-20,2025,12,December,13,Saturday,True,Afternoon
1397,25UP05322,1,University Park,12/20/2025 01:45 PM,12/20/2025 01:45 PM,12/20/2025 04:41 PM,Assisted an outside law enforcement agency with an investigation,WHEATFIELD DR,2026-02-18 21:43:32,2025-12-20,2025,12,December,13,Saturday,True,Afternoon
1398,PSHI-2025-12-I-131714,2,Abington,12/20/2025 01:18 PM,12/20/2025 12:24 PM,,Assisted clinical staff with agitated patient.,Hershey - Dispatched To: HMC - Emergency Department > HMC - Emergency Department,2026-02-18 21:43:32,2025-12-20,2025,12,December,13,Saturday,True,Afternoon
1399,PSHI-2026-02-I-133974,2,Abington,02/17/2026 09:52 PM,02/17/2026 08:48 PM,,,Hershey - Dispatched To: HMC - Main Hospital > HMC - Main Hospital,2026-02-18 21:59:39,2026-02-17,2026,2,February,21,Tuesday,False,Evening
1400,PSHI-2026-02-I-133971,2,Abington,02/17/2026 07:54 PM,02/17/2026 07:26 PM,,Medical emergency.,Hershey - Dispatched To: HMC - Emergency Department > HMC - Emergency Department,2026-02-18 21:59:39,2026-02-17,2026,2,February,19,Tuesday,False,Evening
1401,PSHI-2026-02-I-133970,2,Abington,02/17/2026 07:21 PM,02/17/2026 07:04 PM,,,Hershey - Dispatched To: HMC - Emergency Department > HMC - Emergency Department,2026-02-18 21:59:39,2026-02-17,2026,2,February,19,Tuesday,False,Evening
1402,PSHI-2026-02-I-133969,2,Abington,02/17/2026 03:56 PM,02/17/2026 02:36 PM,,,Hershey - Dispatched To: HMC - Main Hospital > HMC - Main Hospital,2026-02-18 21:59:39,2026-02-17,2026,2,February,15,Tuesday,False,Afternoon
1403,PSHI-2026-02-I-133959,2,Abington,02/17/2026 12:06 PM,,,,Hershey - Dispatched To: HMC - Main Hospital - 4 - Neuroscience Integrated Care Unit East > HMC - Main Hospital - 4 - Neuroscience Integrated Care Unit East,2026-02-18 21:59:39,2026-02-17,2026,2,February,12,Tuesday,False,Afternoon
1404,PSHI-2026-02-I-133954,2,Abington,02/17/2026 09:17 AM,02/17/2026 08:30 AM,,,Hershey - Dispatched To: HMC - Main Hospital  > HMC - Main Hospital,2026-02-18 21:59:39,2026-02-17,2026,2,February,9,Tuesday,False,Morning
1405,PSHI-2026-02-I-133948,2,Abington,02/17/2026 05:39 AM,02/17/2026 05:14 AM,,Wanded patient at request of ED staff. Safekeeping of patient scissors.,Hershey - Dispatched To: HMC - Emergency Department > HMC - Emergency Department,2026-02-18 21:59:39,2026-02-17,2026,2,February,5,Tuesday,False,Late Night
1406,PSHI-2026-02-I-133944,2,Abington,02/17/2026 03:16 AM,02/17/2026 02:06 AM,,,Hershey - Dispatched To: HMC - Main Hospital > HMC - Main Hospital,2026-02-18 21:59:39,2026-02-17,2026,2,February,3,Tuesday,False,Late Night
1407,PSHI-2026-02-I-133941,2,Abington,02/16/2026 10:49 PM,02/16/2026 09:20 AM,,Assisted clinical staff with an agitated patient.,Hershey - Dispatched To: HMC - Children's Hospital > HMC - Children's Hospital,2026-02-18 21:59:39,2026-02-16,2026,2,February,22,Monday,False,Late Night
1408,PSHI-2026-02-I-133940,2,Abington,02/16/2026 10:29 PM,02/16/2026 08:50 PM,,Assisted clinical staff with a visitor problem.,Hershey - Dispatched To: HMC - Main Hospital - 6 - Acute Care > HMC - Main Hospital - 6 - Acute Care,2026-02-18 21:59:39,2026-02-16,2026,2,February,22,Monday,False,Late Night
1409,PSHI-2026-02-I-133939,2,Abington,02/16/2026 10:28 PM,02/16/2026 07:45 PM,,Assisted clinical staff with an agitated patient.,Hershey - Dispatched To: HMC - Main Hospital > HMC - Main Hospital,2026-02-18 21:59:39,2026-02-16,2026,2,February,22,Monday,False,Late Night
1410,PSHI-2026-02-I-133926,2,Abington,02/16/2026 08:09 PM,02/16/2026 07:39 PM,,Assisted clinical staff with a property related matter.,Hershey - Dispatched To: HMC - Emergency Department - 1 - Peds ER > HMC - Emergency Department - 1 - Peds ER,2026-02-18 21:59:39,2026-02-16,2026,2,February,20,Monday,False,Evening
1411,PSHI-2026-02-I-133924,2,Abington,02/16/2026 07:36 PM,02/16/2026 06:20 PM,,Team de-escalation plan for agitated patient.,Hershey - Dispatched To: HMC - Main Hospital - 3 - Acute Care > HMC - Main Hospital - 3 - Acute Care,2026-02-18 21:59:39,2026-02-16,2026,2,February,19,Monday,False,Evening
1412,PSHI-2026-02-I-133922,2,Abington,02/16/2026 07:35 PM,02/16/2026 06:03 PM,,Assisted clinical staff with an agitated patient.,Hershey - Dispatched To: HMC - Cancer Institute - 1 > HMC - Cancer Institute - 1,2026-02-18 21:59:39,2026-02-16,2026,2,February,19,Monday,False,Evening
1413,PSHI-2026-02-I-133923,2,Abington,02/16/2026 07:35 PM,02/16/2026 06:45 PM,,Assisted clinical staff with agitated patient.,Hershey - Dispatched To: HMC - Main Hospital > HMC - Main Hospital,2026-02-18 21:59:39,2026-02-16,2026,2,February,19,Monday,False,Evening
1414,PSHI-2026-02-I-133917,2,Abington,02/16/2026 02:23 PM,02/16/2026 01:46 PM,,Assisted clinical staff with an agitated patient.,Hershey - Dispatched To: HMC - Children's Hospital - 3 - Children's Hospital Acute Care > HMC - Children's Hospital - 3 - Children's Hospital Acute Care,2026-02-18 21:59:39,2026-02-16,2026,2,February,14,Monday,False,Afternoon
1415,PSHI-2026-02-I-133911,2,Abington,02/16/2026 12:48 PM,02/16/2026 12:13 PM,,Assisted clinical staff with an agitated patient.,Hershey - Dispatched To: HMC - Children's Hospital - 6 - Pediatric Surgical Care Unit > HMC - Children's Hospital - 6 - Pediatric Surgical Care Unit,2026-02-18 21:59:39,2026-02-16,2026,2,February,12,Monday,False,Afternoon
1416,PSHI-2026-02-I-133901,2,Abington,02/16/2026 10:34 AM,02/16/2026 09:00 AM,,Drug paraphernalia surrendered to law enforcement.,Hershey - Dispatched To: HMC - Main Hospital - 3 - Heart & Vascular Progressive Care - West (HVPCU) > HMC - Main Hospital - 3 - Heart & Vascular Progressive Care - West (HVPCU),2026-02-18 21:59:39,2026-02-16,2026,2,February,10,Monday,False,Morning
1417,PSHI-2026-02-I-133895,2,Abington,02/16/2026 04:28 AM,02/16/2026 03:50 AM,,Assisted clinical staff with agitated patient.,Hershey - Dispatched To: HMC - Emergency Department > HMC - Emergency Department,2026-02-18 21:59:39,2026-02-16,2026,2,February,4,Monday,False,Late Night
1418,PSHI-2026-02-I-133894,2,Abington,02/16/2026 03:07 AM,,,Assisted clinical staff with agitated patient.,Hershey - Dispatched To: HMC - Main Hospital > HMC - Main Hospital,2026-02-18 21:59:39,2026-02-16,2026,2,February,3,Monday,False,Late Night
1419,PSHI-2026-02-I-133891,2,Abington,02/16/2026 12:20 AM,02/16/2026 11:58 PM,,,Hershey - Dispatched To: HMC - Emergency Department > HMC - Emergency Department,2026-02-18 21:59:39,2026-02-16,2026,2,February,0,Monday,False,Late Night
1420,PSHI-2026-02-I-133620,2,Abington,02/09/2026 05:32 PM,01/13/2026 03:05 PM,,Assisted clinical staff with locating misplaced property.,Hershey - Dispatched To: HMC - Emergency Department > HMC - Emergency Department,2026-02-18 21:59:39,2026-02-09,2026,2,February,17,Monday,False,Afternoon
1421,PSHI-2026-02-I-134061,1,University Park,02/19/2026 10:35 PM,02/19/2026 08:45 PM,,,Hershey - Dispatched To: HMC - Emergency Department > HMC - Emergency Department,2026-02-21 20:58:08,2026-02-19,2026,2,February,22,Thursday,False,Late Night
1422,26HB00080,13,Harrisburg,02/19/2026 10:34 PM,02/19/2026 10:34 PM,02/19/2026 10:45 PM,Student reported a two vehicle crash with no injuries,SWATARA CUB LOT - HARRISBURG,2026-02-21 20:58:08,2026-02-19,2026,2,February,22,Thursday,False,Late Night
1423,26HN00010,15,Hershey,02/19/2026 10:17 PM,02/19/2026 10:17 PM,02/19/2026 10:27 PM,Assisted an outside law enforcement agency with an investigation,PA-93 & UNIVERSITY DR,2026-02-21 20:58:08,2026-02-19,2026,2,February,22,Thursday,False,Late Night
1424,26BK00035,4,Beaver,02/19/2026 07:03 PM,02/19/2026 07:03 PM,02/19/2026 07:28 PM,Assisted the fire department with a reported fire alarm activation,LAUREL HALL,2026-02-21 20:58:08,2026-02-19,2026,2,February,19,Thursday,False,Evening
1425,2026-00002220,1,University Park,02/19/2026 06:47 PM,02/19/2026 12:00 PM,02/19/2026 01:00 PM,Student reported damage to University property,MARTIN HALL,2026-02-21 20:58:08,2026-02-19,2026,2,February,18,Thursday,False,Evening
1426,PSHI-2026-02-I-134055,1,University Park,02/19/2026 06:25 PM,02/19/2026 05:23 PM,,,Hershey - Dispatched To: COM - University Manor East > COM - University Manor East,2026-02-21 20:58:08,2026-02-19,2026,2,February,18,Thursday,False,Evening
1427,2026-00002219,1,University Park,02/19/2026 05:31 PM,02/19/2026 05:31 PM,02/19/2026 07:26 PM,Two vehicle accident with no injuries,NITTANY PARKING,2026-02-21 20:58:08,2026-02-19,2026,2,February,17,Thursday,False,Afternoon
1428,PSHI-2026-02-I-134052,1,University Park,02/19/2026 05:11 PM,02/19/2026 04:53 PM,,,Hershey - Dispatched To: HMC - Main Hospital - 4 > HMC - Main Hospital - 4,2026-02-21 20:58:08,2026-02-19,2026,2,February,17,Thursday,False,Afternoon
1429,2026-00002218,1,University Park,02/19/2026 04:53 PM,02/19/2026 04:53 PM,02/19/2026 05:36 PM,Employee reported concern for a student,STUDENT HEALTH CENTER,2026-02-21 20:58:08,2026-02-19,2026,2,February,16,Thursday,False,Afternoon
1430,PSHI-2026-02-I-134050,1,University Park,02/19/2026 04:51 PM,02/19/2026 04:27 PM,,,Hershey - Dispatched To: HMC - Emergency Department > HMC - Emergency Department,2026-02-21 20:58:08,2026-02-19,2026,2,February,16,Thursday,False,Afternoon
1431,PSHI-2026-02-I-134049,1,University Park,02/19/2026 04:10 PM,02/19/2026 03:39 PM,,,Hershey - Dispatched To: HMC - Ronald McDonald House > HMC - Ronald McDonald House,2026-02-21 20:58:08,2026-02-19,2026,2,February,16,Thursday,False,Afternoon
1432,26AB00057,2,Abington,02/19/2026 04:06 PM,02/19/2026 04:06 PM,02/19/2026 04:25 PM,Employee reported a fire alarm activation,LIONS GATE AT PENN STATE ABINGTON,2026-02-21 20:58:08,2026-02-19,2026,2,February,16,Thursday,False,Afternoon
1433,PSHI-2026-02-I-134045,1,University Park,02/19/2026 03:03 PM,02/19/2026 05:00 PM,,,Hershey - Dispatched To: HMC - Main Hospital - 1 - Cashier's Office > HMC - Main Hospital - 1 - Cashier's Office,2026-02-21 20:58:08,2026-02-19,2026,2,February,15,Thursday,False,Afternoon
1434,PSHI-2026-02-I-134044,1,University Park,02/19/2026 03:01 PM,02/19/2026 02:42 PM,,,Hershey - Dispatched To: COM - Basic Science - 1 > COM - Basic Science - 1,2026-02-21 20:58:08,2026-02-19,2026,2,February,15,Thursday,False,Afternoon
1435,26WS00008,22,Worthington Scranton,02/19/2026 03:00 PM,01/30/2026 07:00 AM,02/18/2026 04:53 PM,Employee reported damage to University property,BUSINESS BUILDING,2026-02-21 20:58:08,2026-02-19,2026,2,February,15,Thursday,False,Afternoon
1436,2026-00002216,1,University Park,02/19/2026 02:58 PM,02/19/2026 01:20 PM,02/19/2026 02:40 PM,Student reported the theft of their unsecured personal property,OSMOND LAB,2026-02-21 20:58:08,2026-02-19,2026,2,February,14,Thursday,False,Afternoon
1437,2026-00002215,1,University Park,02/19/2026 02:51 PM,02/19/2026 02:51 PM,02/19/2026 05:28 PM,Employee reported suspicious activity,GRANGE BLDG,2026-02-21 20:58:08,2026-02-19,2026,2,February,14,Thursday,False,Afternoon
1438,2026-00002208,1,University Park,02/19/2026 01:38 PM,02/13/2026 04:28 PM,02/13/2026 07:30 PM,Student reported the theft of their unsecured personal property,INTRAMURAL BLDG,2026-02-21 20:58:08,2026-02-19,2026,2,February,13,Thursday,False,Afternoon
1439,2026-00002213,1,University Park,02/19/2026 01:02 PM,02/19/2026 12:48 PM,02/19/2026 01:02 PM,Employee reported concern for a student,OSBORN HALL,2026-02-21 20:58:08,2026-02-19,2026,2,February,13,Thursday,False,Afternoon
1440,26HB00079,13,Harrisburg,02/19/2026 12:57 PM,01/05/2026 12:00 AM,02/19/2026 12:00 AM,Employee reported damage to University property,OLMSTED BUILDING,2026-02-21 20:58:08,2026-02-19,2026,2,February,12,Thursday,False,Afternoon
1441,2026-00002212,1,University Park,02/19/2026 12:20 PM,02/02/2026 12:00 AM,02/18/2026 11:59 PM,Student reported being harassed by another student,WARNOCK HALL,2026-02-21 20:58:08,2026-02-19,2026,2,February,12,Thursday,False,Afternoon
1442,2026-00002210,1,University Park,02/19/2026 12:00 PM,02/19/2026 12:00 PM,02/19/2026 01:00 PM,Officer conducted a security inspection,SNIDER AGRICULTURAL ARENA,2026-02-21 20:58:08,2026-02-19,2026,2,February,12,Thursday,False,Afternoon
1443,PSHI-2026-02-I-134033,1,University Park,02/19/2026 10:43 AM,,,,Hershey - Dispatched To: HMC - Main Hospital - 3 - Heart & Vascular Progressive Care - West (HVPCU) > HMC - Main Hospital - 3 - Heart & Vascular Progressive Care - West (HVPCU),2026-02-21 20:58:08,2026-02-19,2026,2,February,10,Thursday,False,Morning
1444,PSHI-2026-02-I-134030,1,University Park,02/19/2026 10:08 AM,02/19/2026 09:48 AM,,,Hershey - Dispatched To: HMC - Emergency Department > HMC - Emergency Department,2026-02-21 20:58:08,2026-02-19,2026,2,February,10,Thursday,False,Morning
1445,2026-00002205,1,University Park,02/19/2026 06:30 AM,02/19/2026 06:30 AM,02/19/2026 07:30 AM,Officer conducted a security inspection,NITTANY LION INN,2026-02-21 20:58:08,2026-02-19,2026,2,February,6,Thursday,False,Morning
1446,PSHI-2026-02-I-134022,1,University Park,02/19/2026 04:42 AM,02/19/2026 03:38 AM,,Assisted clinical staff with an agitated patient.,Hershey - Dispatched To: HMC - Main Hospital > HMC - Main Hospital,2026-02-21 20:58:08,2026-02-19,2026,2,February,4,Thursday,False,Late Night
1447,2026-00002202,1,University Park,02/19/2026 04:24 AM,02/19/2026 04:15 AM,02/19/2026 04:24 AM,Student reported another student engaged in disorderly behavior,STONE HALL,2026-02-21 20:58:08,2026-02-19,2026,2,February,4,Thursday,False,Late Night
1448,PSHI-2026-02-I-134021,1,University Park,02/19/2026 03:26 AM,02/19/2026 03:20 AM,,Visitor mismatch to the sex offender registry.,Hershey - Dispatched To: HMC - Children's Hospital > HMC - Children's Hospital,2026-02-21 20:58:08,2026-02-19,2026,2,February,3,Thursday,False,Late Night
1449,PSHI-2026-02-I-134017,1,University Park,02/19/2026 02:51 AM,,,Assisted clinical staff with agitated patient.,Hershey - Dispatched To: HMC - Main Hospital - 1 - Heart & Vascular Critical Care Unit East (HVCCU) > HMC - Main Hospital - 1 - Heart & Vascular Critical Care Unit East (HVCCU),2026-02-21 20:58:08,2026-02-19,2026,2,February,2,Thursday,False,Late Night
1450,PSHI-2026-02-I-134015,1,University Park,02/19/2026 01:50 AM,02/19/2026 01:14 AM,,Property related matter lost and found.,Hershey - Dispatched To: HMC - Emergency Department > HMC - Emergency Department,2026-02-21 20:58:08,2026-02-19,2026,2,February,1,Thursday,False,Late Night
1451,PSHI-2026-02-I-134013,1,University Park,02/18/2026 09:52 PM,02/18/2026 07:10 PM,,,Hershey - Dispatched To: HMC - Children's Hospital > HMC - Children's Hospital,2026-02-21 20:58:08,2026-02-18,2026,2,February,21,Wednesday,False,Evening
1452,PSHI-2026-02-I-134012,1,University Park,02/18/2026 09:08 PM,02/18/2026 06:21 PM,,,Hershey - Dispatched To: HMC - Main Hospital - 6 - MIMCU > HMC - Main Hospital - 6 - MIMCU,2026-02-21 20:58:08,2026-02-18,2026,2,February,21,Wednesday,False,Evening
1453,2026-00002174,1,University Park,02/18/2026 07:20 PM,02/16/2026 10:30 PM,02/17/2026 12:00 AM,Student reported a person trespassing inside a residence hall,PINCHOT HALL,2026-02-21 20:58:08,2026-02-18,2026,2,February,19,Wednesday,False,Evening
1454,26BK00034,4,Beaver,02/18/2026 07:07 PM,02/18/2026 07:07 PM,,Visitor reported a concern for another employee,29TH WAY N,2026-02-21 20:58:08,2026-02-18,2026,2,February,19,Wednesday,False,Evening
1455,PSHI-2026-02-I-134005,1,University Park,02/18/2026 04:22 PM,02/18/2026 04:03 PM,,,Hershey - Dispatched To: HMC - Main Hospital - 6 > HMC - Main Hospital - 6,2026-02-21 20:58:08,2026-02-18,2026,2,February,16,Wednesday,False,Afternoon
1456,26AB00056,2,Abington,02/18/2026 03:42 PM,02/18/2026 03:42 PM,02/18/2026 04:09 PM,Employee reported a fire alarm activation,LIONS GATE AT PENN STATE ABINGTON,2026-02-21 20:58:08,2026-02-18,2026,2,February,15,Wednesday,False,Afternoon
1457,PSHI-2026-02-I-134003,1,University Park,02/18/2026 03:41 PM,02/18/2026 03:10 PM,,Asssited LE with access to patient.,Hershey - Reported Location: HMC - Main Hospital - 1 - Security Operations Center,2026-02-21 20:58:08,2026-02-18,2026,2,February,15,Wednesday,False,Afternoon
1458,PSHI-2026-02-I-134001,1,University Park,02/18/2026 02:56 PM,02/18/2026 02:41 PM,,Team de-escalation plan for agitated patient.,Hershey - Dispatched To: HMC - Main Hospital - 6 > HMC - Main Hospital - 6,2026-02-21 20:58:08,2026-02-18,2026,2,February,14,Wednesday,False,Afternoon
1459,26BR00011,6,Berks,02/18/2026 01:30 PM,02/16/2026 12:00 AM,02/16/2026 11:59 PM,Employee reported unsafe conditions,LOT A - BEAVER,2026-02-21 20:58:08,2026-02-18,2026,2,February,13,Wednesday,False,Afternoon
1460,26BW00032,7,Brandywine,02/18/2026 01:15 PM,02/18/2026 01:15 PM,02/18/2026 01:22 PM,Employee reported a parking concern,COMMONS & ATHLETIC CENTER,2026-02-21 20:58:08,2026-02-18,2026,2,February,13,Wednesday,False,Afternoon
1461,26LV00004,16,Lehigh Valley,02/18/2026 12:15 PM,02/17/2026 12:00 AM,,Employee reported a concern for another student,LEHIGH VALLEY BLDG,2026-02-21 20:58:08,2026-02-18,2026,2,February,12,Wednesday,False,Afternoon
1462,2026-00002160,1,University Park,02/18/2026 11:46 AM,02/18/2026 11:46 AM,,Visitor reported suspicious activity,UNIVERSITY SUPPORT BLDG I,2026-02-21 20:58:08,2026-02-18,2026,2,February,11,Wednesday,False,Morning
1463,2026-00002159,1,University Park,02/18/2026 11:02 AM,02/17/2026 03:28 PM,02/17/2026 08:47 PM,Student reported the theft of unsecured personal property,BUS SHELTER MCCOY NATATORIUM,2026-02-21 20:58:08,2026-02-18,2026,2,February,11,Wednesday,False,Morning
1464,26AL00079,3,Altoona,02/18/2026 11:00 AM,02/13/2026 01:37 AM,02/13/2026 02:44 AM,Employee reported a student being harassed,OAK HALL,2026-02-21 20:58:08,2026-02-18,2026,2,February,11,Wednesday,False,Morning
1465,2026-00002158,1,University Park,02/18/2026 10:01 AM,02/18/2026 09:46 AM,02/18/2026 10:45 AM,Employee requested assistance with a personal matter,G THOMAS WATER TUNNEL,2026-02-21 20:58:08,2026-02-18,2026,2,February,10,Wednesday,False,Morning
1466,PSHI-2026-02-I-133990,1,University Park,02/18/2026 09:48 AM,02/18/2026 08:40 AM,,,Hershey - Dispatched To: HMC - Main Hospital > HMC - Main Hospital,2026-02-21 20:58:08,2026-02-18,2026,2,February,9,Wednesday,False,Morning
1467,PSHI-2026-02-I-133989,1,University Park,02/18/2026 09:23 AM,02/18/2026 07:30 AM,,Assisted clinical staff with agitated patient.,Hershey - Dispatched To: HMC - Main Hospital - 2 - PreOp\SameDay > HMC - Main Hospital - 2 - PreOp\SameDay,2026-02-21 20:58:08,2026-02-18,2026,2,February,9,Wednesday,False,Morning
1468,PSHI-2026-02-I-133985,1,University Park,02/18/2026 07:45 AM,02/18/2026 07:30 AM,,,Hershey - Dispatched To: HMC - Main Hospital - 4 - Acute Care > HMC - Main Hospital - 4 - Acute Care,2026-02-21 20:58:08,2026-02-18,2026,2,February,7,Wednesday,False,Morning
1469,PSHI-2026-02-I-133980,1,University Park,02/18/2026 06:19 AM,02/18/2026 06:16 AM,,,Hershey - Dispatched To: HMC - Main Hospital - 1 - Main Information Desk > HMC - Main Hospital - 1 - Main Information Desk,2026-02-21 20:58:08,2026-02-18,2026,2,February,6,Wednesday,False,Morning
1470,PSHI-2026-02-I-133979,1,University Park,02/18/2026 02:48 AM,02/18/2026 01:17 AM,,,Hershey - Dispatched To: HMC - Main Hospital > HMC - Main Hospital,2026-02-21 20:58:08,2026-02-18,2026,2,February,2,Wednesday,False,Late Night
1471,26SL00016,19,Schuylkill,02/17/2026 09:13 PM,02/17/2026 09:13 PM,02/17/2026 09:30 PM,Assisted an outside law enforcement agency with an investigation,ST JOHN ST,2026-02-21 20:58:08,2026-02-17,2026,2,February,21,Tuesday,False,Evening
1472,26HB00085,13,Harrisburg,02/17/2026 06:58 PM,02/17/2026 06:58 PM,02/17/2026 07:45 PM,Assisted the ambulance with a medical emergency,CAPITAL UNION BUILDING,2026-02-21 20:58:08,2026-02-17,2026,2,February,18,Tuesday,False,Evening
1473,26AL00078,3,Altoona,02/17/2026 06:47 PM,02/17/2026 06:47 PM,,Student reported suspicious activity,SLEP STUDENT CENTER,2026-02-21 20:58:08,2026-02-17,2026,2,February,18,Tuesday,False,Evening
1474,26BR00010,6,Berks,02/17/2026 02:00 PM,02/17/2026 01:58 PM,,Student reported a two vehicle crash with no injuries,HARMONY HALL LOT - BEAVER,2026-02-21 20:58:08,2026-02-17,2026,2,February,14,Tuesday,False,Afternoon
1475,26AL00077,3,Altoona,02/17/2026 01:30 PM,02/17/2026 01:30 PM,,Employee reported a two vehicle crash with no injuries,SLEP LOT - YSL - ALTOONA,2026-02-21 20:58:08,2026-02-17,2026,2,February,13,Tuesday,False,Afternoon
1476,26HB00083,13,Harrisburg,02/17/2026 01:00 PM,02/13/2026 11:00 AM,02/13/2026 11:01 AM,Student reported a hit and run vehicle crash,OLMSTED PARKING LOT - HARRISBURG,2026-02-21 20:58:08,2026-02-17,2026,2,February,13,Tuesday,False,Afternoon
1477,26WS00007,22,Worthington Scranton,02/17/2026 11:55 AM,02/17/2026 11:49 AM,02/17/2026 11:50 AM,Student reported damage to their privately owned vehicle,BB02 LOT - SCRANTON,2026-02-21 20:58:08,2026-02-17,2026,2,February,11,Tuesday,False,Morning
1478,26BR00009,6,Berks,02/17/2026 11:06 AM,02/17/2026 11:06 AM,,Employee reported a concern for another person,UNIVERSITY DR,2026-02-21 20:58:08,2026-02-17,2026,2,February,11,Tuesday,False,Morning
1479,26AL00076,3,Altoona,02/17/2026 09:20 AM,02/17/2026 09:20 AM,,Assisted an outside law enforcement agency with an investigation,POPLAR BLDG,2026-02-21 20:58:08,2026-02-17,2026,2,February,9,Tuesday,False,Morning
1480,26BW00042,7,Brandywine,02/16/2026 11:21 PM,02/16/2026 11:21 PM,02/16/2026 11:37 PM,Employee reported an intrusion alarm activation,EDWARD S J TOMEZSKO CLASSROOM BUILDING,2026-02-21 20:58:08,2026-02-16,2026,2,February,23,Monday,False,Late Night
1481,26ER00051,5,Erie (Behrend),02/16/2026 09:43 PM,02/16/2026 09:43 PM,02/16/2026 10:15 PM,Student reported suspicious activity,REED BUILDING,2026-02-21 20:58:08,2026-02-16,2026,2,February,21,Monday,False,Evening
1482,26HB00082,13,Harrisburg,02/16/2026 03:42 PM,02/16/2026 03:42 PM,02/16/2026 04:00 PM,Student reported accidental damage to a privately owned vehicle,EAB LOT - HARRISBURG,2026-02-21 20:58:08,2026-02-16,2026,2,February,15,Monday,False,Afternoon
1483,26ER00050,5,Erie (Behrend),02/16/2026 03:20 PM,02/16/2026 03:15 PM,02/16/2026 03:30 PM,Employee reported a concern for a visitor,REED LOT - ERIE,2026-02-21 20:58:08,2026-02-16,2026,2,February,15,Monday,False,Afternoon
1484,26BW00039,7,Brandywine,02/16/2026 11:05 AM,02/15/2026 12:01 AM,,Student reported they were indecently assaulted by a known person in a residence hall,RESIDENCE HALL,2026-02-21 20:58:08,2026-02-16,2026,2,February,11,Monday,False,Morning
1485,26BW00040,7,Brandywine,02/16/2026 11:05 AM,02/15/2026 12:00 AM,,Student reported being harassed,ORCHARD HALL,2026-02-21 20:58:08,2026-02-16,2026,2,February,11,Monday,False,Morning
1486,26SH00001,20,Shenango,02/16/2026 09:45 AM,02/16/2026 09:45 AM,,Employee requested assistance with an administrative matter,SHARON HALL,2026-02-21 20:58:08,2026-02-16,2026,2,February,9,Monday,False,Morning
1487,26HB00081,13,Harrisburg,02/16/2026 09:30 AM,02/16/2026 09:30 AM,02/16/2026 09:45 AM,Employee reported abandoned property,OLMSTED DRIVE LOT - HARRISBURG,2026-02-21 20:58:08,2026-02-16,2026,2,February,9,Monday,False,Morning
1488,26ER00049,5,Erie (Behrend),02/15/2026 08:15 PM,02/15/2026 08:15 PM,02/15/2026 09:12 PM,Employee reported a fire alarm activation,VARIOUS ON-CAMPUS BUILDINGS AND RESIDENCE HALLS,2026-02-21 20:58:08,2026-02-15,2026,2,February,20,Sunday,True,Evening
1489,26AL00075,3,Altoona,02/15/2026 07:08 PM,02/15/2026 07:00 PM,02/15/2026 07:08 PM,Student reported being physically assaulted by a known person,SPRUCE HALL,2026-02-21 20:58:08,2026-02-15,2026,2,February,19,Sunday,True,Evening
1490,26BW00038,7,Brandywine,02/15/2026 10:25 AM,02/15/2026 10:25 AM,,Student requested assistance with a personal matter,ORCHARD HALL,2026-02-21 20:58:08,2026-02-15,2026,2,February,10,Sunday,True,Morning
1491,26HB00078,13,Harrisburg,02/15/2026 09:45 AM,12/31/2025 12:00 AM,02/15/2026 09:45 AM,Student reported being harassed,MAHANOY HOUSE,2026-02-21 20:58:08,2026-02-15,2026,2,February,9,Sunday,True,Morning
1492,26HB00077,13,Harrisburg,02/14/2026 10:04 PM,02/14/2026 10:04 PM,02/14/2026 10:14 PM,Student reported being harassed,MAHANOY HOUSE,2026-02-21 20:58:08,2026-02-14,2026,2,February,22,Saturday,True,Late Night
1493,26ER00048,5,Erie (Behrend),02/14/2026 09:03 PM,02/14/2026 09:03 PM,02/14/2026 09:30 PM,Student reported a suspicious odor,NIAGARA HALL,2026-02-21 20:58:08,2026-02-14,2026,2,February,21,Saturday,True,Evening
1494,26BW00037,7,Brandywine,02/14/2026 04:57 PM,02/14/2026 04:57 PM,02/14/2026 05:58 PM,Employee reported disorderly persons,COMMONS & ATHLETIC CENTER,2026-02-21 20:58:08,2026-02-14,2026,2,February,16,Saturday,True,Afternoon
1495,26AL00074,3,Altoona,02/14/2026 02:55 PM,02/14/2026 02:55 PM,02/14/2026 04:40 PM,Visitor reported a concern for a student,SPRUCE HALL,2026-02-21 20:58:08,2026-02-14,2026,2,February,14,Saturday,True,Afternoon
1496,26BW00041,7,Brandywine,02/14/2026 10:56 AM,02/16/2026 10:56 AM,,Student reported they were indecently assaulted by a known person in a residencehall,RESIDENCE HALL,2026-02-21 20:58:08,2026-02-14,2026,2,February,10,Saturday,True,Morning
1497,26AL00073,3,Altoona,02/14/2026 09:29 AM,02/13/2026 05:00 PM,02/13/2026 09:29 AM,Employee reported damage to University property,OAK HALL,2026-02-21 20:58:08,2026-02-14,2026,2,February,9,Saturday,True,Morning
1498,26MA00003,17,Mont Alto,02/14/2026 06:01 AM,02/14/2026 05:26 AM,02/14/2026 05:29 AM,Student reported the theft of their unattended personal property,MONT ALTO HALL,2026-02-21 20:58:08,2026-02-14,2026,2,February,6,Saturday,True,Morning
1499,26SL00017,19,Schuylkill,02/14/2026 02:06 AM,02/14/2026 02:06 AM,02/14/2026 02:38 AM,Assisted a student with a personal matter,STUDENT PARKING LOT - SCHUYLKILL,2026-02-21 20:58:08,2026-02-14,2026,2,February,2,Saturday,True,Late Night
1500,26BW00036,7,Brandywine,02/13/2026 06:16 PM,02/13/2026 05:40 PM,02/13/2026 06:16 PM,Assisted the ambulance with a medical emergency,ORCHARD HALL,2026-02-21 20:58:08,2026-02-13,2026,2,February,18,Friday,False,Evening
1501,26WS00006,22,Worthington Scranton,02/13/2026 10:20 AM,02/13/2026 10:20 AM,02/13/2026 11:30 AM,Employee requested assistance in locating another employee,CAMAC AVE,2026-02-21 20:58:08,2026-02-13,2026,2,February,10,Friday,False,Morning
1502,26BW00035,7,Brandywine,02/13/2026 09:19 AM,02/13/2026 09:19 AM,02/13/2026 10:17 AM,Employee reported suspicious activity,EDWARD S J TOMEZSKO CLASSROOM BUILDING,2026-02-21 20:58:08,2026-02-13,2026,2,February,9,Friday,False,Morning
1503,26BW00034,7,Brandywine,02/13/2026 05:34 AM,02/13/2026 05:34 AM,02/13/2026 05:42 AM,Employee reported an intrusion alarm activation,MAIN BUILDING,2026-02-21 20:58:08,2026-02-13,2026,2,February,5,Friday,False,Late Night
1504,26ER00047,5,Erie (Behrend),02/13/2026 12:00 AM,02/13/2026 12:00 AM,,Student reported a suspicious odor,NIAGARA HALL,2026-02-21 20:58:08,2026-02-13,2026,2,February,0,Friday,False,Late Night
1505,26BW00033,7,Brandywine,02/12/2026 02:03 PM,02/12/2026 02:03 PM,,Student reported suspicious person,COMMONS & ATHLETIC CENTER,2026-02-21 20:58:08,2026-02-12,2026,2,February,14,Thursday,False,Afternoon
1506,26HB00073,13,Harrisburg,02/12/2026 01:41 PM,02/11/2026 03:30 PM,02/11/2026 04:00 PM,Employee reported a concern for another employee,OLMSTED BUILDING,2026-02-21 20:58:08,2026-02-12,2026,2,February,13,Thursday,False,Afternoon
1507,26AL00072,3,Altoona,02/12/2026 12:05 PM,02/12/2026 12:05 PM,,Employee reported suspicious activity,PORT SKY CAFE,2026-02-21 20:58:08,2026-02-12,2026,2,February,12,Thursday,False,Afternoon
1508,26BR00008,6,Berks,02/12/2026 02:49 AM,02/12/2026 02:49 AM,02/12/2026 03:00 AM,Student reported a concern for another student,HARMONY HALL,2026-02-21 20:58:08,2026-02-12,2026,2,February,2,Thursday,False,Late Night
1509,26AL00071,3,Altoona,02/12/2026 12:48 AM,02/12/2026 12:48 AM,,Assisted the ambulance with a medical emergency,OAK HALL,2026-02-21 20:58:08,2026-02-12,2026,2,February,0,Thursday,False,Late Night
1510,26MA00002,17,Mont Alto,02/11/2026 12:05 PM,02/09/2026 07:40 PM,02/10/2026 12:35 AM,Employee requested assistance with an administrative matter,MULTI-PURPOSE ACTIVITIES CENTER,2026-02-21 20:58:08,2026-02-11,2026,2,February,12,Wednesday,False,Afternoon
1511,26HN00017,15,Hershey,02/24/2026 04:25 AM,02/24/2026 04:25 AM,02/24/2025 04:50 AM,Employee reported an intrusion alarm activation,DINING HALL,2026-02-25 02:54:48,2026-02-24,2026,2,February,4,Tuesday,False,Late Night
1512,2026-00002453,1,University Park,02/24/2026 03:20 AM,12/25/2025 12:00 AM,02/24/2026 03:20 AM,Student reported being harassed,SOUTH HALLS RESIDENCE COMPLEX,2026-02-25 02:54:48,2026-02-24,2026,2,February,3,Tuesday,False,Late Night
1513,26AB00072,2,Abington,02/24/2026 02:30 AM,02/24/2026 02:25 AM,02/24/2026 03:00 AM,Employee reported a fire alarm activation,LIONS GATE AT PENN STATE ABINGTON,2026-02-25 02:54:48,2026-02-24,2026,2,February,2,Tuesday,False,Late Night
1514,2026-00002439,1,University Park,02/23/2026 10:53 PM,02/23/2026 10:53 PM,02/23/2026 11:00 PM,Employee reported a suspicious odor,STONE HALL,2026-02-25 02:54:48,2026-02-23,2026,2,February,22,Monday,False,Late Night
1515,2026-00002438,1,University Park,02/23/2026 10:10 PM,02/22/2026 06:58 PM,,Student reported being harassed,BRUMBAUGH HALL,2026-02-25 02:54:48,2026-02-23,2026,2,February,22,Monday,False,Late Night
1516,2026-00002432,1,University Park,02/23/2026 08:53 PM,02/23/2026 08:53 PM,02/23/2026 09:15 PM,Employee reported a suspcious vehicle,EAST PARKING DECK,2026-02-25 02:54:48,2026-02-23,2026,2,February,20,Monday,False,Evening
1517,26BK00040,4,Beaver,02/23/2026 05:46 PM,02/23/2026 05:46 PM,02/23/2026 05:58 PM,,OAKMOSS HALL,2026-02-25 02:54:48,2026-02-23,2026,2,February,17,Monday,False,Afternoon
1518,26ER00054,5,Erie (Behrend),02/23/2026 05:20 PM,02/13/2026 06:00 PM,02/20/2026 10:00 PM,Student reported the theft of their unattended personal property,NIAGARA HALL,2026-02-25 02:54:48,2026-02-23,2026,2,February,17,Monday,False,Afternoon
1519,26AL00091,3,Altoona,02/23/2026 03:26 PM,02/23/2026 03:26 PM,02/23/2026 04:00 PM,Assisted an outside law enforcement agency with an investigation,PARKSIDE DR,2026-02-25 02:54:48,2026-02-23,2026,2,February,15,Monday,False,Afternoon
1520,2026-00002417,1,University Park,02/23/2026 02:18 PM,02/23/2026 02:00 PM,02/23/2026 02:15 PM,Employee reported a two vehicle crash with no injuries,EAST PARKING DECK,2026-02-25 02:54:48,2026-02-23,2026,2,February,14,Monday,False,Afternoon
1521,26AL00090,3,Altoona,02/23/2026 12:45 PM,02/22/2026 11:47 PM,02/22/2023 11:48 PM,Employee reported suspicious activity,HAWTHORN LOT - ALTOONA,2026-02-25 02:54:48,2026-02-23,2026,2,February,12,Monday,False,Afternoon
1522,2026-00002416,1,University Park,02/23/2026 12:21 PM,02/23/2026 12:21 PM,02/23/2026 01:10 PM,Visitor requested assistance in locating a student,MCELWAIN HALL,2026-02-25 02:54:48,2026-02-23,2026,2,February,12,Monday,False,Afternoon
1523,26AL00089,3,Altoona,02/23/2026 12:19 PM,02/22/2026 04:15 PM,02/22/2026 06:30 PM,Student reported suspicious persons,OAK HALL,2026-02-25 02:54:48,2026-02-23,2026,2,February,12,Monday,False,Afternoon
1524,26HB00088,13,Harrisburg,02/23/2026 11:52 AM,02/20/2026 05:00 PM,02/23/2026 11:30 AM,Employee reported suspicious activity,OLMSTED BUILDING,2026-02-25 02:54:48,2026-02-23,2026,2,February,11,Monday,False,Morning
1525,2026-00002410,1,University Park,02/23/2026 09:43 AM,02/23/2026 07:03 AM,02/23/2026 07:04 AM,Employee reported a one vehicle crash with no injuries,HUB PARKING DECK,2026-02-25 02:54:48,2026-02-23,2026,2,February,9,Monday,False,Morning
1526,26SH00002,20,Shenango,02/23/2026 09:24 AM,02/23/2026 09:15 AM,,Employee requested assistance with an administrative matter,BLACK AND BASHORE BUILDING SIDEWALK AREA,2026-02-25 02:54:48,2026-02-23,2026,2,February,9,Monday,False,Morning
1527,2026-00002409,1,University Park,02/23/2026 09:11 AM,02/23/2026 06:00 AM,02/23/2026 09:00 AM,Assisted the ambulance with a medical emergency,HAFFNER HALL,2026-02-25 02:54:48,2026-02-23,2026,2,February,9,Monday,False,Morning
1528,2026-00002407,1,University Park,02/23/2026 08:43 AM,02/21/2026 12:00 AM,02/21/2026 04:00 PM,Employee reported suspcious activity,EAST PARKING DECK,2026-02-25 02:54:48,2026-02-23,2026,2,February,8,Monday,False,Morning
1529,26AL00088,3,Altoona,02/23/2026 12:47 AM,02/23/2026 12:47 AM,02/23/2026 03:00 AM,Students found in possession of marijuana and drug paraphernalia,OAK HALL,2026-02-25 02:54:48,2026-02-23,2026,2,February,0,Monday,False,Late Night
1530,2026-00002397,1,University Park,02/23/2026 12:05 AM,02/22/2026 11:49 PM,02/23/2026 12:05 AM,Employee reported a hit and run crash,HUB PARKING DECK,2026-02-25 02:54:48,2026-02-23,2026,2,February,0,Monday,False,Late Night
1531,26HB00087,13,Harrisburg,02/22/2026 11:42 PM,02/22/2026 11:42 PM,02/22/2026 11:55 PM,Employee reported a fire alarm activation,FALCON HALL,2026-02-25 02:54:48,2026-02-22,2026,2,February,23,Sunday,True,Late Night
1532,PSHI-2026-02-I-134166,1,University Park,02/22/2026 11:08 PM,02/22/2026 10:34 PM,,,Hershey - Dispatched To: HMC - Main Hospital - 4 - Acute Care > HMC - Main Hospital - 4 - Acute Care,2026-02-25 02:54:48,2026-02-22,2026,2,February,23,Sunday,True,Late Night
1533,PSHI-2026-02-I-134165,1,University Park,02/22/2026 11:07 PM,02/22/2026 08:51 PM,,,Hershey - Dispatched To: HMC - Main Hospital > HMC - Main Hospital,2026-02-25 02:54:48,2026-02-22,2026,2,February,23,Sunday,True,Late Night
1534,26ER00053,5,Erie (Behrend),02/22/2026 09:25 PM,02/22/2026 09:25 PM,02/22/2026 10:30 PM,Student reported a suspicious person,SENAT HALL,2026-02-25 02:54:48,2026-02-22,2026,2,February,21,Sunday,True,Evening
1535,26AB00061,2,Abington,02/22/2026 09:00 PM,02/22/2026 08:50 PM,02/22/2026 08:55 PM,Employee reported afire alarm activation,LIONS GATE AT PENN STATE ABINGTON,2026-02-25 02:54:48,2026-02-22,2026,2,February,21,Sunday,True,Evening
1536,26AL00087,3,Altoona,02/22/2026 07:25 PM,02/22/2026 07:25 PM,02/22/2026 07:40 PM,Student reported a concern for another student,OAK HALL,2026-02-25 02:54:48,2026-02-22,2026,2,February,19,Sunday,True,Evening
1537,2026-00002379,1,University Park,02/22/2026 06:34 PM,02/22/2026 06:34 PM,02/22/2026 07:50 PM,Assisted the fire department with a reported smoke condition,BEAM HALL,2026-02-25 02:54:48,2026-02-22,2026,2,February,18,Sunday,True,Evening
1538,26AL00086,3,Altoona,02/22/2026 05:50 PM,02/20/2026 12:00 PM,02/21/2026 08:30 PM,Student reported damage to their personally owned vehicle,MAPLE LOT - GMA - ALTOONA,2026-02-25 02:54:48,2026-02-22,2026,2,February,17,Sunday,True,Afternoon
1539,PSHI-2026-02-I-134161,1,University Park,02/22/2026 04:25 PM,02/22/2026 02:08 PM,,Assisted clinical staff with agitated patient.,Hershey - Dispatched To: HMC - Children's Hospital - 3 > HMC - Children's Hospital - 3,2026-02-25 02:54:48,2026-02-22,2026,2,February,16,Sunday,True,Afternoon
1540,PSHI-2026-02-I-134160,1,University Park,02/22/2026 04:09 PM,02/22/2026 03:39 PM,,Assisted clinical staff with agitated patient.,Hershey - Dispatched To: HMC - Emergency Department > HMC - Emergency Department,2026-02-25 02:54:48,2026-02-22,2026,2,February,16,Sunday,True,Afternoon
1541,PSHI-2026-02-I-134155,1,University Park,02/22/2026 02:47 PM,02/22/2026 01:43 PM,,,Hershey - Dispatched To: HMC - Emergency Department > HMC - Emergency Department,2026-02-25 02:54:48,2026-02-22,2026,2,February,14,Sunday,True,Afternoon
1542,26AB00060,2,Abington,02/22/2026 02:10 PM,02/22/2026 02:10 PM,02/22/2026 02:40 PM,Employee reported a fire alarm activation,LIONS GATE AT PENN STATE ABINGTON,2026-02-25 02:54:48,2026-02-22,2026,2,February,14,Sunday,True,Afternoon
1543,26AL00085,3,Altoona,02/22/2026 02:08 PM,02/22/2026 02:08 PM,02/22/2026 02:24 PM,Assisted an outside law enforcement agency with an investigation,JUNIATA GAP RD & BECKERS LN,2026-02-25 02:54:48,2026-02-22,2026,2,February,14,Sunday,True,Afternoon
1544,26SL00020,19,Schuylkill,02/22/2026 01:48 PM,02/22/2026 01:48 PM,02/22/2026 02:00 PM,Employee reported a University policy violation,HEALTH & WELLNESS BUILDING,2026-02-25 02:54:48,2026-02-22,2026,2,February,13,Sunday,True,Afternoon
1545,2026-00002365,1,University Park,02/22/2026 01:03 PM,01/22/2026 12:00 AM,02/22/2026 01:03 PM,Student reported being harassed,DEIKE BLDG,2026-02-25 02:54:48,2026-02-22,2026,2,February,13,Sunday,True,Afternoon
1546,26AL00084,3,Altoona,02/22/2026 12:00 PM,02/22/2026 12:00 PM,02/22/2026 12:21 PM,Assisted an outside law enforcement agency with an investigation,CAMPUS VIEW DR,2026-02-25 02:54:48,2026-02-22,2026,2,February,12,Sunday,True,Afternoon
1547,2026-00002358,1,University Park,02/22/2026 07:01 AM,02/22/2026 06:55 AM,02/22/2026 07:01 AM,Employee reported a one vehicle crash with no injuries,NITTANY PARKING,2026-02-25 02:54:48,2026-02-22,2026,2,February,7,Sunday,True,Morning
1548,PSHI-2026-02-I-134146,1,University Park,02/22/2026 05:44 AM,02/22/2026 05:05 AM,,Assisted clinical staff with agitated patient.,Hershey - Dispatched To: HMC - Main Hospital - 3 - Acute Care Medical Oncology       > HMC - Main Hospital - 3 - Acute Care Medical Oncology,2026-02-25 02:54:48,2026-02-22,2026,2,February,5,Sunday,True,Late Night
1549,PSHI-2026-02-I-134145,1,University Park,02/22/2026 05:38 AM,02/22/2026 04:59 AM,,,Hershey - Dispatched To: HMC - Main Hospital - 4 - Acute Care > HMC - Main Hospital - 4 - Acute Care,2026-02-25 02:54:48,2026-02-22,2026,2,February,5,Sunday,True,Late Night
1550,26SL00019,19,Schuylkill,02/22/2026 03:40 AM,02/22/2026 03:30 AM,02/22/2026 03:40 AM,Assisted an outside law enforcement agency with an investigation,DOCK ST,2026-02-25 02:54:48,2026-02-22,2026,2,February,3,Sunday,True,Late Night
1551,PSHI-2026-02-I-134144,1,University Park,02/22/2026 03:05 AM,02/22/2026 02:13 AM,,Assisted clinical staff with moving a patient.,Hershey - Dispatched To: HMC - Emergency Department > HMC - Emergency Department,2026-02-25 02:54:48,2026-02-22,2026,2,February,3,Sunday,True,Late Night
1552,2026-00002352,1,University Park,02/22/2026 02:19 AM,02/22/2026 02:00 AM,02/22/2026 02:19 AM,Student reported a hit and run crash,MCKEAN RD,2026-02-25 02:54:48,2026-02-22,2026,2,February,2,Sunday,True,Late Night
1553,2026-00002349,1,University Park,02/22/2026 01:05 AM,02/22/2026 01:02 AM,02/22/2026 01:49 AM,Assisted ambulance with a medical emergency,MCKEE HALL,2026-02-25 02:54:48,2026-02-22,2026,2,February,1,Sunday,True,Late Night
1554,2026-00002350,1,University Park,02/22/2026 12:56 AM,02/22/2026 12:56 AM,02/22/2026 01:15 AM,Underage student observed highly intoxicated and transported to the hospital,STUART HALL,2026-02-25 02:54:48,2026-02-22,2026,2,February,0,Sunday,True,Late Night
1555,PSHI-2026-02-I-134140,1,University Park,02/22/2026 12:35 AM,02/21/2026 10:32 PM,,,Hershey - Dispatched To: HMC - Main Hospital > HMC - Main Hospital,2026-02-25 02:54:48,2026-02-22,2026,2,February,0,Sunday,True,Late Night
1556,PSHI-2026-02-I-134139,1,University Park,02/21/2026 11:20 PM,02/21/2026 10:15 PM,,Assisted clinical staff with property damage.,Hershey - Dispatched To: HMC - Main Hospital - 6 - Acute Care > HMC - Main Hospital - 6 - Acute Care,2026-02-25 02:54:48,2026-02-21,2026,2,February,23,Saturday,True,Late Night
1557,PSHI-2026-02-I-134138,1,University Park,02/21/2026 11:08 PM,02/21/2026 10:48 PM,,Assisted clinical staff with agitated patient.,Hershey - Dispatched To: HMC - Emergency Department > HMC - Emergency Department,2026-02-25 02:54:48,2026-02-21,2026,2,February,23,Saturday,True,Late Night
1558,PSHI-2026-02-I-134137,1,University Park,02/21/2026 10:31 PM,02/21/2026 09:49 PM,,Assisted clinical staff with agitated patient.,Hershey - Dispatched To: HMC - Main Hospital > HMC - Main Hospital,2026-02-25 02:54:48,2026-02-21,2026,2,February,22,Saturday,True,Late Night
1559,26BR00013,6,Berks,02/21/2026 10:21 PM,02/21/2026 10:21 PM,02/21/2026 10:54 PM,Assisted the ambulance with a medical emergency,HARMONY HALL,2026-02-25 02:54:48,2026-02-21,2026,2,February,22,Saturday,True,Late Night
1560,PSHI-2026-02-I-134136,1,University Park,02/21/2026 09:59 PM,02/17/2026 02:00 AM,,Investigate suspicious activity.,Hershey - Reported Location: HMC - Main Hospital - 1,2026-02-25 02:54:48,2026-02-21,2026,2,February,21,Saturday,True,Evening
1561,26AL00083,3,Altoona,02/21/2026 09:30 PM,02/21/2026 08:20 PM,02/21/2026 11:20 PM,A vehicle stop investigation revealed the operator to be driving under the influence of alcohol,POPLAR LOT - BPO - ALTOONA,2026-02-25 02:54:48,2026-02-21,2026,2,February,21,Saturday,True,Evening
1562,26ER00052,5,Erie (Behrend),02/21/2026 09:00 PM,02/20/2026 03:30 PM,02/20/2026 11:00 PM,Student reported the theft of their unattended personal property,ALMY HALL,2026-02-25 02:54:48,2026-02-21,2026,2,February,21,Saturday,True,Evening
1563,PSHI-2026-02-I-134134,1,University Park,02/21/2026 08:03 PM,02/21/2026 06:27 PM,,Assisted clinical staff with agitated patient.,Hershey - Dispatched To: HMC - Emergency Department > HMC - Emergency Department,2026-02-25 02:54:48,2026-02-21,2026,2,February,20,Saturday,True,Evening
1564,2026-00002332,1,University Park,02/21/2026 08:00 PM,02/21/2026 08:00 PM,,Conducted a background investigation for a ride-along,UNIVERSITY SUPPORT BLDG I,2026-02-25 02:54:48,2026-02-21,2026,2,February,20,Saturday,True,Evening
1565,26SL00018,19,Schuylkill,02/21/2026 05:30 PM,02/21/2026 01:42 PM,02/21/2026 01:43 PM,Employee reported accidental damage to University property,UNIVERISITY DR,2026-02-25 02:54:48,2026-02-21,2026,2,February,17,Saturday,True,Afternoon
1566,26AB00059,2,Abington,02/21/2026 04:43 PM,02/21/2026 04:43 PM,02/21/2026 05:03 PM,Employee reported a fire alarm activation,LIONS GATE AT PENN STATE ABINGTON,2026-02-25 02:54:48,2026-02-21,2026,2,February,16,Saturday,True,Afternoon
1567,PSHI-2026-02-I-134123,1,University Park,02/21/2026 04:29 PM,,,,Hershey - Dispatched To: HMC - Main Hospital > HMC - Main Hospital,2026-02-25 02:54:48,2026-02-21,2026,2,February,16,Saturday,True,Afternoon
1568,PSHI-2026-02-I-134122,1,University Park,02/21/2026 03:32 PM,02/21/2026 02:59 PM,,Visitor issue.,Hershey - Dispatched To: HMC - Main Hospital > HMC - Main Hospital,2026-02-25 02:54:48,2026-02-21,2026,2,February,15,Saturday,True,Afternoon
1569,PSHI-2026-02-I-134121,1,University Park,02/21/2026 03:12 PM,02/21/2026 02:00 PM,,Assisted clinical staff with agitated visitor.,Hershey - Dispatched To: HMC - Children's Hospital - 7 > HMC - Children's Hospital - 7,2026-02-25 02:54:48,2026-02-21,2026,2,February,15,Saturday,True,Afternoon
1570,PSHI-2026-02-I-134120,1,University Park,02/21/2026 03:05 PM,02/21/2026 02:50 PM,,Assisted visitor with return of personal property.,Hershey - Dispatched To: HMC - Main Hospital > HMC - Main Hospital,2026-02-25 02:54:48,2026-02-21,2026,2,February,15,Saturday,True,Afternoon
1571,26BR00012,6,Berks,02/21/2026 02:06 PM,02/21/2026 02:06 PM,02/21/2026 02:11 PM,Employee reported suspicious activity,UNIVERSITY DR,2026-02-25 02:54:48,2026-02-21,2026,2,February,14,Saturday,True,Afternoon
1572,26BK00037,4,Beaver,02/21/2026 12:45 PM,02/21/2026 07:00 AM,02/21/2026 12:45 PM,Employee reported a parking concern,CLARY DR,2026-02-25 02:54:48,2026-02-21,2026,2,February,12,Saturday,True,Afternoon
1573,2026-00002307,1,University Park,02/21/2026 10:12 AM,02/21/2026 10:00 AM,02/21/2026 10:15 AM,Employee reported loud music,IKENBERRY HALL,2026-02-25 02:54:48,2026-02-21,2026,2,February,10,Saturday,True,Morning
1574,26HB00086,13,Harrisburg,02/21/2026 10:08 AM,02/21/2026 10:08 AM,02/21/2026 10:25 AM,Assisted an outside law enforcement agency with an investigation,W MAIN ST,2026-02-25 02:54:48,2026-02-21,2026,2,February,10,Saturday,True,Morning
1575,PSHI-2026-02-I-134112,1,University Park,02/21/2026 08:42 AM,02/21/2026 08:35 AM,,Assisted clinical staff with agitated visitor.,Hershey - Dispatched To: HMC - Emergency Department > HMC - Emergency Department,2026-02-25 02:54:48,2026-02-21,2026,2,February,8,Saturday,True,Morning
1576,PSHI-2026-02-I-134110,1,University Park,02/21/2026 05:29 AM,02/21/2026 04:17 AM,,Assisted clinical staff with agitated patient.,Hershey - Dispatched To: HMC - Emergency Department > HMC - Emergency Department,2026-02-25 02:54:48,2026-02-21,2026,2,February,5,Saturday,True,Late Night
1577,2026-00002303,1,University Park,02/21/2026 04:03 AM,02/20/2026 11:45 PM,02/21/2026 03:45 AM,Student reported accidental damage to personal property,STADIUM WEST (SMALL LOT) LOT,2026-02-25 02:54:48,2026-02-21,2026,2,February,4,Saturday,True,Late Night
1578,2026-00002301,1,University Park,02/21/2026 02:12 AM,02/21/2026 02:12 AM,02/21/2026 02:31 AM,A vehicle stop investigation revealed the operator to be driving under the influence of alcohol,N ATHERTON ST & CURTIN RD,2026-02-25 02:54:48,2026-02-21,2026,2,February,2,Saturday,True,Late Night
1579,26AL00082,3,Altoona,02/21/2026 02:09 AM,02/21/2026 02:09 AM,02/21/2026 02:38 AM,Underage student observed highly intoxicated,CEDAR HALL,2026-02-25 02:54:48,2026-02-21,2026,2,February,2,Saturday,True,Late Night
1580,26AL00081,3,Altoona,02/21/2026 01:13 AM,02/21/2026 01:13 AM,02/21/2026 01:47 AM,Assisted an outside law enforcement agency with an investigation,GWIN RD,2026-02-25 02:54:48,2026-02-21,2026,2,February,1,Saturday,True,Late Night
1581,2026-00002299,1,University Park,02/21/2026 01:10 AM,02/21/2026 01:05 AM,02/21/2026 01:18 AM,"Resident Assistant reported the odor of marijuana, origin not located",PENNYPACKER HALL,2026-02-25 02:54:48,2026-02-21,2026,2,February,1,Saturday,True,Late Night
1582,2026-00002294,1,University Park,02/21/2026 12:22 AM,02/21/2026 12:15 AM,02/21/2026 12:22 AM,Student reported accidental damage to University property,GEARY HALL,2026-02-25 02:54:48,2026-02-21,2026,2,February,0,Saturday,True,Late Night
1583,PSHI-2026-02-I-134105,1,University Park,02/21/2026 12:08 AM,02/20/2026 11:30 PM,,,Hershey - Dispatched To: HMC - 30 Hope Drive - 1 - Radiology East > HMC - 30 Hope Drive - 1 - Radiology East,2026-02-25 02:54:48,2026-02-21,2026,2,February,0,Saturday,True,Late Night
1584,2026-00002289,1,University Park,02/20/2026 11:24 PM,02/20/2026 11:24 PM,02/20/2026 11:32 PM,Assisted an outside law enforcement agency with an investigation,DEANS WAY,2026-02-25 02:54:48,2026-02-20,2026,2,February,23,Friday,False,Late Night
1585,26AL00080,3,Altoona,02/20/2026 11:08 PM,02/20/2026 11:08 PM,02/20/2026 11:18 PM,Assisted an outside law enforcement agency with an investigation,N 8TH ST & N 3RD AVE,2026-02-25 02:54:48,2026-02-20,2026,2,February,23,Friday,False,Late Night
1586,2026-00002271,1,University Park,02/20/2026 08:32 PM,02/20/2026 08:32 PM,,Received this department's copy of a Protection From Abuse (PFA) order,UNIVERSITY SUPPORT BLDG I,2026-02-25 02:54:48,2026-02-20,2026,2,February,20,Friday,False,Evening
1587,2026-00002267,1,University Park,02/20/2026 07:04 PM,02/15/2026 03:00 PM,02/20/2026 07:00 PM,Student reported the theft of their unsecured personal property,SHUNK HALL,2026-02-25 02:54:48,2026-02-20,2026,2,February,19,Friday,False,Evening
1588,PSHI-2026-02-I-134098,1,University Park,02/20/2026 06:20 PM,02/20/2026 06:12 PM,,Assisted visitor with release of personal property.,Hershey - Dispatched To: HMC - Main Hospital - 1 - Security Operations Center > HMC - Main Hospital - 1 - Security Operations Center,2026-02-25 02:54:48,2026-02-20,2026,2,February,18,Friday,False,Evening
1589,PSHI-2026-02-I-134097,1,University Park,02/20/2026 05:56 PM,02/20/2026 05:40 PM,,Assisted clinical staff with agitated patient.,Hershey - Dispatched To: HMC - Emergency Department > HMC - Emergency Department,2026-02-25 02:54:48,2026-02-20,2026,2,February,17,Friday,False,Afternoon
1590,2026-00002260,1,University Park,02/20/2026 05:48 PM,02/20/2026 05:45 PM,02/20/2026 05:48 PM,Employee reported a one vehicle crash with no injuries,NITTANY PARKING,2026-02-25 02:54:48,2026-02-20,2026,2,February,17,Friday,False,Afternoon
1591,PSHI-2026-02-I-134094,1,University Park,02/20/2026 04:53 PM,02/20/2026 04:46 PM,,Assisted clinical staff with agitated patient.,Hershey - Dispatched To: HMC - Emergency Department > HMC - Emergency Department,2026-02-25 02:54:48,2026-02-20,2026,2,February,16,Friday,False,Afternoon
1592,PSHI-2026-02-I-134093,1,University Park,02/20/2026 03:51 PM,02/20/2026 11:49 AM,,,Hershey - Dispatched To: HMC - Emergency Department > HMC - Emergency Department,2026-02-25 02:54:48,2026-02-20,2026,2,February,15,Friday,False,Afternoon
1593,2026-00002257,1,University Park,02/20/2026 03:22 PM,02/20/2026 03:22 PM,02/20/2026 06:38 PM,Officer conducted a security inspection,BRYCE JORDAN CENTER,2026-02-25 02:54:48,2026-02-20,2026,2,February,15,Friday,False,Afternoon
1594,2026-00002256,1,University Park,02/20/2026 02:09 PM,01/17/2026 08:36 PM,02/16/2026 01:00 AM,Student reported the theft of their unsecured personal property,CURTIN HALL,2026-02-25 02:54:48,2026-02-20,2026,2,February,14,Friday,False,Afternoon
1595,26AB00058,2,Abington,02/20/2026 12:11 PM,02/20/2026 02:00 AM,02/20/2026 03:00 AM,Student reported being harassed,LIONS GATE AT PENN STATE ABINGTON,2026-02-25 02:54:48,2026-02-20,2026,2,February,12,Friday,False,Afternoon
1596,PSHI-2026-02-I-134086,1,University Park,02/20/2026 11:00 AM,02/20/2026 10:36 AM,,Assisted clinical staff with agitated visitor.,Hershey - Dispatched To: HMC - Children's Hospital - 7 - Women's Health Post \Antepartum > HMC - Children's Hospital - 7 - Women's Health Post \Antepartum,2026-02-25 02:54:48,2026-02-20,2026,2,February,11,Friday,False,Morning
1597,2026-00002245,1,University Park,02/20/2026 10:50 AM,02/19/2026 07:45 PM,,Visitor reported a hit and run crash,EAST PARKING DECK,2026-02-25 02:54:48,2026-02-20,2026,2,February,10,Friday,False,Morning
1598,PSHI-2026-02-I-134083,1,University Park,02/20/2026 10:35 AM,02/20/2026 10:24 AM,,Visitor mismatch to the sex offender registry.,Hershey - Dispatched To: HMC - Children's Hospital > HMC - Children's Hospital,2026-02-25 02:54:48,2026-02-20,2026,2,February,10,Friday,False,Morning
1599,PSHI-2026-02-I-134082,1,University Park,02/20/2026 09:31 AM,02/20/2026 06:31 AM,,Investigation of suspicious activity.,Hershey - Dispatched To: COM - BMR - 1 > COM - BMR - 1,2026-02-25 02:54:48,2026-02-20,2026,2,February,9,Friday,False,Morning
1600,PSHI-2026-02-I-134080,1,University Park,02/20/2026 08:20 AM,02/20/2026 06:35 AM,,Assisted clinical staff with agitated patient.,Hershey - Dispatched To: HMC - Emergency Department > HMC - Emergency Department,2026-02-25 02:54:48,2026-02-20,2026,2,February,8,Friday,False,Morning
1601,PSHI-2026-02-I-134076,1,University Park,02/20/2026 05:23 AM,02/20/2026 05:01 AM,,Assisted clinical staff with a visitor issue.,Hershey - Dispatched To: HMC - Children's Hospital > HMC - Children's Hospital,2026-02-25 02:54:48,2026-02-20,2026,2,February,5,Friday,False,Late Night
1602,PSHI-2026-02-I-134072,1,University Park,02/20/2026 04:13 AM,,,,Hershey - Dispatched To: HMC - Children's Hospital - 3 > HMC - Children's Hospital - 3,2026-02-25 02:54:48,2026-02-20,2026,2,February,4,Friday,False,Late Night
1603,PSHI-2026-02-I-134070,1,University Park,02/20/2026 02:56 AM,,,Assisted clinical staff with agitated patient.,Hershey - Dispatched To: HMC - Emergency Department > HMC - Emergency Department,2026-02-25 02:54:48,2026-02-20,2026,2,February,2,Friday,False,Late Night
1604,PSHI-2026-02-I-134064,1,University Park,02/20/2026 12:14 AM,02/19/2026 06:38 PM,,,Hershey - Dispatched To: HMC - Campus Drive Roadway > HMC - Campus Drive Roadway,2026-02-25 02:54:48,2026-02-20,2026,2,February,0,Friday,False,Late Night
1605,26HN00016,15,Hershey,02/17/2026 08:34 PM,02/17/2026 08:24 PM,02/17/2026 08:45 PM,Employee reported suspicious activity,RESIDENCE HALL NORTH,2026-02-25 02:54:48,2026-02-17,2026,2,February,20,Tuesday,False,Evening
1606,26HN00014,15,Hershey,02/16/2026 09:44 PM,02/16/2026 09:44 PM,02/16/2026 12:00 AM,Assisted an outside law enforcement agency with an investigation,W COUNTY RD,2026-02-25 02:54:48,2026-02-16,2026,2,February,21,Monday,False,Evening
1607,26BK00038,4,Beaver,02/16/2026 09:16 PM,02/16/2026 09:16 PM,02/16/2026 09:35 PM,Employee reported a person trespassing inside a residence hall,LAUREL HALL,2026-02-25 02:54:48,2026-02-16,2026,2,February,21,Monday,False,Evening
1608,26BK00039,4,Beaver,02/16/2026 03:30 PM,02/16/2026 03:30 PM,02/16/2026 04:30 PM,Employee reported a fire alarm activation,IVY HALL,2026-02-25 02:54:48,2026-02-16,2026,2,February,15,Monday,False,Afternoon
1609,26AB00070,2,Abington,02/15/2026 11:50 PM,02/15/2026 11:50 PM,02/16/2026 01:00 AM,Visitor requested assistance in locating a student,LIONS GATE AT PENN STATE ABINGTON,2026-02-25 02:54:48,2026-02-15,2026,2,February,23,Sunday,True,Late Night
1610,26AB00069,2,Abington,02/15/2026 08:24 PM,02/15/2026 08:24 PM,02/15/2026 08:30 PM,Employee reported a /fire alarm activation,LIONS GATE AT PENN STATE ABINGTON,2026-02-25 02:54:48,2026-02-15,2026,2,February,20,Sunday,True,Evening
1611,26AB00067,2,Abington,02/14/2026 12:16 PM,02/14/2026 12:16 PM,02/14/2026 12:35 PM,Assisted the ambulance with a medical emergency,PHYSICAL EDUCATION BUILDING,2026-02-25 02:54:48,2026-02-14,2026,2,February,12,Saturday,True,Afternoon
1612,26AB00068,2,Abington,02/14/2026 11:01 AM,02/14/2026 11:18 AM,02/14/2026 11:36 AM,Employee reported suspicious activity,LIONS GATE AT PENN STATE ABINGTON,2026-02-25 02:54:48,2026-02-14,2026,2,February,11,Saturday,True,Morning
1613,26BK00036,4,Beaver,02/14/2026 10:37 AM,02/14/2026 10:37 AM,02/14/2026 11:20 AM,Assisted an outside law enforcement agency with an investigation,HILLVALE AVE & SPOHN RD,2026-02-25 02:54:48,2026-02-14,2026,2,February,10,Saturday,True,Morning
1614,26AB00066,2,Abington,02/13/2026 08:00 PM,02/13/2026 08:00 PM,02/13/2026 08:30 PM,Employee reported a fire alarm activation,LIONS GATE AT PENN STATE ABINGTON,2026-02-25 02:54:48,2026-02-13,2026,2,February,20,Friday,False,Evening
1615,26AB00065,2,Abington,02/13/2026 02:31 PM,02/13/2026 02:31 PM,02/13/2026 02:46 PM,Visitor reported an intrusion alarm activation,LARES BUILDING,2026-02-25 02:54:48,2026-02-13,2026,2,February,14,Friday,False,Afternoon
1616,26HN00013,15,Hershey,02/13/2026 12:00 PM,02/08/2026 08:00 AM,02/12/2026 09:00 PM,Employee reported suspicious activity,LOT J - HAZLETON,2026-02-25 02:54:48,2026-02-13,2026,2,February,12,Friday,False,Afternoon
1617,26HN00012,15,Hershey,02/13/2026 08:30 AM,02/13/2026 08:30 AM,02/13/2026 09:00 AM,Assisted an outside law enforcement agency with an investigation,PA-93 & I-81,2026-02-25 02:54:48,2026-02-13,2026,2,February,8,Friday,False,Morning
1618,26AB00064,2,Abington,02/13/2026 12:00 AM,02/13/2026 12:00 AM,,Employee reported a fire alarm activation,LIONS GATE AT PENN STATE ABINGTON,2026-02-25 02:54:48,2026-02-13,2026,2,February,0,Friday,False,Late Night
1619,26HN00011,15,Hershey,02/12/2026 08:30 AM,02/12/2026 08:30 AM,,Employee requested assistance with a civil matter,AZALEA RD,2026-02-25 02:54:48,2026-02-12,2026,2,February,8,Thursday,False,Morning
1620,26AB00063,2,Abington,02/12/2026 12:50 AM,02/12/2026 12:50 AM,02/12/2026 01:13 AM,Assisted an outside law enforcement agency with an investigation,OLD YORK RD,2026-02-25 02:54:48,2026-02-12,2026,2,February,0,Thursday,False,Late Night
1621,26AB00062,2,Abington,02/11/2026 04:56 PM,02/11/2026 04:56 PM,,Assisted the ambulance with a medical emergency,SUTHERLAND BUILDING,2026-02-25 02:54:48,2026-02-11,2026,2,February,16,Wednesday,False,Afternoon
1622,26HN00015,15,Hershey,02/11/2026 11:15 AM,02/11/2026 11:15 AM,02/11/2026 12:05 PM,Assisted an outside law enforcement agency with an investigation,PA-93 & WOODBINE ST,2026-02-25 02:54:48,2026-02-11,2026,2,February,11,Wednesday,False,Morning
1623,26AB00071,2,Abington,02/11/2026 12:00 AM,02/11/2026 12:00 AM,,Employee reported a parking concern,LOT G - ABINGTON,2026-02-25 02:54:48,2026-02-11,2026,2,February,0,Wednesday,False,Late Night
1624,26UP00930,1,University Park,02/26/2026 04:25 AM,02/26/2026 04:15 AM,02/26/2026 04:25 AM,Student observed highly intoxicated and transported to the hospital,EARLE HALL,2026-02-26 23:59:30,2026-02-26,2026,2,February,4,Thursday,False,Late Night
1625,26UP00929,1,University Park,02/26/2026 04:07 AM,02/26/2026 04:07 AM,02/26/2026 04:25 AM,Student consumed alcoholic beverages being less than 21 years of age,MCKEAN HALL,2026-02-26 23:59:30,2026-02-26,2026,2,February,4,Thursday,False,Late Night
1626,26UP00928,1,University Park,02/26/2026 02:40 AM,02/26/2026 02:40 AM,02/26/2026 04:00 AM,Student observed highly intoxicated and transported to the hospital,PANOFSKY HALL,2026-02-26 23:59:30,2026-02-26,2026,2,February,2,Thursday,False,Late Night
1627,26UP00925,1,University Park,02/26/2026 01:21 AM,02/26/2026 12:45 AM,02/26/2026 01:40 AM,Underage student observed highly intoxicated and transported to the hospital,BRUMBAUGH HALL,2026-02-26 23:59:30,2026-02-26,2026,2,February,1,Thursday,False,Late Night
1628,26UP00926,1,University Park,02/26/2026 01:06 AM,02/26/2026 01:06 AM,02/26/2026 01:56 AM,Student observed highly intoxicated and transported to the hospital,STONE HALL,2026-02-26 23:59:30,2026-02-26,2026,2,February,1,Thursday,False,Late Night
1629,26UP00923,1,University Park,02/26/2026 12:37 AM,02/26/2026 12:37 AM,02/26/2026 01:04 AM,Underage student observed highly intoxicated and transported to the hospital,COOPER HALL,2026-02-26 23:59:30,2026-02-26,2026,2,February,0,Thursday,False,Late Night
1630,26UP00922,1,University Park,02/26/2026 12:29 AM,02/20/2026 12:01 AM,02/26/2026 12:10 AM,Student reported disorderly persons,FARRELL HALL,2026-02-26 23:59:30,2026-02-26,2026,2,February,0,Thursday,False,Late Night
1631,26AB00079,2,Abington,02/25/2026 10:02 PM,02/25/2026 10:02 PM,02/25/2026 10:16 PM,Employee reported a fire alarm activation,LIONS GATE AT PENN STATE ABINGTON,2026-02-26 23:59:30,2026-02-25,2026,2,February,22,Wednesday,False,Late Night
1632,26UP00916,1,University Park,02/25/2026 09:20 PM,02/25/2026 07:11 PM,02/25/2026 09:20 PM,Student reported a hit and run vehicle crash,HUB PARKING DECK,2026-02-26 23:59:30,2026-02-25,2026,2,February,21,Wednesday,False,Evening
1633,26UP00915,1,University Park,02/25/2026 09:05 PM,02/25/2026 09:05 PM,02/25/2026 09:32 PM,Student reported abandoned property,BRYCE JORDAN CENTER,2026-02-26 23:59:30,2026-02-25,2026,2,February,21,Wednesday,False,Evening
1634,26UP00914,1,University Park,02/25/2026 08:18 PM,02/25/2026 08:18 PM,02/25/2026 08:41 PM,Employee reported fraudulent activity,HUCK LIFE SCIENCES BLDG,2026-02-26 23:59:30,2026-02-25,2026,2,February,20,Wednesday,False,Evening
1635,26BR00016,6,Berks,02/25/2026 06:50 PM,02/25/2026 06:50 PM,02/25/2026 07:15 PM,Employee reported a fire alarm activation,HARMONY HALL,2026-02-26 23:59:30,2026-02-25,2026,2,February,18,Wednesday,False,Evening
1636,26UP00913,1,University Park,02/25/2026 06:08 PM,02/25/2026 06:08 PM,02/25/2026 07:02 PM,Assisted the fire department with a reported fire alarm activation,INNOVATION BLVD,2026-02-26 23:59:30,2026-02-25,2026,2,February,18,Wednesday,False,Evening
1637,26AB00078,2,Abington,02/25/2026 05:34 PM,02/25/2026 07:00 PM,02/25/2026 07:10 PM,Employee reported a fire alarm activation,LIONS GATE AT PENN STATE ABINGTON,2026-02-26 23:59:30,2026-02-25,2026,2,February,17,Wednesday,False,Afternoon
1638,26AB00077,2,Abington,02/25/2026 05:31 PM,02/25/2026 05:31 PM,02/25/2026 05:45 PM,Employee reported a fire alarm activation,LIONS GATE AT PENN STATE ABINGTON,2026-02-26 23:59:30,2026-02-25,2026,2,February,17,Wednesday,False,Afternoon
1639,26UP00912,1,University Park,02/25/2026 05:23 PM,02/24/2026 03:00 PM,02/25/2026 05:00 PM,Student reported the theft of their unattended personal property,WILLARD BLDG,2026-02-26 23:59:30,2026-02-25,2026,2,February,17,Wednesday,False,Afternoon
1640,26AL00094,3,Altoona,02/25/2026 05:00 PM,02/25/2026 05:00 PM,02/25/2026 05:33 PM,Assisted an outside law enforcement agency with an investigation,CAMPUS VIEW DR,2026-02-26 23:59:30,2026-02-25,2026,2,February,17,Wednesday,False,Afternoon
1641,26UP00911,1,University Park,02/25/2026 04:44 PM,02/02/2026 10:00 PM,02/03/2026 09:00 AM,Student reported damage to their privately owned vehicle,MCELWAIN HALL,2026-02-26 23:59:30,2026-02-25,2026,2,February,16,Wednesday,False,Afternoon
1642,26UP00910,1,University Park,02/25/2026 04:40 PM,02/24/2026 12:00 AM,02/25/2026 04:40 PM,Assisted an outside law enforcement agency with an investigation,OFF CAMPUS FRATERNITY,2026-02-26 23:59:30,2026-02-25,2026,2,February,16,Wednesday,False,Afternoon
1643,26UP00909,1,University Park,02/25/2026 03:15 PM,07/31/2025 12:17 PM,02/25/2026 03:15 PM,Student reported suspicious activity,UNIVERSITY SUPPORT BLDG I,2026-02-26 23:59:30,2026-02-25,2026,2,February,15,Wednesday,False,Afternoon
1644,26SL00021,19,Schuylkill,02/25/2026 02:40 PM,08/01/2025 12:00 AM,02/25/2026 07:00 PM,Student requested assistance with a personal matter,NITTANY APARTMENTS I,2026-02-26 23:59:30,2026-02-25,2026,2,February,14,Wednesday,False,Afternoon
1645,26UP00908,1,University Park,02/25/2026 01:40 PM,02/17/2026 06:20 PM,02/17/2026 06:44 PM,Employee reported the theft of University property,REDIFER HALL,2026-02-26 23:59:30,2026-02-25,2026,2,February,13,Wednesday,False,Afternoon
1646,26AB00076,2,Abington,02/25/2026 01:30 PM,02/25/2026 09:30 AM,02/25/2026 01:00 AM,Employee reported a concern for another employee,LOT J - ABINGTON,2026-02-26 23:59:30,2026-02-25,2026,2,February,13,Wednesday,False,Afternoon
1647,26LV00005,16,Lehigh Valley,02/25/2026 12:58 PM,02/25/2026 12:58 PM,02/25/2026 01:20 PM,Employee reported a fire alarm activation,LEHIGH VALLEY BLDG,2026-02-26 23:59:30,2026-02-25,2026,2,February,12,Wednesday,False,Afternoon
1648,26AB00075,2,Abington,02/25/2026 11:40 AM,02/18/2026 11:00 PM,02/24/2026 03:00 AM,Visitor requested assistance with a civil matter,OLD YORK RD,2026-02-26 23:59:30,2026-02-25,2026,2,February,11,Wednesday,False,Morning
1649,26HB00093,13,Harrisburg,02/25/2026 10:40 AM,02/25/2026 08:00 AM,02/25/2026 11:00 AM,Student requested assistance with a personal matter,W MAIN ST,2026-02-26 23:59:30,2026-02-25,2026,2,February,10,Wednesday,False,Morning
1650,26UP00907,1,University Park,02/25/2026 10:07 AM,02/18/2026 11:07 AM,02/18/2026 11:25 AM,Employee reported the theft of University property,REDIFER HALL,2026-02-26 23:59:30,2026-02-25,2026,2,February,10,Wednesday,False,Morning
1651,26UP00906,1,University Park,02/25/2026 10:04 AM,02/21/2026 11:00 PM,02/22/2026 03:30 AM,Student reported the theft of their unsecured personal property,BRYCE JORDAN CENTER,2026-02-26 23:59:30,2026-02-25,2026,2,February,10,Wednesday,False,Morning
1652,26UP00905,1,University Park,02/25/2026 09:29 AM,02/25/2026 09:29 AM,02/25/2026 09:46 AM,Assisted an outside agency with a reported Hazing at an off campus fraternity,OFF CAMPUS FRATERNITY,2026-02-26 23:59:30,2026-02-25,2026,2,February,9,Wednesday,False,Morning
1653,26UP00904,1,University Park,02/25/2026 08:11 AM,02/20/2026 10:26 AM,02/20/2026 10:33 AM,Employee reported the theft of University property,REDIFER HALL,2026-02-26 23:59:30,2026-02-25,2026,2,February,8,Wednesday,False,Morning
1654,26UP00903,1,University Park,02/25/2026 07:12 AM,02/20/2026 02:37 PM,02/20/2026 02:40 PM,Employee reported the theft of University property,REDIFER HALL,2026-02-26 23:59:30,2026-02-25,2026,2,February,7,Wednesday,False,Morning
1655,26BR00015,6,Berks,02/25/2026 01:45 AM,02/25/2026 01:45 AM,02/25/2026 01:59 AM,Student reported a University policy violation,HARMONY HALL,2026-02-26 23:59:30,2026-02-25,2026,2,February,1,Wednesday,False,Late Night
1656,26UP00902,1,University Park,02/25/2026 12:22 AM,02/25/2026 12:10 AM,02/25/2026 12:33 AM,"Resident Assistant reported the odor of marijuana, origin not located",HARTRANFT HALL,2026-02-26 23:59:30,2026-02-25,2026,2,February,0,Wednesday,False,Late Night
1657,26UP00899,1,University Park,02/24/2026 10:36 PM,02/24/2026 10:36 PM,02/24/2026 11:13 PM,Employee reported suspicious activity,AIRPORT AIR TERMINAL BLDG,2026-02-26 23:59:30,2026-02-24,2026,2,February,22,Tuesday,False,Late Night
1658,26UP00898,1,University Park,02/24/2026 09:37 PM,02/24/2026 09:37 PM,02/24/2026 10:15 PM,Officer observed students engaged in disorderly behavior,MCKEAN HALL,2026-02-26 23:59:30,2026-02-24,2026,2,February,21,Tuesday,False,Evening
1659,PSHI-2026-02-I-134245,1,University Park,02/24/2026 09:25 PM,02/24/2026 06:30 PM,,,Hershey - Dispatched To: HMC - Main Hospital > HMC - Main Hospital,2026-02-26 23:59:30,2026-02-24,2026,2,February,21,Tuesday,False,Evening
1660,PSHI-2026-02-I-134244,1,University Park,02/24/2026 09:15 PM,02/24/2026 08:47 PM,,,Hershey - Dispatched To: HMC - Emergency Department > HMC - Emergency Department,2026-02-26 23:59:30,2026-02-24,2026,2,February,21,Tuesday,False,Evening
1661,26UP00897,1,University Park,02/24/2026 09:07 PM,02/24/2026 09:07 PM,02/24/2026 09:40 PM,Employee reported disorderly persons,OLD MAIN,2026-02-26 23:59:30,2026-02-24,2026,2,February,21,Tuesday,False,Evening
1662,26HB00092,13,Harrisburg,02/24/2026 09:02 PM,02/24/2026 09:02 PM,,Assisted the ambulance with a medical emergency,UPPER OLMSTED WEST LOT - HARRISBURG,2026-02-26 23:59:30,2026-02-24,2026,2,February,21,Tuesday,False,Evening
1663,PSHI-2026-02-I-134243,1,University Park,02/24/2026 08:20 PM,02/24/2026 08:02 PM,,,Hershey - Dispatched To: HMC - Emergency Department > HMC - Emergency Department,2026-02-26 23:59:30,2026-02-24,2026,2,February,20,Tuesday,False,Evening
1664,26UP00896,1,University Park,02/24/2026 08:08 PM,02/24/2026 05:07 PM,02/24/2026 08:08 PM,Student reported the theft of their unsecured personal property,INTRAMURAL BLDG,2026-02-26 23:59:30,2026-02-24,2026,2,February,20,Tuesday,False,Evening
1665,26UP00895,1,University Park,02/24/2026 07:23 PM,02/24/2026 07:23 PM,02/24/2026 07:40 PM,Student reported a smoke condition,NITTANY APT,2026-02-26 23:59:30,2026-02-24,2026,2,February,19,Tuesday,False,Evening
1666,PSHI-2026-02-I-134240,1,University Park,02/24/2026 05:49 PM,02/24/2026 05:39 PM,,,Hershey - Dispatched To: HMC - Main Hospital - 1 - Cashier's Office > HMC - Main Hospital - 1 - Cashier's Office,2026-02-26 23:59:30,2026-02-24,2026,2,February,17,Tuesday,False,Afternoon
1667,26UP00894,1,University Park,02/24/2026 05:34 PM,02/24/2026 04:20 PM,02/24/2026 05:00 PM,Student reported the theft of their unsecured personal property,PATTEE LIBRARY,2026-02-26 23:59:30,2026-02-24,2026,2,February,17,Tuesday,False,Afternoon
1668,PSHI-2026-02-I-134237,1,University Park,02/24/2026 05:26 PM,02/24/2026 05:18 PM,,Vetted nuisance phone call issue.,Hershey - Dispatched To: HMC - Life Lion Hanger > HMC - Life Lion Hanger,2026-02-26 23:59:30,2026-02-24,2026,2,February,17,Tuesday,False,Afternoon
1669,26AL00093,3,Altoona,02/24/2026 05:01 PM,02/24/2023 04:55 PM,02/24/2026 05:00 PM,Employee reported the theft of University Property from a secured University building,PENN BLDG,2026-02-26 23:59:30,2026-02-24,2026,2,February,17,Tuesday,False,Afternoon
1670,PSHI-2026-02-I-134235,1,University Park,02/24/2026 04:55 PM,02/24/2026 04:53 PM,,,Hershey - Dispatched To: HMC - Parking Lot - Lot A-1 > HMC - Parking Lot - Lot A-1,2026-02-26 23:59:30,2026-02-24,2026,2,February,16,Tuesday,False,Afternoon
1671,PSHI-2026-02-I-134234,1,University Park,02/24/2026 04:47 PM,02/24/2026 04:35 PM,,,Hershey - Dispatched To: HMC - Main Hospital - 1 - Security Operations Center > HMC - Main Hospital - 1 - Security Operations Center,2026-02-26 23:59:30,2026-02-24,2026,2,February,16,Tuesday,False,Afternoon
1672,26UP00893,1,University Park,02/24/2026 04:47 PM,02/24/2026 04:47 PM,02/24/2026 05:45 PM,Assisted a student with a personal matter,STUDENT HEALTH CENTER,2026-02-26 23:59:30,2026-02-24,2026,2,February,16,Tuesday,False,Afternoon
1673,26BW00044,7,Brandywine,02/24/2026 04:43 PM,02/24/2026 04:43 PM,02/24/2026 04:55 PM,Employee reported a panic alarm activation,STUDENT UNION AND DINING,2026-02-26 23:59:30,2026-02-24,2026,2,February,16,Tuesday,False,Afternoon
1674,26HB00090,13,Harrisburg,02/24/2026 04:35 PM,02/24/2026 04:35 PM,,Employee reported a fire alarm activation,CONOY HOUSE,2026-02-26 23:59:30,2026-02-24,2026,2,February,16,Tuesday,False,Afternoon
1675,26UP00892,1,University Park,02/24/2026 03:52 PM,02/24/2026 03:52 PM,02/24/2026 04:25 PM,Visitor reported a two vehicle crash with no injuries,ORANGE L EAST (FOUNDERS LOT),2026-02-26 23:59:30,2026-02-24,2026,2,February,15,Tuesday,False,Afternoon
1676,PSHI-2026-02-I-134233,1,University Park,02/24/2026 03:49 PM,02/24/2026 03:28 PM,,,Hershey - Dispatched To: HMC - UPC-2 - 3 - Pain Management > HMC - UPC-2 - 3 - Pain Management,2026-02-26 23:59:30,2026-02-24,2026,2,February,15,Tuesday,False,Afternoon
1677,26HB00089,13,Harrisburg,02/24/2026 03:48 PM,02/24/2026 03:48 PM,,"Employee reported the odor of marijuana, origin not located",JUNIATA HOUSE,2026-02-26 23:59:30,2026-02-24,2026,2,February,15,Tuesday,False,Afternoon
1678,26UP00891,1,University Park,02/24/2026 03:13 PM,02/24/2026 03:13 PM,02/24/2026 03:40 PM,Student reported a two vehicle crash with no injuries,WEST DECK,2026-02-26 23:59:30,2026-02-24,2026,2,February,15,Tuesday,False,Afternoon
1679,26AL00092,3,Altoona,02/24/2026 03:09 PM,02/24/2026 02:30 PM,02/24/2026 03:00 PM,Student reported being harassed,CAMPUS VIEW DR,2026-02-26 23:59:30,2026-02-24,2026,2,February,15,Tuesday,False,Afternoon
1680,26UP00890,1,University Park,02/24/2026 03:07 PM,02/15/2026 05:11 PM,,Employee reported being harassed,UNKNOWN LOCATION,2026-02-26 23:59:30,2026-02-24,2026,2,February,15,Tuesday,False,Afternoon
1681,26BR00014,6,Berks,02/24/2026 02:46 PM,02/21/2026 03:00 AM,02/24/2026 02:46 PM,Student reported the theft of their unattended personal property,HARMONY HALL,2026-02-26 23:59:30,2026-02-24,2026,2,February,14,Tuesday,False,Afternoon
1682,26AB00073,2,Abington,02/24/2026 02:17 PM,02/24/2026 02:17 PM,02/24/2026 02:38 PM,Employee reported a fire alarm activation,LIONS GATE AT PENN STATE ABINGTON,2026-02-26 23:59:30,2026-02-24,2026,2,February,14,Tuesday,False,Afternoon
1683,26AB00074,2,Abington,02/24/2026 02:15 PM,02/24/2026 02:15 PM,02/24/2026 02:45 PM,Employee requested assistance with an administrative matter,LIONS GATE AT PENN STATE ABINGTON,2026-02-26 23:59:30,2026-02-24,2026,2,February,14,Tuesday,False,Afternoon
1684,26UP00889,1,University Park,02/24/2026 02:08 PM,02/20/2026 05:40 PM,02/20/2026 05:50 PM,Employee reported the theft of University property,REDIFER HALL,2026-02-26 23:59:30,2026-02-24,2026,2,February,14,Tuesday,False,Afternoon
1685,PSHI-2026-02-I-134228,1,University Park,02/24/2026 01:32 PM,02/24/2026 01:08 PM,,,Hershey - Dispatched To: HMC - Main Hospital > HMC - Main Hospital,2026-02-26 23:59:30,2026-02-24,2026,2,February,13,Tuesday,False,Afternoon
1686,26HB00091,13,Harrisburg,02/24/2026 01:30 PM,02/24/2026 10:23 AM,02/24/2026 01:27 PM,Student reported suspicious activity,OLMSTED PARKING LOT - HARRISBURG,2026-02-26 23:59:30,2026-02-24,2026,2,February,13,Tuesday,False,Afternoon
1687,PSHI-2026-02-I-134227,1,University Park,02/24/2026 12:57 PM,02/23/2026 02:47 AM,,,Hershey - Dispatched To: HMC and COM - University Technology Center > HMC and COM - University Technology Center,2026-02-26 23:59:30,2026-02-24,2026,2,February,12,Tuesday,False,Afternoon
1688,26BK00042,4,Beaver,02/24/2026 12:22 PM,02/24/2026 12:50 PM,,Assisted the ambulance with a medical emergency,LUERSSEN SCIENCE BUILDING,2026-02-26 23:59:30,2026-02-24,2026,2,February,12,Tuesday,False,Afternoon
1689,26BK00041,4,Beaver,02/24/2026 11:40 AM,02/24/2026 11:40 AM,02/24/2026 11:55 AM,Employee requested assistance in locating a student,LUERSSEN SCIENCE BUILDING,2026-02-26 23:59:30,2026-02-24,2026,2,February,11,Tuesday,False,Morning
1690,PSHI-2026-02-I-134223,1,University Park,02/24/2026 11:14 AM,02/24/2026 10:47 AM,,,Hershey - Dispatched To: HMC - Children's Hospital - 3 > HMC - Children's Hospital - 3,2026-02-26 23:59:30,2026-02-24,2026,2,February,11,Tuesday,False,Morning
1691,PSHI-2026-02-I-134222,1,University Park,02/24/2026 10:48 AM,,,,Hershey - Dispatched To: HMC - Main Hospital - 1 - Gift Shop > HMC - Main Hospital - 1 - Gift Shop,2026-02-26 23:59:30,2026-02-24,2026,2,February,10,Tuesday,False,Morning
1692,PSHI-2026-02-I-134216,1,University Park,02/24/2026 09:51 AM,02/24/2026 09:29 AM,,,Hershey - Reported Location: HMC - 35 Hope Drive - 2 - OBGYN,2026-02-26 23:59:30,2026-02-24,2026,2,February,9,Tuesday,False,Morning
1693,26UP00888,1,University Park,02/24/2026 09:43 AM,02/24/2026 08:36 AM,02/24/2026 09:43 AM,Employee reported a hit and run vehicle crash,EAST PARKING DECK,2026-02-26 23:59:30,2026-02-24,2026,2,February,9,Tuesday,False,Morning
1694,26UP00887,1,University Park,02/24/2026 08:32 AM,02/24/2026 08:00 AM,02/24/2026 08:37 AM,Employee requested assistance with an administrative matter,PATERNO LIBRARY,2026-02-26 23:59:30,2026-02-24,2026,2,February,8,Tuesday,False,Morning
1695,PSHI-2026-02-I-134214,1,University Park,02/24/2026 07:06 AM,02/24/2026 06:57 AM,,,Hershey - Dispatched To: HMC - Main Hospital - 1 - Main Entrance\Valet > HMC - Main Hospital - 1 - Main Entrance\Valet,2026-02-26 23:59:30,2026-02-24,2026,2,February,7,Tuesday,False,Morning
1696,PSHI-2026-02-I-134207,1,University Park,02/23/2026 11:51 PM,02/23/2026 08:25 PM,,,Hershey - Dispatched To: HMC - Children's Hospital - 2 - Children's Hospital PACU > HMC - Children's Hospital - 2 - Children's Hospital PACU,2026-02-26 23:59:30,2026-02-23,2026,2,February,23,Monday,False,Late Night
1697,PSHI-2026-02-I-134203,1,University Park,02/23/2026 10:42 PM,02/23/2026 10:30 PM,,,Hershey - Dispatched To: HMC - Emergency Department > HMC - Emergency Department,2026-02-26 23:59:30,2026-02-23,2026,2,February,22,Monday,False,Late Night
1698,PSHI-2026-02-I-134200,1,University Park,02/23/2026 10:36 PM,02/23/2026 06:00 PM,,,Hershey - Dispatched To: HMC - Children's Hospital - 3 - Children's Hospital Acute Care > HMC - Children's Hospital - 3 - Children's Hospital Acute Care,2026-02-26 23:59:30,2026-02-23,2026,2,February,22,Monday,False,Late Night
1699,PSHI-2026-02-I-134197,1,University Park,02/23/2026 07:24 PM,02/23/2026 06:12 PM,,,Hershey - Dispatched To: HMC - Children's Hospital > HMC - Children's Hospital,2026-02-26 23:59:30,2026-02-23,2026,2,February,19,Monday,False,Evening
1700,PSHI-2026-02-I-134190,1,University Park,02/23/2026 04:42 PM,02/23/2026 04:30 PM,,,Hershey - Reported Location: HMC - Main Hospital - 1 - Security Operations Center,2026-02-26 23:59:30,2026-02-23,2026,2,February,16,Monday,False,Afternoon
1701,PSHI-2026-02-I-134187,1,University Park,02/23/2026 02:52 PM,02/23/2026 02:35 PM,,,Hershey - Dispatched To: HMC - Children's Hospital - 3 > HMC - Children's Hospital - 3,2026-02-26 23:59:30,2026-02-23,2026,2,February,14,Monday,False,Afternoon
1702,PSHI-2026-02-I-134184,1,University Park,02/23/2026 01:36 PM,02/23/2026 01:27 PM,,,Hershey - Dispatched To: HMC - Emergency Department > HMC - Emergency Department,2026-02-26 23:59:30,2026-02-23,2026,2,February,13,Monday,False,Afternoon
1703,PSHI-2026-02-I-134183,1,University Park,02/23/2026 01:35 PM,02/23/2026 01:11 PM,,,Hershey - Dispatched To: HMC - Main Hospital - 3 > HMC - Main Hospital - 3,2026-02-26 23:59:30,2026-02-23,2026,2,February,13,Monday,False,Afternoon
1704,PSHI-2026-02-I-134180,1,University Park,02/23/2026 11:56 AM,02/23/2026 11:37 AM,,,Hershey - Reported Location: HMC - Children's Hospital - 3 - Children's Hospital Acute Care,2026-02-26 23:59:30,2026-02-23,2026,2,February,11,Monday,False,Morning
1705,PSHI-2026-02-I-134179,1,University Park,02/23/2026 10:28 AM,02/23/2026 10:05 AM,,,Hershey - Reported Location: HMC - Main Hospital - 6 - MIMCU,2026-02-26 23:59:30,2026-02-23,2026,2,February,10,Monday,False,Morning
1706,PSHI-2026-02-I-134176,1,University Park,02/23/2026 07:56 AM,02/23/2026 07:43 AM,,,Hershey - Dispatched To: HMC - Children's Hospital - 1 - Children's Hospital Main Information Desk > HMC - Children's Hospital - 1 - Children's Hospital Main Information Desk,2026-02-26 23:59:30,2026-02-23,2026,2,February,7,Monday,False,Morning
1707,PSHI-2026-02-I-134175,1,University Park,02/23/2026 07:24 AM,02/23/2026 07:00 AM,,,Hershey - Reported Location: HMC - Children's Hospital - 7 - Labor and Delivery,2026-02-26 23:59:30,2026-02-23,2026,2,February,7,Monday,False,Morning
1708,PSHI-2026-02-I-134173,1,University Park,02/23/2026 05:23 AM,02/23/2026 03:03 AM,,,Hershey - Dispatched To: HMC - Main Hospital - 4 - Acute Care > HMC - Main Hospital - 4 - Acute Care,2026-02-26 23:59:30,2026-02-23,2026,2,February,5,Monday,False,Late Night
1709,PSHI-2026-02-I-134170,1,University Park,02/23/2026 03:51 AM,02/23/2026 03:14 AM,,Patient threw cup of water on nurse.,Hershey - Dispatched To: HMC - Main Hospital - 6 - MIMCU > HMC - Main Hospital - 6 - MIMCU,2026-02-26 23:59:30,2026-02-23,2026,2,February,3,Monday,False,Late Night
1710,PSHI-2026-02-I-134168,1,University Park,02/23/2026 12:06 AM,02/22/2026 10:15 PM,,Assisted clinical staff with an agitated patient.,Hershey - Dispatched To: HMC - Main Hospital - 6 - Acute Care > HMC - Main Hospital - 6 - Acute Care,2026-02-26 23:59:30,2026-02-23,2026,2,February,0,Monday,False,Late Night
1711,26BK00043,4,Beaver,02/11/2026 09:02 AM,02/11/2026 09:02 AM,,Employee reported a parking concern,COMMUTER LOT G1 - BERKS,2026-02-26 23:59:30,2026-02-11,2026,2,February,9,Wednesday,False,Morning
