id,incident_number,campus_id,reported_datetime,occurred_start,occurred_end,nature_of_incident,location,created_at,campus
38,PSHI-2026-02-I-133881,2,02/15/2026 07:12 PM,02/15/2026 06:21 PM,,Assisted clinical staff with agitated patient.,Hershey - Dispatched To: HMC - Main Hospital > HMC - Main Hospital,2026-02-18 21:43:32,Hershey
41,PSHI-2026-02-I-133879,2,02/15/2026 03:44 PM,02/15/2026 03:03 PM,,Assisted clinical staff with visitor issue.,Hershey - Dispatched To: HMC - Emergency Department > HMC - Emergency Department,2026-02-18 21:43:32,Hershey
43,PSHI-2026-02-I-133876,2,02/15/2026 02:14 PM,02/15/2026 11:40 AM,,,Hershey - Dispatched To: HMC - Main Hospital - 1 - Security Operations Center > HMC - Main Hospital - 1 - Security Operations Center,2026-02-18 21:43:32,Hershey
44,PSHI-2026-02-I-133872,2,02/15/2026 01:19 PM,02/15/2026 12:09 PM,,,Hershey - Dispatched To: HMC - Parking Lot - Lot M1 > HMC - Parking Lot - Lot M1,2026-02-18 21:43:32,Hershey
45,PSHI-2026-02-I-133870,2,02/15/2026 11:15 AM,02/15/2026 11:10 AM,,Patient left care prior to discharge.,Hershey - Dispatched To: HMC - Emergency Department > HMC - Emergency Department,2026-02-18 21:43:32,Hershey
46,PSHI-2026-02-I-133869,2,02/15/2026 10:09 AM,02/15/2026 10:08 AM,,Received court documents.,Hershey - Dispatched To: HMC - Children's Hospital - 7 > HMC - Children's Hospital - 7,2026-02-18 21:43:32,Hershey
47,PSHI-2026-02-I-133868,2,02/15/2026 10:09 AM,02/15/2026 08:38 AM,,AED quarterly inspections.,Hershey - Dispatched To: HMC - Main Hospital > HMC - Main Hospital,2026-02-18 21:43:32,Hershey
49,PSHI-2026-02-I-133866,2,02/15/2026 09:02 AM,02/15/2026 08:58 AM,,,Hershey - Dispatched To: HMC - Main Hospital - 1 - Cashier's Office > HMC - Main Hospital - 1 - Cashier's Office,2026-02-18 21:43:32,Hershey
50,PSHI-2026-02-I-133864,2,02/15/2026 07:06 AM,02/14/2026 05:13 PM,,Assisted clinical staff with agitated visitor.,Hershey - Dispatched To: HMC - Children's Hospital - 3 > HMC - Children's Hospital - 3,2026-02-18 21:43:32,Hershey
51,PSHI-2026-02-I-133855,2,02/15/2026 04:04 AM,02/15/2026 03:41 AM,,Assisted clinical staff with agitated patient.,Hershey - Dispatched To: HMC - Emergency Department > HMC - Emergency Department,2026-02-18 21:43:32,Hershey
53,PSHI-2026-02-I-133854,2,02/15/2026 03:19 AM,02/15/2026 02:50 AM,,Assisted clinical staff with agitated patient.,Hershey - Dispatched To: HMC - Emergency Department > HMC - Emergency Department,2026-02-18 21:43:32,Hershey
54,PSHI-2026-02-I-133853,2,02/15/2026 02:23 AM,02/15/2026 02:08 AM,,,Hershey - Dispatched To: HMC - Emergency Department > HMC - Emergency Department,2026-02-18 21:43:32,Hershey
57,PSHI-2026-02-I-133851,2,02/14/2026 10:52 PM,02/14/2026 09:21 PM,,,Hershey - Dispatched To: HMC - Emergency Department > HMC - Emergency Department,2026-02-18 21:43:32,Hershey
64,PSHI-2026-02-I-133849,2,02/14/2026 08:17 PM,02/14/2026 06:47 PM,,Assisted clinical staff with agitated patient.,Hershey - Dispatched To: HMC - Emergency Department > HMC - Emergency Department,2026-02-18 21:43:32,Hershey
65,PSHI-2026-02-I-133847,2,02/14/2026 05:52 PM,02/14/2026 04:45 PM,,Assisted clinical staff with agitated patient.,Hershey - Dispatched To: HMC - Children's Hospital - 3 > HMC - Children's Hospital - 3,2026-02-18 21:43:32,Hershey
66,PSHI-2026-02-I-133842,2,02/14/2026 03:06 PM,02/14/2026 02:51 PM,,Assisted clinical staff with agitated patient.,Hershey - Dispatched To: HMC - Emergency Department > HMC - Emergency Department,2026-02-18 21:43:32,Hershey
68,PSHI-2026-02-I-133840,2,02/14/2026 02:35 PM,02/14/2026 02:21 PM,,,Hershey - Dispatched To: HMC - Main Hospital - 1 - Cashier's Office > HMC - Main Hospital - 1 - Cashier's Office,2026-02-18 21:43:32,Hershey
74,PSHI-2026-02-I-133831,2,02/14/2026 10:13 AM,02/14/2026 10:04 AM,,,Hershey - Dispatched To: HMC - Centerview Parking Garage > HMC - Centerview Parking Garage,2026-02-18 21:43:32,Hershey
75,PSHI-2026-02-I-133830,2,02/14/2026 09:46 AM,02/14/2026 09:10 AM,,,Hershey - Dispatched To: HMC - Main Hospital - 3 - Acute Care > HMC - Main Hospital - 3 - Acute Care,2026-02-18 21:43:32,Hershey
77,PSHI-2026-02-I-133827,2,02/14/2026 09:25 AM,02/14/2026 09:21 AM,,Assisted staff with stolen property.,Hershey - Dispatched To: HMC - Main Hospital - 1 - Security Operations Center > HMC - Main Hospital - 1 - Security Operations Center,2026-02-18 21:43:32,Hershey
80,PSHI-2026-02-I-133819,2,02/14/2026 04:55 AM,02/14/2026 03:43 AM,,Assisted clinical staff with agitated patient.,Hershey - Dispatched To: HMC - Emergency Department > HMC - Emergency Department,2026-02-18 21:43:32,Hershey
81,PSHI-2026-02-I-133818,2,02/14/2026 04:12 AM,,,Assisted clinical staff with agitated patient.,Hershey - Dispatched To: HMC - Emergency Department > HMC - Emergency Department,2026-02-18 21:43:32,Hershey
85,PSHI-2026-02-I-133817,2,02/14/2026 03:02 AM,,,,Hershey - Dispatched To: HMC - Main Hospital > HMC - Main Hospital,2026-02-18 21:43:32,Hershey
87,PSHI-2026-02-I-133814,2,02/14/2026 01:23 AM,02/14/2026 12:15 AM,,Assisted clinical staff with agitated patient.,Hershey - Dispatched To: HMC - Main Hospital > HMC - Main Hospital,2026-02-18 21:43:32,Hershey
88,PSHI-2026-02-I-133813,2,02/14/2026 01:22 AM,02/14/2026 12:48 AM,,,Hershey - Dispatched To: HMC - Main Hospital > HMC - Main Hospital,2026-02-18 21:43:32,Hershey
89,PSHI-2026-02-I-133810,2,02/13/2026 10:41 PM,02/13/2026 10:20 PM,,Assisted LE with access to patient.,Hershey - Dispatched To: HMC - Main Hospital - 4 - Neuroscience Integrated Care Unit East > HMC - Main Hospital - 4 - Neuroscience Integrated Care Unit East,2026-02-18 21:43:32,Hershey
90,PSHI-2026-02-I-133808,2,02/13/2026 10:30 PM,02/13/2026 09:26 PM,,Assisted clinical staff with agitated patient.,Hershey - Dispatched To: HMC - Main Hospital > HMC - Main Hospital,2026-02-18 21:43:32,Hershey
94,PSHI-2026-02-I-133805,2,02/13/2026 09:34 PM,02/13/2026 06:50 PM,,Assisted clinical staff with agitated patient.,Hershey - Dispatched To: HMC - Emergency Department > HMC - Emergency Department,2026-02-18 21:43:32,Hershey
98,PSHI-2026-02-I-133799,2,02/13/2026 05:48 PM,02/13/2026 05:39 PM,,,Hershey - Dispatched To: HMC - Main Hospital - 1 - Cashier's Office > HMC - Main Hospital - 1 - Cashier's Office,2026-02-18 21:43:32,Hershey
99,PSHI-2026-02-I-133798,2,02/13/2026 05:35 PM,02/13/2026 05:06 PM,,Assisted clinical staff with agitated visitor.,Hershey - Dispatched To: HMC - Children's Hospital - 4 - PIMCU > HMC - Children's Hospital - 4 - PIMCU,2026-02-18 21:43:32,Hershey
100,PSHI-2026-02-I-133797,2,02/13/2026 05:23 PM,02/14/2026 04:00 PM,,Assisted clinical staff with agitated patient.,Hershey - Dispatched To: HMC Off-Site - PSMG - Elizabethtown - PSMG > HMC Off-Site - PSMG - Elizabethtown - PSMG,2026-02-18 21:43:32,Hershey
103,PSHI-2026-02-I-133793,2,02/13/2026 03:31 PM,02/13/2026 02:34 PM,,,Hershey - Dispatched To: HMC - UPC-1 > HMC - UPC-1,2026-02-18 21:43:32,Hershey
104,PSHI-2026-02-I-133792,2,02/13/2026 02:40 PM,02/13/2026 01:59 PM,,Assisted clinical staff with agitated patient.,Hershey - Dispatched To: HMC - Main Hospital  > HMC - Main Hospital,2026-02-18 21:43:32,Hershey
106,PSHI-2026-02-I-133783,2,02/13/2026 11:43 AM,02/13/2026 11:20 AM,,Assisted clinical staff with agitated visitor.,Hershey - Dispatched To: HMC - Emergency Department > HMC - Emergency Department,2026-02-18 21:43:32,Hershey
107,PSHI-2026-02-I-133782,2,02/13/2026 11:40 AM,02/13/2026 11:31 AM,,,Hershey - Dispatched To: HMC - Main Hospital > HMC - Main Hospital,2026-02-18 21:43:32,Hershey
108,PSHI-2026-02-I-133779,2,02/13/2026 11:26 AM,02/13/2026 11:21 AM,,Visitor fall.,Hershey - Dispatched To: HMC - Main Hospital - 1 - Rotunda Cafe > HMC - Main Hospital - 1 - Rotunda Cafe,2026-02-18 21:43:32,Hershey
109,PSHI-2026-02-I-133778,2,02/13/2026 11:24 AM,02/13/2026 10:45 AM,,,Hershey - Dispatched To: HMC - Main Hospital - 4 - Neuro > HMC - Main Hospital - 4 - Neuro,2026-02-18 21:43:32,Hershey
111,PSHI-2026-02-I-133776,2,02/13/2026 10:35 AM,02/13/2026 10:07 AM,,,Hershey - Dispatched To: HMC - Centerview Parking Garage > HMC - Centerview Parking Garage,2026-02-18 21:43:32,Hershey
112,PSHI-2026-02-I-133775,2,02/13/2026 10:09 AM,02/13/2026 09:57 AM,,,Hershey - Dispatched To: HMC - Main Hospital - 3 > HMC - Main Hospital - 3,2026-02-18 21:43:32,Hershey
113,PSHI-2026-02-I-133774,2,02/13/2026 10:01 AM,02/13/2026 09:27 AM,,,Hershey - Dispatched To: HMC - UPC-1 > HMC - UPC-1,2026-02-18 21:43:32,Hershey
114,PSHI-2026-02-I-133770,2,02/13/2026 08:07 AM,02/13/2026 07:40 AM,,,Hershey - Dispatched To: HMC - Main Hospital - 1 - Security Operations Center > HMC - Main Hospital - 1 - Security Operations Center,2026-02-18 21:43:32,Hershey
115,PSHI-2026-02-I-133767,2,02/13/2026 06:20 AM,02/13/2026 06:09 AM,,Patient left care prior to discharge.,Hershey - Dispatched To: HMC - Emergency Department > HMC - Emergency Department,2026-02-18 21:43:32,Hershey
116,PSHI-2026-02-I-133766,2,02/13/2026 05:45 AM,02/12/2026 06:23 PM,,Visitor mismatch to the sex offender registry.,Hershey - Reported Location: HMC - Children's Hospital,2026-02-18 21:43:32,Hershey
120,PSHI-2026-02-I-133760,2,02/12/2026 08:03 PM,02/12/2026 06:53 PM,,Assisted clinical staff with agitated patient.,Hershey - Dispatched To: HMC - Emergency Department > HMC - Emergency Department,2026-02-18 21:43:32,Hershey
121,PSHI-2026-02-I-133759,2,02/12/2026 06:48 PM,02/12/2026 05:52 PM,,Assisted clinical staff with agitated patient.,Hershey - Dispatched To: HMC - Emergency Department > HMC - Emergency Department,2026-02-18 21:43:32,Hershey
122,PSHI-2026-02-I-133758,2,02/12/2026 06:41 PM,,,Assisted LE with access to patient.,Hershey - Dispatched To: HMC - 1 - Trauma Surgical Main Southeast      > HMC - 1 - Trauma Surgical Main Southeast,2026-02-18 21:43:32,Hershey
124,PSHI-2026-02-I-133752,2,02/12/2026 04:23 PM,02/12/2026 04:00 PM,,Assisted clinical staff with agitated patient.,Hershey - Dispatched To: HMC - Emergency Department > HMC - Emergency Department,2026-02-18 21:43:32,Hershey
125,PSHI-2026-02-I-133750,2,02/12/2026 02:46 PM,02/12/2026 02:33 PM,,,Hershey - Dispatched To: HMC - Emergency Department > HMC - Emergency Department,2026-02-18 21:43:32,Hershey
127,PSHI-2026-02-I-133749,2,02/12/2026 02:24 PM,,,"Theft of wallet that was lost, mislaid, or delivered by mistake.",Hershey - Dispatched To: COM - College of Medicine > COM - College of Medicine,2026-02-18 21:43:32,Hershey
130,PSHI-2026-02-I-133745,2,02/12/2026 12:23 PM,02/12/2026 11:39 AM,,Assisted clinical staff with agitated patient.,Hershey - Dispatched To: HMC - Emergency Department > HMC - Emergency Department,2026-02-18 21:43:32,Hershey
132,PSHI-2026-02-I-133744,2,02/12/2026 11:01 AM,02/12/2026 10:30 AM,,Assisted clinical staff with agitated patient.,Hershey - Dispatched To: HMC - Emergency Department > HMC - Emergency Department,2026-02-18 21:43:32,Hershey
134,PSHI-2026-02-I-133743,2,02/12/2026 10:31 AM,02/12/2026 09:48 AM,,,Hershey - Dispatched To: HMC - UPC-2 - 1 - Dialysis > HMC - UPC-2 - 1 - Dialysis,2026-02-18 21:43:32,Hershey
135,PSHI-2026-02-I-133742,2,02/12/2026 09:54 AM,02/12/2026 09:10 AM,,Assisted clinical staff with a visitor issue.,Hershey - Dispatched To: HMC - Emergency Department > HMC - Emergency Department,2026-02-18 21:43:32,Hershey
136,PSHI-2026-02-I-133741,2,02/12/2026 09:26 AM,02/12/2026 09:00 AM,,Victim of violence receiving treatment.,Hershey - Dispatched To: HMC - Emergency Department > HMC - Emergency Department,2026-02-18 21:43:32,Hershey
138,PSHI-2026-02-I-133740,2,02/12/2026 08:59 AM,,,Assisted clinical staff with agitated patient.,Hershey - Dispatched To: HMC - Emergency Department > HMC - Emergency Department,2026-02-18 21:43:32,Hershey
139,PSHI-2026-02-I-133737,2,02/12/2026 08:17 AM,02/12/2026 08:04 AM,,Assisted LE with access to forensic kit.,Hershey - Dispatched To: HMC - Emergency Department > HMC - Emergency Department,2026-02-18 21:43:32,Hershey
141,PSHI-2026-02-I-133731,2,02/12/2026 03:22 AM,02/12/2026 02:54 AM,,Intervened in patient elopement.,Hershey - Dispatched To: HMC - Emergency Department > HMC - Emergency Department,2026-02-18 21:43:32,Hershey
143,PSHI-2026-02-I-133729,2,02/12/2026 01:26 AM,02/11/2026 11:57 AM,,Patient left care prior to discharge process being completed.,Hershey - Reported Location: HMC - Emergency Department - 1 - Emergency Department,2026-02-18 21:43:32,Hershey
146,PSHI-2026-02-I-133727,2,02/11/2026 11:27 PM,02/11/2026 08:58 PM,,Assisted clinical staff with agitated patient.,Hershey - Dispatched To: HMC - Main Hospital - 4 - Acute Care > HMC - Main Hospital - 4 - Acute Care,2026-02-18 21:43:32,Hershey
147,PSHI-2026-02-I-133728,2,02/11/2026 11:27 PM,02/11/2026 10:03 PM,,,Hershey - Dispatched To: HMC - Emergency Department > HMC - Emergency Department,2026-02-18 21:43:32,Hershey
148,PSHI-2026-02-I-133725,2,02/11/2026 10:56 PM,02/11/2026 07:35 PM,,Assisted clinical staff with agitated patient.,Hershey - Dispatched To: HMC - Main Hospital - 4 - Acute Care > HMC - Main Hospital - 4 - Acute Care,2026-02-18 21:43:32,Hershey
150,PSHI-2026-02-I-133719,2,02/11/2026 09:35 PM,02/11/2026 08:42 PM,,Assisted clinical staff with agitated patient.,Hershey - Dispatched To: HMC - Emergency Department > HMC - Emergency Department,2026-02-18 21:43:32,Hershey
154,PSHI-2026-02-I-133714,2,02/11/2026 05:08 PM,02/11/2026 04:40 PM,,Theft of wallet.,Hershey - Dispatched To: HMC - UPC-1 > HMC - UPC-1,2026-02-18 21:43:32,Hershey
156,PSHI-2026-02-I-133705,2,02/11/2026 01:58 PM,,,Assisted clinical staff with agitated patient.,Hershey - Dispatched To: HMC - Main Hospital - 6 - Acute Care > HMC - Main Hospital - 6 - Acute Care,2026-02-18 21:43:32,Hershey
157,PSHI-2026-02-I-133704,2,02/11/2026 01:34 PM,02/11/2026 01:20 PM,,Vetted suspicious activity.,Hershey - Dispatched To: COM - College of Medicine - 1 > COM - College of Medicine - 1,2026-02-18 21:43:32,Hershey
158,PSHI-2026-02-I-133703,2,02/11/2026 12:40 PM,02/11/2026 12:16 PM,,Assisted clinical staff with agitated patient.,Hershey - Dispatched To: HMC - Main Hospital - 4 - Acute Care > HMC - Main Hospital - 4 - Acute Care,2026-02-18 21:43:32,Hershey
159,PSHI-2026-02-I-133702,2,02/11/2026 12:13 PM,02/11/2026 10:55 AM,,Assisted clinical staff with agitated patient.,Hershey - Dispatched To: HMC - Main Hospital - 4 - Acute Care > HMC - Main Hospital - 4 - Acute Care,2026-02-18 21:43:32,Hershey
161,PSHI-2026-02-I-133699,2,02/11/2026 11:19 AM,,,Investigated suspicious activity.,Hershey - Dispatched To: HMC - UPC-2 - 2 - Medicine Suite > HMC - UPC-2 - 2 - Medicine Suite,2026-02-18 21:43:32,Hershey
162,PSHI-2026-02-I-133698,2,02/11/2026 11:10 AM,02/11/2026 10:41 PM,,Property damage,Hershey - Dispatched To: HMC - Main Hospital > HMC - Main Hospital,2026-02-18 21:43:32,Hershey
163,PSHI-2026-02-I-133697,2,02/11/2026 11:09 AM,02/11/2026 10:05 PM,,Assisted clinical staff with agitated patient.,Hershey - Dispatched To: HMC - Main Hospital - 6 - Acute Care > HMC - Main Hospital - 6 - Acute Care,2026-02-18 21:43:32,Hershey
164,PSHI-2026-02-I-133696,2,02/11/2026 10:56 AM,02/11/2026 08:01 AM,,Assisted clinical staff with agitated patient.,Hershey - Dispatched To: HMC - Main Hospital - 4 > HMC - Main Hospital - 4,2026-02-18 21:43:32,Hershey
165,PSHI-2026-02-I-133695,2,02/11/2026 10:53 AM,02/11/2026 08:40 AM,,Theft of items.,Hershey - Dispatched To: COM - Basic Science - 7 > COM - Basic Science - 7,2026-02-18 21:43:32,Hershey
168,PSHI-2026-02-I-133691,2,02/11/2026 09:35 AM,02/11/2026 09:20 AM,,Assisted clinical staff with agitated patient.,Hershey - Dispatched To: HMC - Children's Hospital > HMC - Children's Hospital,2026-02-18 21:43:32,Hershey
172,PSHI-2026-02-I-133686,2,02/11/2026 04:17 AM,02/10/2026 10:59 PM,,Visitor match to the sex offender registry.,Hershey - Dispatched To: HMC - Children's Hospital > HMC - Children's Hospital,2026-02-18 21:43:32,Hershey
173,PSHI-2026-02-I-133685,2,02/11/2026 04:12 AM,,,Team de-escalation for agitated patient.,Hershey - Dispatched To: HMC - Emergency Department > HMC - Emergency Department,2026-02-18 21:43:32,Hershey
174,PSHI-2026-02-I-133684,2,02/11/2026 04:08 AM,02/10/2026 11:15 PM,,Vetted visitor through lobby management software.,Hershey - Dispatched To: HMC - Main Hospital - 1 - Main Information Desk > HMC - Main Hospital - 1 - Main Information Desk,2026-02-18 21:43:32,Hershey
175,PSHI-2026-02-I-133679,2,02/11/2026 12:58 AM,02/11/2026 12:13 AM,,Victim of violence receiving treatment.,Hershey - Dispatched To: HMC - Emergency Department > HMC - Emergency Department,2026-02-18 21:43:32,Hershey
176,PSHI-2026-02-I-133678,2,02/11/2026 12:55 AM,02/10/2026 07:51 AM,,Assisted clinical staff with agitated patient.,Hershey - Dispatched To: HMC - Main Hospital > HMC - Main Hospital,2026-02-18 21:43:32,Hershey
177,PSHI-2026-02-I-133677,2,02/11/2026 12:17 AM,02/10/2026 11:25 PM,,Assisted clinical staff with agitated patient.,Hershey - Dispatched To: HMC - Main Hospital > HMC - Main Hospital,2026-02-18 21:43:32,Hershey
185,PSHI-2026-02-I-133660,2,02/10/2026 03:45 PM,02/10/2026 03:52 PM,,Cashiers office escort.,Hershey - Dispatched To: HMC - Main Hospital - 1 - Cashier's Office > HMC - Main Hospital - 1 - Cashier's Office,2026-02-18 21:43:32,Hershey
186,PSHI-2026-02-I-133659,2,02/10/2026 03:37 PM,02/10/2026 02:00 PM,,Provider received scam DEA call.,Hershey - Dispatched To: HMC - Main Hospital - 1 - Security Operations Center > HMC - Main Hospital - 1 - Security Operations Center,2026-02-18 21:43:32,Hershey
188,PSHI-2026-02-I-133650,2,02/10/2026 02:18 PM,02/10/2026 02:04 PM,,Visitor fall.,Hershey - Dispatched To: HMC - UPC-1 > HMC - UPC-1,2026-02-18 21:43:32,Hershey
199,PSHI-2026-02-I-133646,2,02/10/2026 10:22 AM,02/10/2026 10:02 AM,,Assisted clinical staff with complex social issue involving patient.,Hershey - Dispatched To: HMC - Children's Hospital > HMC - Children's Hospital,2026-02-18 21:43:32,Hershey
200,PSHI-2026-02-I-133643,2,02/10/2026 08:20 AM,02/10/2026 08:17 AM,,Medical marijuana safekeeping.,Hershey - Dispatched To: HMC - Children's Hospital - 3 > HMC - Children's Hospital - 3,2026-02-18 21:43:32,Hershey
201,PSHI-2026-02-I-133638,2,02/10/2026 02:30 AM,02/10/2026 01:38 AM,,Visitor mismatch to the sex offender registry.,Hershey - Dispatched To: HMC - Children's Hospital > HMC - Children's Hospital,2026-02-18 21:43:32,Hershey
202,PSHI-2026-02-I-133635,2,02/10/2026 12:34 AM,02/09/2026 10:30 PM,,Assisted clinical staff with agitated patient.,Hershey - Dispatched To: HMC - Children's Hospital - 5 > HMC - Children's Hospital - 5,2026-02-18 21:43:32,Hershey
203,PSHI-2026-02-I-133634,2,02/10/2026 12:30 AM,,,Received court documents.,Hershey - Dispatched To: HMC - Children's Hospital - 7 - Labor and Delivery  > HMC - Children's Hospital - 7 - Labor and Delivery,2026-02-18 21:43:32,Hershey
204,PSHI-2026-02-I-133633,2,02/09/2026 11:47 PM,,,Assisted with unlocked door.,Hershey - Dispatched To: HMC - UPC-1 > HMC - UPC-1,2026-02-18 21:43:32,Hershey
208,PSHI-2026-02-I-133624,2,02/09/2026 08:31 PM,02/09/2026 06:14 PM,,Assisted staff with employee problem.,Hershey - Dispatched To: HMC - Children's Hospital > HMC - Children's Hospital,2026-02-18 21:43:32,Hershey
210,PSHI-2026-02-I-133616,2,02/09/2026 05:16 PM,02/09/2026 05:00 PM,,Court order received.,Hershey - Dispatched To: HMC - Main Hospital - 1 - Security Operations Center > HMC - Main Hospital - 1 - Security Operations Center,2026-02-18 21:43:32,Hershey
214,PSHI-2026-02-I-133615,2,02/09/2026 04:24 PM,02/09/2026 04:10 PM,,Safe keeping of medical marijuana.,Hershey - Dispatched To: HMC - Children's Hospital - 3 > HMC - Children's Hospital - 3,2026-02-18 21:43:32,Hershey
220,PSHI-2026-02-I-133607,2,02/09/2026 02:32 PM,02/06/2026 02:00 PM,,Assisted clinical staff with agitated patient.,"Hershey - Reported Location: HMC Off-Site - PSCMG - Mechanicsburg - 335 Lambs Gap Rd, Mechanicsburg PA 17050 - PSCMG",2026-02-18 21:43:32,Hershey
221,PSHI-2026-02-I-133606,2,02/09/2026 02:24 PM,02/09/2026 02:05 PM,,Team de-escalation plan for agitated patient.,Hershey - Dispatched To: HMC - Emergency Department > HMC - Emergency Department,2026-02-18 21:43:32,Hershey
223,PSHI-2026-02-I-133602,2,02/09/2026 02:03 PM,02/06/2026 02:01 PM,,,Hershey - Reported Location: HMC - Parking Lot - Lot M2,2026-02-18 21:43:32,Hershey
227,PSHI-2026-02-I-133592,2,02/09/2026 11:00 AM,02/09/2026 10:33 AM,,Received court documents.,Hershey - Dispatched To: HMC - Children's Hospital > HMC - Children's Hospital,2026-02-18 21:43:32,Hershey
230,PSHI-2026-02-I-133589,2,02/09/2026 09:27 AM,02/09/2026 09:04 AM,,Assisted staff with employee problem.,Hershey - Dispatched To: HMC - Main Hospital - 1 > HMC - Main Hospital - 1,2026-02-18 21:43:32,Hershey
233,PSHI-2026-02-I-133581,2,02/09/2026 03:48 AM,02/09/2026 03:31 AM,,Assisted LE with access to patient.,Hershey - Dispatched To: HMC - Emergency Department > HMC - Emergency Department,2026-02-18 21:43:32,Hershey
235,PSHI-2026-02-I-133580,2,02/09/2026 03:25 AM,02/08/2026 10:36 PM,,Team de-escalation for agitated patient.,Hershey - Dispatched To: HMC - Main Hospital > HMC - Main Hospital,2026-02-18 21:43:32,Hershey
236,PSHI-2026-02-I-133578,2,02/09/2026 01:44 AM,02/09/2026 12:46 AM,,Assisted clinical staff with agitated patient.,Hershey - Dispatched To: HMC - Main Hospital > HMC - Main Hospital,2026-02-18 21:43:32,Hershey
237,PSHI-2026-02-I-133577,2,02/09/2026 01:07 AM,02/09/2026 12:46 AM,,Report made in error.,Hershey - Dispatched To: HMC - Main Hospital - 6 - Acute Care > HMC - Main Hospital - 6 - Acute Care,2026-02-18 21:43:32,Hershey
238,PSHI-2026-02-I-133576,2,02/09/2026 12:17 AM,02/08/2026 11:00 PM,,Assisted LE with access to patient.,Hershey - Dispatched To: HMC - Main Hospital > HMC - Main Hospital,2026-02-18 21:43:32,Hershey
239,PSHI-2026-02-I-133575,2,02/08/2026 11:50 PM,02/09/2026 11:09 PM,,Patient threatened staff member.,Hershey - Dispatched To: HMC - Main Hospital - 4 - Acute Care > HMC - Main Hospital - 4 - Acute Care,2026-02-18 21:43:32,Hershey
240,PSHI-2026-02-I-133574,2,02/08/2026 11:49 PM,,,Assisted LE with access to patient.,Hershey - Dispatched To: HMC - Main Hospital - 6 - MIMCU > HMC - Main Hospital - 6 - MIMCU,2026-02-18 21:43:32,Hershey
242,PSHI-2026-02-I-133573,2,02/08/2026 10:44 PM,02/08/2026 06:04 PM,,Assisted clinical staff with agitated patient.,Hershey - Dispatched To: HMC - Main Hospital - 6 - Medicine > HMC - Main Hospital - 6 - Medicine,2026-02-18 21:43:32,Hershey
243,PSHI-2026-02-I-133571,2,02/08/2026 10:23 PM,02/08/2026 08:08 PM,,Assisted clinical staff with agitated patient.,Hershey - Dispatched To: HMC - Main Hospital - 4 - Acute Care > HMC - Main Hospital - 4 - Acute Care,2026-02-18 21:43:32,Hershey
244,PSHI-2026-02-I-133570,2,02/08/2026 10:06 PM,02/08/2026 09:22 PM,,Assisted staff with a visitor issue.,Hershey - Dispatched To: HMC - Main Hospital > HMC - Main Hospital,2026-02-18 21:43:32,Hershey
247,PSHI-2026-02-I-133567,2,02/08/2026 05:45 PM,02/08/2026 05:30 PM,,Assisted clinical staff with agitated patient.,Hershey - Dispatched To: HMC - Main Hospital - 6 - Medicine > HMC - Main Hospital - 6 - Medicine,2026-02-18 21:43:32,Hershey
248,PSHI-2026-02-I-133565,2,02/08/2026 04:49 PM,02/08/2026 03:50 PM,,Assisted staff with video policy enforcement.,Hershey - Dispatched To: HMC - Emergency Department > HMC - Emergency Department,2026-02-18 21:43:32,Hershey
251,PSHI-2026-02-I-133563,2,02/08/2026 03:17 PM,02/08/2026 02:12 PM,,Assisted staff with employee problem.,Hershey - Dispatched To: HMC - Main Hospital - 1 - HVICCU > HMC - Main Hospital - 1 - HVICCU,2026-02-18 21:43:32,Hershey
258,PSHI-2026-02-I-133554,2,02/08/2026 02:26 AM,02/07/2026 06:40 PM,,Assisted clinical staff with agitated patient.,Hershey - Dispatched To: HMC - Main Hospital - 6 - Acute Care > HMC - Main Hospital - 6 - Acute Care,2026-02-18 21:43:32,Hershey
259,PSHI-2026-02-I-133555,2,02/08/2026 02:26 AM,02/07/2026 08:52 PM,,Assisted clinical staff with agitated patient.,Hershey - Dispatched To: HMC - Main Hospital - 4 - Neuro > HMC - Main Hospital - 4 - Neuro,2026-02-18 21:43:32,Hershey
262,PSHI-2026-02-I-133553,2,02/08/2026 12:32 AM,02/07/2026 09:36 AM,,Assisted clinical staff with agitated patient.,Hershey - Dispatched To: HMC - Main Hospital > HMC - Main Hospital,2026-02-18 21:43:32,Hershey
268,PSHI-2026-02-I-133550,2,02/07/2026 11:28 PM,02/07/2026 10:03 PM,,Rolling domestic assault on campus.,Hershey - Dispatched To: HMC - Emergency Department > HMC - Emergency Department,2026-02-18 21:43:32,Hershey
269,PSHI-2026-02-I-133545,2,02/07/2026 10:01 PM,02/07/2026 06:50 PM,,Assisted clinical staff with agitated patient.,Hershey - Dispatched To: HMC - Main Hospital > HMC - Main Hospital,2026-02-18 21:43:32,Hershey
278,PSHI-2026-02-I-133543,2,02/07/2026 07:04 PM,02/07/2026 06:38 PM,,Victim of violence receiving treatment.,Hershey - Dispatched To: HMC - Emergency Department > HMC - Emergency Department,2026-02-18 21:43:32,Hershey
280,PSHI-2026-02-I-133537,2,02/07/2026 04:54 PM,02/07/2026 04:07 PM,,Assisted clinical staff with agitated patient.,Hershey - Dispatched To: HMC - Emergency Department > HMC - Emergency Department,2026-02-18 21:43:32,Hershey
281,PSHI-2026-02-I-133535,2,02/07/2026 04:19 PM,,,,Hershey - Dispatched To: HMC - Main Hospital > HMC - Main Hospital,2026-02-18 21:43:32,Hershey
286,PSHI-2026-02-I-133521,2,02/07/2026 09:30 AM,02/07/2026 05:41 AM,,Assisted clinical staff with actively eloping patient.,Hershey - Dispatched To: HMC - Main Hospital > HMC - Main Hospital,2026-02-18 21:43:32,Hershey
294,PSHI-2026-02-I-133519,2,02/07/2026 02:04 AM,02/06/2026 11:27 PM,,Assisted clinical staff with agitated patient.,Hershey - Dispatched To: HMC - Main Hospital - 5 - Acute Care > HMC - Main Hospital - 5 - Acute Care,2026-02-18 21:43:32,Hershey
295,PSHI-2026-02-I-133518,2,02/07/2026 01:59 AM,02/06/2026 11:19 PM,,Assisted clinical staff with agitated patient.,Hershey - Dispatched To: HMC - Main Hospital - 6 - Acute Care > HMC - Main Hospital - 6 - Acute Care,2026-02-18 21:43:32,Hershey
300,PSHI-2026-02-I-133516,2,02/07/2026 12:12 AM,02/06/2026 10:20 PM,,Assisted clinical staff with a visitor issue.,Hershey - Dispatched To: HMC - Children's Hospital - 4 - PICU > HMC - Children's Hospital - 4 - PICU,2026-02-18 21:43:32,Hershey
306,PSHI-2026-02-I-133509,2,02/06/2026 09:54 PM,02/06/2026 09:47 PM,,Assisted clinical staff with an escort.,Hershey - Dispatched To: HMC - Emergency Department - 1 - ED Obs Unit > HMC - Emergency Department - 1 - ED Obs Unit,2026-02-18 21:43:32,Hershey
310,PSHI-2026-02-I-133506,2,02/06/2026 05:34 PM,02/06/2026 04:52 PM,,Vendor damaged property.,Hershey - Dispatched To: HMC and COM - Central Plant > HMC and COM - Central Plant,2026-02-18 21:43:32,Hershey
314,PSHI-2026-02-I-133504,2,02/06/2026 04:21 PM,02/06/2026 03:44 PM,,Assisted clinical staff with a visitor issue.,Hershey - Dispatched To: HMC - Main Hospital - 3 - HVI\HVOC > HMC - Main Hospital - 3 - HVI\HVOC,2026-02-18 21:43:32,Hershey
319,PSHI-2026-02-I-133496,2,02/06/2026 02:26 PM,02/06/2026 01:37 PM,,Assisted clinical staff with agitated patient.,Hershey - Dispatched To: HMC - Emergency Department > HMC - Emergency Department,2026-02-18 21:43:32,Hershey
324,PSHI-2026-02-I-133491,2,02/06/2026 12:27 PM,02/05/2026 07:27 PM,,Vendor and visitor issue resolved.,Hershey - Dispatched To: HMC - Children's Hospital > HMC - Children's Hospital,2026-02-18 21:43:32,Hershey
328,PSHI-2026-02-I-133486,2,02/06/2026 09:23 AM,02/06/2026 09:12 AM,,Assisted clinical staff with agitated patient.,Hershey - Dispatched To: HMC - Emergency Department > HMC - Emergency Department,2026-02-18 21:43:32,Hershey
333,PSHI-2026-02-I-133481,2,02/06/2026 05:24 AM,02/06/2026 05:13 AM,,Assisted clinical staff with agitated patient.,Hershey - Dispatched To: HMC - Main Hospital > HMC - Main Hospital,2026-02-18 21:43:32,Hershey
334,PSHI-2026-02-I-133479,2,02/06/2026 04:36 AM,02/06/2026 03:50 AM,,Visitor medical emergency.,Hershey - Dispatched To: HMC - Emergency Department > HMC - Emergency Department,2026-02-18 21:43:32,Hershey
337,PSHI-2026-02-I-133477,2,02/06/2026 02:09 AM,02/06/2026 12:30 AM,,Assisted Law Enforcement with an intrusion alarm that was set off by cleaning crew.,Hershey - Dispatched To: HMC - 15 Hope Drive - HOSC > HMC - 15 Hope Drive - HOSC,2026-02-18 21:43:32,Hershey
338,PSHI-2026-02-I-133475,2,02/06/2026 12:38 AM,02/06/2026 09:54 PM,,Walk of life.,Hershey - Dispatched To: HMC - Children's Hospital - 4 > HMC - Children's Hospital - 4,2026-02-18 21:43:32,Hershey
340,PSHI-2026-02-I-133467,2,02/05/2026 10:38 PM,02/05/2026 09:12 PM,,Visitor mismatch to the sex offender registry.,Hershey - Dispatched To: HMC - Children's Hospital > HMC - Children's Hospital,2026-02-18 21:43:32,Hershey
341,PSHI-2026-02-I-133465,2,02/05/2026 08:51 PM,02/05/2026 06:25 PM,,Safekeeping of Patient Medications.,Hershey - Dispatched To: HMC - Children's Hospital > HMC - Children's Hospital,2026-02-18 21:43:32,Hershey
349,PSHI-2026-02-I-133459,2,02/05/2026 04:28 PM,02/05/2026 03:45 PM,,Assisted clinical staff with agitated patient.,Hershey - Dispatched To: HMC - Main Hospital - 2 > HMC - Main Hospital - 2,2026-02-18 21:43:32,Hershey
350,PSHI-2026-02-I-133458,2,02/05/2026 04:15 PM,02/05/2026 12:58 PM,,Assisted clinical staff with agitated visitor.,"Hershey - Dispatched To: HMC Off-Site - PSMG - Camp Hill, Specialties - PSMG > HMC Off-Site - PSMG - Camp Hill, Specialties - PSMG",2026-02-18 21:43:32,Hershey
351,PSHI-2026-02-I-133457,2,02/05/2026 04:15 PM,02/05/2026 04:04 PM,,Assisted patient with property related matter.,Hershey - Dispatched To: HMC - Main Hospital - 1 - Cashier's Office > HMC - Main Hospital - 1 - Cashier's Office,2026-02-18 21:43:32,Hershey
354,PSHI-2026-02-I-133455,2,02/05/2026 03:57 PM,02/05/2026 01:52 PM,,Asset and equipment accountability audit.,Hershey - Reported Location: HMC - Children's Hospital - 7 - Women's Health Post/Antepartum,2026-02-18 21:43:32,Hershey
358,PSHI-2026-02-I-133450,2,02/05/2026 02:17 PM,02/05/2026 01:46 PM,,Assisted clinical staff with an agitated patient.,Hershey - Dispatched To: HMC - Emergency Department > HMC - Emergency Department,2026-02-18 21:43:32,Hershey
359,PSHI-2026-02-I-133448,2,02/05/2026 01:23 PM,02/05/2026 11:01 AM,,Property related matter.,Hershey - Dispatched To: HMC - Centerview Parking Garage > HMC - Centerview Parking Garage,2026-02-18 21:43:32,Hershey
370,PSHI-2026-02-I-133435,2,02/05/2026 06:03 AM,,,Assisted clinical staff with agitated patient.,Hershey - Dispatched To: HMC - Main Hospital - 4 - Acute Care > HMC - Main Hospital - 4 - Acute Care,2026-02-18 21:43:32,Hershey
374,PSHI-2026-02-I-133426,2,02/05/2026 12:52 AM,,,Assisted clinical staff with agitated patient.,Hershey - Dispatched To: HMC - Emergency Department > HMC - Emergency Department,2026-02-18 21:43:32,Hershey
375,PSHI-2026-02-I-133423,2,02/05/2026 12:34 AM,02/04/2026 11:45 PM,,Assisted clinical staff with agitated patient.,Hershey - Dispatched To: HMC - Main Hospital - 6 - Acute Care > HMC - Main Hospital - 6 - Acute Care,2026-02-18 21:43:32,Hershey
383,PSHI-2026-02-I-133415,2,02/04/2026 04:49 PM,02/04/2026 02:50 PM,,Property related matter.,Hershey - Dispatched To: HMC - Parking Lot - Lot J > HMC - Parking Lot - Lot J,2026-02-18 21:43:32,Hershey
387,PSHI-2026-02-I-133413,2,02/04/2026 03:45 PM,02/04/2026 03:10 PM,,Assisted clinical staff with agitated patient.,Hershey - Dispatched To: HPD - Emergency Department > HPD - Emergency Department,2026-02-18 21:43:32,Hershey
388,PSHI-2026-02-I-133411,2,02/04/2026 02:45 PM,02/04/2026 01:53 PM,,Assisted clinical staff with agitated patient.,Hershey - Dispatched To: HMC - Emergency Department > HMC - Emergency Department,2026-02-18 21:43:32,Hershey
392,PSHI-2026-02-I-133409,2,02/04/2026 01:21 PM,02/04/2026 12:15 PM,,Patient punched security officer.,Hershey - Dispatched To: HMC - Emergency Department > HMC - Emergency Department,2026-02-18 21:43:32,Hershey
393,PSHI-2026-02-I-133408,2,02/04/2026 12:59 PM,02/04/2026 12:46 PM,,Visitor match to the sex offender registry.,Hershey - Dispatched To: HMC - Children's Hospital - 1 - Children's Hospital Main Information Desk > HMC - Children's Hospital - 1 - Children's Hospital Main Information Desk,2026-02-18 21:43:32,Hershey
400,PSHI-2026-02-I-133403,2,02/04/2026 09:27 AM,02/04/2026 07:52 AM,,Vehicle incident.,Hershey - Dispatched To: HMC - 30 Hope Drive > HMC - 30 Hope Drive,2026-02-18 21:43:32,Hershey
404,PSHI-2026-02-I-133394,2,02/04/2026 01:26 AM,02/04/2026 12:47 AM,,Assisted clinical staff with agitated visitor,Hershey - Dispatched To: HMC - Emergency Department > HMC - Emergency Department,2026-02-18 21:43:32,Hershey
405,PSHI-2026-02-I-133393,2,02/04/2026 01:21 AM,02/04/2026 12:23 AM,,Assisted clinical staff with an agitated patient.,Hershey - Dispatched To: HMC - Main Hospital > HMC - Main Hospital,2026-02-18 21:43:32,Hershey
406,PSHI-2026-02-I-133392,2,02/04/2026 01:13 AM,02/03/2026 10:25 PM,,Assisted clinical staff with an agitated patient.,Hershey - Dispatched To: HMC - Emergency Department > HMC - Emergency Department,2026-02-18 21:43:32,Hershey
408,PSHI-2026-02-I-133389,2,02/03/2026 11:34 PM,02/02/2026 09:05 PM,,Assisted clinical staff with a patient stand-by.,Hershey - Dispatched To: HMC - Emergency Department > HMC - Emergency Department,2026-02-18 21:43:32,Hershey
412,PSHI-2026-02-I-133383,2,02/03/2026 08:04 PM,02/03/2026 06:37 PM,,Assisted clinical staff with agitated patient.,Hershey - Dispatched To: HMC - Main Hospital > HMC - Main Hospital,2026-02-18 21:43:32,Hershey
413,PSHI-2026-02-I-133382,2,02/03/2026 07:45 PM,02/03/2026 06:40 PM,,Assisted clinical staff with an agitated patient.,Hershey - Dispatched To: HMC - Emergency Department > HMC - Emergency Department,2026-02-18 21:43:32,Hershey
417,PSHI-2026-02-I-133377,2,02/03/2026 04:34 PM,02/03/2026 01:12 PM,,Release/return of personal property to patient.,Hershey - Dispatched To: HMC - Emergency Department - 1 - Emergency Department > HMC - Emergency Department - 1 - Emergency Department,2026-02-18 21:43:32,Hershey
425,PSHI-2026-02-I-133374,2,02/03/2026 02:03 PM,02/03/2026 12:31 PM,,Vehicle incident.,Hershey - Dispatched To: HMC - Parking Lot - Lot G > HMC - Parking Lot - Lot G,2026-02-18 21:43:32,Hershey
426,PSHI-2026-02-I-133373,2,02/03/2026 02:01 PM,02/03/2026 01:45 PM,,Assisted clinical staff with a patient stand-by.,Hershey - Dispatched To: HMC - Emergency Department > HMC - Emergency Department,2026-02-18 21:43:32,Hershey
431,PSHI-2026-02-I-133367,2,02/03/2026 12:05 PM,02/03/2026 12:04 PM,,Dismissal letter.,Hershey - Reported Location: HMC Off-Site - PSMG - Cocoa Outpatient Center - PSMG,2026-02-18 21:43:32,Hershey
433,PSHI-2026-02-I-133366,2,02/03/2026 11:32 AM,02/03/2026 11:04 AM,,Assisted clinical staff with an agitated patient.,Hershey - Dispatched To: HMC - Main Hospital - 6 - MIMCU > HMC - Main Hospital - 6 - MIMCU,2026-02-18 21:43:32,Hershey
437,PSHI-2026-02-I-133362,2,02/03/2026 09:02 AM,02/03/2026 08:45 AM,,Assisted clinical staff with an agitated patient.,Hershey - Dispatched To: HMC - Emergency Department > HMC - Emergency Department,2026-02-18 21:43:32,Hershey
439,PSHI-2026-02-I-133357,2,02/03/2026 05:49 AM,09/02/1945 05:38 PM,,Assisted clinical staff with an agitated patient.,Hershey - Dispatched To: HMC - Main Hospital - 4 - Neuro > HMC - Main Hospital - 4 - Neuro,2026-02-18 21:43:32,Hershey
443,PSHI-2026-02-I-133352,2,02/02/2026 10:28 PM,02/02/2026 06:54 PM,,Team deescalation plan for agitated patient.,Hershey - Dispatched To: HMC - Main Hospital - 6 - MIMCU > HMC - Main Hospital - 6 - MIMCU,2026-02-18 21:43:32,Hershey
445,PSHI-2026-02-I-133348,2,02/02/2026 10:02 PM,02/02/2026 06:17 PM,,Assisted clinical staff with an agitated visitor and patient.,Hershey - Dispatched To: HMC - Main Hospital > HMC - Main Hospital,2026-02-18 21:43:32,Hershey
446,PSHI-2026-02-I-133345,2,02/02/2026 08:23 PM,02/02/2026 08:00 PM,,Assisted clinical staff with an agitated patient.,Hershey - Dispatched To: HMC - Emergency Department > HMC - Emergency Department,2026-02-18 21:43:32,Hershey
451,PSHI-2026-02-I-133344,2,02/02/2026 06:00 PM,,,Team deescalation plan for an agitated patient and visitor.,Hershey - Dispatched To: HMC - Emergency Department - 1 - Peds ER > HMC - Emergency Department - 1 - Peds ER,2026-02-18 21:43:32,Hershey
452,PSHI-2026-02-I-133342,2,02/02/2026 05:28 PM,02/02/2026 11:20 AM,,Property related matter.,Hershey - Dispatched To: HMC - Parking Lot - Lot H > HMC - Parking Lot - Lot H,2026-02-18 21:43:32,Hershey
453,PSHI-2026-02-I-133341,2,02/02/2026 05:28 PM,02/03/2026 11:00 AM,,Assisted law enforcement with access to a patient.,Hershey - Dispatched To: HMC - Emergency Department > HMC - Emergency Department,2026-02-18 21:43:32,Hershey
454,PSHI-2026-02-I-133343,2,02/02/2026 05:28 PM,02/02/2026 04:51 PM,,Assisted clinical staff with an agitated patient.,Hershey - Dispatched To: HMC - Emergency Department > HMC - Emergency Department,2026-02-18 21:43:32,Hershey
455,PSHI-2026-02-I-133340,2,02/02/2026 04:48 PM,02/02/2026 03:20 PM,,Assisted clinical staff with a visitor issue.,Hershey - Dispatched To: HMC - Main Hospital - 2 - South PACU > HMC - Main Hospital - 2 - South PACU,2026-02-18 21:43:32,Hershey
457,PSHI-2026-02-I-133338,2,02/02/2026 03:15 PM,02/02/2026 02:20 PM,,Assisted clinical staff with an agitated visitor issue.,Hershey - Dispatched To: HMC - UPC-2 - 3 - Surgery Specialties > HMC - UPC-2 - 3 - Surgery Specialties,2026-02-18 21:43:32,Hershey
463,PSHI-2026-02-I-133335,2,02/02/2026 09:57 AM,01/30/2026 09:42 AM,,Property related matter (damage).,Hershey - Reported Location: HMC - Parking Lot - Lot M1,2026-02-18 21:43:32,Hershey
464,PSHI-2026-02-I-133334,2,02/02/2026 09:37 AM,01/13/2026 02:33 PM,,Visitor fall at Lime Spring Specialties Clinic.,"Hershey - Reported Location: HMC Off-Site - PSMG - Lime Spring Adult Specialties, Noll Drive Lancaster - PSMG",2026-02-18 21:43:32,Hershey
465,PSHI-2026-02-I-133333,2,02/02/2026 09:31 AM,02/02/2026 08:37 AM,,Assisted clinical staff with an agitated patient.,Hershey - Dispatched To: HMC - Emergency Department > HMC - Emergency Department,2026-02-18 21:43:32,Hershey
466,PSHI-2026-02-I-133332,2,02/02/2026 09:23 AM,02/02/2026 06:35 AM,,Assisted clinical staff with a visitor issue.,Hershey - Dispatched To: HMC - Main Hospital - 7 - PSCI > HMC - Main Hospital - 7 - PSCI,2026-02-18 21:43:32,Hershey
467,PSHI-2026-02-I-133331,2,02/02/2026 09:23 AM,02/06/2026 07:48 AM,,Assisted clinical staff with agitated patient.,Hershey - Dispatched To: HMC - Main Hospital - 6 - Acute Care > HMC - Main Hospital - 6 - Acute Care,2026-02-18 21:43:32,Hershey
472,PSHI-2026-02-I-133326,2,02/02/2026 03:44 AM,02/02/2026 12:41 AM,,Visitor mismatch to the sex offender registry.,Hershey - Dispatched To: HMC - Children's Hospital > HMC - Children's Hospital,2026-02-18 21:43:32,Hershey
473,PSHI-2026-02-I-133325,2,02/02/2026 01:50 AM,,,Assisted clinical staff with agitated patient.,Hershey - Dispatched To: HMC - Main Hospital > HMC - Main Hospital,2026-02-18 21:43:32,Hershey
474,PSHI-2026-02-I-133324,2,02/02/2026 01:09 AM,02/01/2026 06:22 AM,,Patient left clinical treatment prior to discharge. Assisted clinical staff with an agitated patient.,Hershey - Dispatched To: HMC - Emergency Department > HMC - Emergency Department,2026-02-18 21:43:32,Hershey
475,PSHI-2026-02-I-133322,2,02/02/2026 12:07 AM,02/01/2026 07:40 PM,,Vehicle incident involving property damage.,Hershey - Dispatched To: HMC - Centerview Drive Roadway > HMC - Centerview Drive Roadway,2026-02-18 21:43:32,Hershey
478,PSHI-2026-02-I-133319,2,02/01/2026 11:03 PM,02/01/2026 09:34 PM,,Assisted clinical staff with agitated patient.,Hershey - Dispatched To: HMC - Emergency Department > HMC - Emergency Department,2026-02-18 21:43:32,Hershey
479,PSHI-2026-02-I-133317,2,02/01/2026 09:54 PM,,,Assisted LE with access to patient.,Hershey - Dispatched To: HMC - Children's Hospital - 1 - Children's Hospital Main Information Desk > HMC - Children's Hospital - 1 - Children's Hospital Main Information Desk,2026-02-18 21:43:32,Hershey
484,PSHI-2026-02-I-133309,2,02/01/2026 04:22 PM,02/01/2026 04:02 PM,,Assisted patient with property related issue.,Hershey - Dispatched To: HMC - Main Hospital > HMC - Main Hospital,2026-02-18 21:43:32,Hershey
485,PSHI-2026-02-I-133306,2,02/01/2026 03:47 PM,02/01/2026 03:16 PM,,Assisted patient with property related matter.,Hershey - Dispatched To: HMC - Main Hospital > HMC - Main Hospital,2026-02-18 21:43:32,Hershey
486,PSHI-2026-02-I-133305,2,02/01/2026 03:16 PM,02/01/2026 02:55 PM,,Assisted administrative staff with safekeeping of items.,Hershey - Dispatched To: HMC - Main Hospital - 1 - Cashier's Office > HMC - Main Hospital - 1 - Cashier's Office,2026-02-18 21:43:32,Hershey
487,PSHI-2026-02-I-133304,2,02/01/2026 02:53 PM,02/01/2026 02:48 PM,,Safekeeping of visitor firearm.,Hershey - Dispatched To: HMC - Main Hospital - 1 - Security Operations Center > HMC - Main Hospital - 1 - Security Operations Center,2026-02-18 21:43:32,Hershey
488,PSHI-2026-02-I-133303,2,02/01/2026 02:29 PM,02/01/2026 02:19 PM,,Former patient harassed team via phone.,Hershey - Dispatched To: HMC - Main Hospital - 1 - Security Operations Center > HMC - Main Hospital - 1 - Security Operations Center,2026-02-18 21:43:32,Hershey
495,PSHI-2026-02-I-133299,2,02/01/2026 12:14 PM,02/01/2026 11:15 AM,,Patient punched nurse.,Hershey - Dispatched To: HMC - Main Hospital > HMC - Main Hospital,2026-02-18 21:43:32,Hershey
497,PSHI-2026-02-I-133297,2,02/01/2026 10:28 AM,02/01/2026 10:16 AM,,Assisted patient with property related matter.,Hershey - Dispatched To: HMC - Main Hospital - 1 - Cashier's Office > HMC - Main Hospital - 1 - Cashier's Office,2026-02-18 21:43:32,Hershey
498,PSHI-2026-02-I-133295,2,02/01/2026 09:16 AM,02/01/2026 06:49 AM,,Assisted visitor with a vandalism complaint.,Hershey - Dispatched To: HMC - Centerview Parking Garage > HMC - Centerview Parking Garage,2026-02-18 21:43:32,Hershey
499,PSHI-2026-02-I-133294,2,02/01/2026 09:12 AM,02/01/2026 06:34 AM,,Visitor medical emergency.,Hershey - Dispatched To: HMC - Main Hospital > HMC - Main Hospital,2026-02-18 21:43:32,Hershey
501,PSHI-2026-02-I-133287,2,02/01/2026 02:23 AM,02/01/2026 01:49 AM,,Assisted law enforcement with access to patient.,Hershey - Dispatched To: HMC - Emergency Department > HMC - Emergency Department,2026-02-18 21:43:32,Hershey
504,PSHI-2026-02-I-133284,2,02/01/2026 12:53 AM,01/31/2026 11:59 PM,,Assisted clinical staff with unlock.,Hershey - Dispatched To: HMC - Emergency Department > HMC - Emergency Department,2026-02-18 21:43:32,Hershey
505,PSHI-2026-01-I-133282,2,01/31/2026 10:15 PM,01/31/2026 08:52 PM,,Assisted clinical staff with agitated caller.,Hershey - Dispatched To: HMC - Main Hospital - 1 - Security Operations Center > HMC - Main Hospital - 1 - Security Operations Center,2026-02-18 21:43:32,Hershey
507,PSHI-2026-01-I-133281,2,01/31/2026 08:22 PM,01/31/2026 07:30 PM,,Assisted clinical staff with agitated patient.,Hershey - Dispatched To: HMC - Emergency Department > HMC - Emergency Department,2026-02-18 21:43:32,Hershey
523,PSHI-2026-01-I-133264,2,01/31/2026 10:34 AM,01/31/2026 09:20 AM,,Property related matter (damage).,Hershey - Dispatched To: HMC - South Parking Garage > HMC - South Parking Garage,2026-02-18 21:43:32,Hershey
525,PSHI-2026-01-I-133263,2,01/31/2026 09:20 AM,,,Patient made threatening statements to staff.,Hershey - Dispatched To: HMC - Main Hospital - 1 - Security Operations Center > HMC - Main Hospital - 1 - Security Operations Center,2026-02-18 21:43:32,Hershey
529,PSHI-2026-01-I-133261,2,01/31/2026 08:02 AM,01/31/2026 07:45 AM,,Assisted switchboard personnel with agitated caller.,Hershey - Dispatched To: HMC - Main Hospital - 1 - Security Operations Center > HMC - Main Hospital - 1 - Security Operations Center,2026-02-18 21:43:32,Hershey
530,PSHI-2026-01-I-133257,2,01/31/2026 07:01 AM,01/30/2026 05:01 PM,,Minor crash on campus.,Hershey - Dispatched To: HMC - UPC-1 > HMC - UPC-1,2026-02-18 21:43:32,Hershey
531,PSHI-2026-01-I-133256,2,01/31/2026 05:59 AM,01/31/2026 05:42 AM,,Assisted visitor in locating vehicle.,Hershey -,2026-02-18 21:43:32,Hershey
536,PSHI-2026-01-I-133252,2,01/31/2026 01:16 AM,,,Assisted clinical staff with agitated patient.,Hershey - Dispatched To: HMC - Emergency Department > HMC - Emergency Department,2026-02-18 21:43:32,Hershey
537,PSHI-2026-01-I-133251,2,01/31/2026 01:13 AM,01/30/2026 07:25 PM,,Assisted clinical staff with agitated visitor.,Hershey - Dispatched To: HMC - Main Hospital > HMC - Main Hospital,2026-02-18 21:43:32,Hershey
538,PSHI-2026-01-I-133249,2,01/31/2026 12:46 AM,01/30/2026 06:35 PM,,Assisted clinical staff with lost/misplaced personal items.,Hershey - Dispatched To: HMC - Main Hospital - 4 - Ortho > HMC - Main Hospital - 4 - Ortho,2026-02-18 21:43:32,Hershey
540,PSHI-2026-01-I-133248,2,01/31/2026 12:11 AM,01/30/2026 08:52 AM,,Investigated possible housing policy violation.,Hershey - Dispatched To: COM - University Manor East > COM - University Manor East,2026-02-18 21:43:32,Hershey
543,PSHI-2026-01-I-133230,2,01/30/2026 03:44 PM,,,Emergency call box test.,Hershey - Dispatched To: HMC - Main Hospital - 1 - Security Operations Center > HMC - Main Hospital - 1 - Security Operations Center,2026-02-18 21:43:32,Hershey
550,PSHI-2026-01-I-133225,2,01/30/2026 12:05 PM,01/30/2026 11:34 AM,,Property related matter (damaged door).,Hershey - Dispatched To: HMC - UPC-1 > HMC - UPC-1,2026-02-18 21:43:32,Hershey
553,PSHI-2026-01-I-133212,2,01/30/2026 08:44 AM,01/30/2026 08:36 AM,,Visitor mismatch to the sex offender registry.,Hershey - Dispatched To: HMC - Main Hospital - 1 - Security Operations Center > HMC - Main Hospital - 1 - Security Operations Center,2026-02-18 21:43:32,Hershey
554,PSHI-2026-01-I-133210,2,01/30/2026 07:40 AM,01/16/2026 07:38 AM,,Theft of supplies.,Hershey - Reported Location: HMC - Main Hospital - 6,2026-02-18 21:43:32,Hershey
558,PSHI-2026-01-I-133203,2,01/30/2026 02:48 AM,01/30/2026 01:10 AM,,Notification of burglar alarm by alarm company.,Hershey - Dispatched To: HMC Off-Site - PSMG - Mount Joy - PSMG > HMC Off-Site - PSMG - Mount Joy - PSMG,2026-02-18 21:43:32,Hershey
559,PSHI-2026-01-I-133202,2,01/30/2026 02:02 AM,01/30/2026 01:39 AM,,Assisted clinical staff with agitated patient.,Hershey - Dispatched To: HMC - Main Hospital - 5 - Acute Care > HMC - Main Hospital - 5 - Acute Care,2026-02-18 21:43:32,Hershey
560,PSHI-2026-01-I-133201,2,01/30/2026 12:45 AM,01/29/2026 10:16 PM,,Assisted clinical staff with an agitated visitor.,Hershey - Dispatched To: HMC - Main Hospital - 4 - Acute Care > HMC - Main Hospital - 4 - Acute Care,2026-02-18 21:43:32,Hershey
561,PSHI-2026-01-I-133200,2,01/30/2026 12:14 AM,01/29/2026 10:53 PM,,Assisted clinical staff with an agitated patient.,Hershey - Dispatched To: HMC - Main Hospital - 6 - Acute Care > HMC - Main Hospital - 6 - Acute Care,2026-02-18 21:43:32,Hershey
562,PSHI-2026-01-I-133198,2,01/29/2026 11:35 PM,01/29/2026 10:05 PM,,Assisted clinical staff with an agitated patient.,Hershey - Dispatched To: HMC - Main Hospital > HMC - Main Hospital,2026-02-18 21:43:32,Hershey
564,PSHI-2026-01-I-133194,2,01/29/2026 08:59 PM,01/29/2026 08:37 PM,,Assisted law enforcement with an escort.,Hershey - Dispatched To: HMC - Emergency Department > HMC - Emergency Department,2026-02-18 21:43:32,Hershey
565,PSHI-2026-01-I-133193,2,01/29/2026 08:55 PM,01/29/2026 08:14 PM,,Assisted clinical staff with an agitated patient.,Hershey - Dispatched To: HMC - Main Hospital - 6 - Acute Care > HMC - Main Hospital - 6 - Acute Care,2026-02-18 21:43:32,Hershey
568,PSHI-2026-01-I-133192,2,01/29/2026 07:32 PM,01/29/2026 06:34 PM,,Patient harassed staff member.,Hershey - Dispatched To: HMC - 30 Hope Drive - 1 - Radiology East > HMC - 30 Hope Drive - 1 - Radiology East,2026-02-18 21:43:32,Hershey
572,PSHI-2026-01-I-133191,2,01/29/2026 05:28 PM,01/29/2026 04:03 PM,,Assisted clinical staff with an agitated patient.,Hershey - Dispatched To: HMC - Main Hospital - 6 - Medicine > HMC - Main Hospital - 6 - Medicine,2026-02-18 21:43:32,Hershey
573,PSHI-2026-01-I-133190,2,01/29/2026 05:25 PM,01/29/2026 03:33 PM,,Assisted clinical staff with agitated patient.,Hershey - Dispatched To: HMC - Main Hospital - G - Radiology > HMC - Main Hospital - G - Radiology,2026-02-18 21:43:32,Hershey
574,PSHI-2026-01-I-133187,2,01/29/2026 03:38 PM,01/29/2026 03:18 PM,,Assisted visitor with a slip/fall.,Hershey - Dispatched To: HMC - Main Hospital > HMC - Main Hospital,2026-02-18 21:43:32,Hershey
575,PSHI-2026-01-I-133186,2,01/29/2026 03:25 PM,,,Assisted staff with a visitor issue.,Hershey - Dispatched To: HMC - Children's Hospital - 8 - NICU - Neonatal Intensive Care Unit East (NICU) > HMC - Children's Hospital - 8 - NICU - Neonatal Intensive Care Unit East (NICU),2026-02-18 21:43:32,Hershey
582,PSHI-2026-01-I-133181,2,01/29/2026 09:35 AM,01/29/2026 09:00 AM,,Minor crash on campus.,Hershey - Dispatched To: HMC - 30 Hope Drive > HMC - 30 Hope Drive,2026-02-18 21:43:32,Hershey
588,PSHI-2026-01-I-133177,2,01/29/2026 12:36 AM,01/28/2026 11:37 PM,,Assisted clinical staff with agitated patient.,Hershey - Dispatched To: HMC - Emergency Department > HMC - Emergency Department,2026-02-18 21:43:32,Hershey
592,PSHI-2026-01-I-133173,2,01/28/2026 09:37 PM,01/28/2026 09:24 PM,,Property related matter.,Hershey - Dispatched To: HMC - Main Hospital - 1 - Security Operations Center > HMC - Main Hospital - 1 - Security Operations Center,2026-02-18 21:43:32,Hershey
597,PSHI-2026-01-I-133172,2,01/28/2026 07:44 PM,01/28/2026 06:53 PM,,Visitor fall.,Hershey - Dispatched To: HMC - Emergency Department > HMC - Emergency Department,2026-02-18 21:43:32,Hershey
601,PSHI-2026-01-I-133168,2,01/28/2026 07:25 PM,01/28/2026 06:12 PM,,Safe keeping of a patient's handgun.,Hershey - Dispatched To: HMC - Emergency Department > HMC - Emergency Department,2026-02-18 21:43:32,Hershey
605,PSHI-2026-01-I-133166,2,01/28/2026 05:22 PM,01/28/2026 04:39 PM,,Assisted clinical staff with agitated patient.,Hershey - Dispatched To: HMC - Emergency Department > HMC - Emergency Department,2026-02-18 21:43:32,Hershey
607,PSHI-2026-01-I-133165,2,01/28/2026 04:52 PM,01/28/2026 04:29 PM,,Assisted clinical staff with agitated patient.,Hershey - Dispatched To: HMC - Main Hospital - 5 - Acute Care > HMC - Main Hospital - 5 - Acute Care,2026-02-18 21:43:32,Hershey
608,PSHI-2026-01-I-133164,2,01/28/2026 04:44 PM,01/28/2026 03:12 PM,,Assisted clinical staff with agitated patient.,Hershey - Dispatched To: HMC - Main Hospital - 6 - Acute Care > HMC - Main Hospital - 6 - Acute Care,2026-02-18 21:43:32,Hershey
610,PSHI-2026-01-I-133161,2,01/28/2026 01:58 PM,01/28/2026 01:22 PM,,Assisted clinical staff with a property related matter.,Hershey - Dispatched To: HMC - Main Hospital - 2 - Main OR > HMC - Main Hospital - 2 - Main OR,2026-02-18 21:43:32,Hershey
613,PSHI-2026-01-I-133158,2,01/28/2026 01:04 PM,01/28/2026 10:00 AM,,Assisted clinical staff with agitated patient.,Hershey - Dispatched To: HMC Off-Site - PSCMG - Cocoa Outpatient Center (Academic Practice Site) > HMC Off-Site - PSCMG - Cocoa Outpatient Center (Academic Practice Site),2026-02-18 21:43:32,Hershey
618,PSHI-2026-01-I-133153,2,01/28/2026 11:39 AM,01/28/2026 11:31 AM,,Visitor mismatch to the sex offender registry.,Hershey - Dispatched To: HMC - Children's Hospital > HMC - Children's Hospital,2026-02-18 21:43:32,Hershey
629,PSHI-2026-01-I-133140,2,01/28/2026 12:20 AM,01/27/2026 07:35 PM,,"Asset accountability, equipment malfunction.",Hershey - Dispatched To: HMC and COM - Academic Support Building - ASB > HMC and COM - Academic Support Building - ASB,2026-02-18 21:43:32,Hershey
632,PSHI-2026-01-I-133137,2,01/27/2026 10:46 PM,01/27/2026 09:45 PM,,Assisted clinical staff with agitated patient.,Hershey - Dispatched To: HMC - Emergency Department > HMC - Emergency Department,2026-02-18 21:43:32,Hershey
634,PSHI-2026-01-I-133129,2,01/27/2026 07:58 PM,01/27/2026 06:55 PM,,"Patient left care prior to discharge, welfare check requested.",Hershey - Dispatched To: HMC - Emergency Department > HMC - Emergency Department,2026-02-18 21:43:32,Hershey
644,PSHI-2026-01-I-133115,2,01/27/2026 02:08 PM,01/27/2026 09:42 PM,,Property damage related matter.,Hershey - Dispatched To: HMC - Centerview Parking Garage - 6 > HMC - Centerview Parking Garage - 6,2026-02-18 21:43:32,Hershey
645,PSHI-2026-01-I-133113,2,01/27/2026 01:26 PM,01/25/2026 07:09 PM,,Minor crash on campus.,Hershey - Dispatched To: HMC - South Parking Garage > HMC - South Parking Garage,2026-02-18 21:43:32,Hershey
648,PSHI-2026-01-I-133112,2,01/27/2026 12:11 PM,01/27/2026 08:29 AM,,Assisted facilities staff and hospital staff with a water incursion emergency.,Hershey - Dispatched To: HMC - Children's Hospital - G > HMC - Children's Hospital - G,2026-02-18 21:43:32,Hershey
653,PSHI-2026-01-I-133109,2,01/27/2026 10:49 AM,01/27/2026 10:06 AM,,Minor crash on campus.,Hershey - Dispatched To: HMC - UPC-1 > HMC - UPC-1,2026-02-18 21:43:32,Hershey
663,PSHI-2026-01-I-133100,2,01/27/2026 01:59 AM,01/27/2026 01:05 AM,,Assisted clinical staff with agitated patient.,Hershey - Dispatched To: HMC - Main Hospital > HMC - Main Hospital,2026-02-18 21:43:32,Hershey
665,PSHI-2026-01-I-133094,2,01/26/2026 10:39 PM,01/26/2026 09:40 PM,,Assisted clinical staff with agitated patient.,Hershey - Dispatched To: HMC - Main Hospital - 2 - SIMCU > HMC - Main Hospital - 2 - SIMCU,2026-02-18 21:43:32,Hershey
666,PSHI-2026-01-I-133093,2,01/26/2026 10:28 PM,01/17/2026 06:05 AM,,Assisted with internal employee issue.,Hershey - Dispatched To: HMC - Main Hospital > HMC - Main Hospital,2026-02-18 21:43:32,Hershey
668,PSHI-2026-01-I-133090,2,01/26/2026 09:51 PM,01/19/2026 10:11 PM,,Assisted with employee issue,Hershey - Dispatched To: HMC > HMC,2026-02-18 21:43:32,Hershey
678,PSHI-2026-01-I-133085,2,01/26/2026 03:00 PM,01/26/2026 02:45 PM,,Assisted clinical staff with a visitor not obeying visitor/hospital rules.,Hershey - Dispatched To: HMC - Children's Hospital - 4 - PICU > HMC - Children's Hospital - 4 - PICU,2026-02-18 21:43:32,Hershey
681,PSHI-2026-01-I-133081,2,01/26/2026 01:13 PM,01/22/2026 12:20 PM,,Assisted clinical staff with agitated patient.,Hershey - Dispatched To: HMC Off-Site - PSCMG - Cocoa Family Practice - PSCMG > HMC Off-Site - PSCMG - Cocoa Family Practice - PSCMG,2026-02-18 21:43:32,Hershey
683,PSHI-2026-01-I-133079,2,01/26/2026 12:36 PM,01/26/2026 11:27 AM,,Assisted clinical staff with agitated patient.,Hershey - Dispatched To: HMC - Main Hospital - 4 - Acute Care > HMC - Main Hospital - 4 - Acute Care,2026-02-18 21:43:32,Hershey
684,PSHI-2026-01-I-133078,2,01/26/2026 12:13 PM,01/26/2026 11:01 AM,,Assisted clinical staff with agitated patient.,Hershey - Dispatched To: HMC - UPC-1 > HMC - UPC-1,2026-02-18 21:43:32,Hershey
685,PSHI-2026-01-I-133074,2,01/26/2026 08:18 AM,,,Personnel matter.,Hershey - Dispatched To: HMC - Cancer Institute - G > HMC - Cancer Institute - G,2026-02-18 21:43:32,Hershey
686,PSHI-2026-01-I-133068,2,01/26/2026 03:26 AM,01/26/2026 02:03 AM,,Assisted facility staff with an infrastructure related alarm.,Hershey - Dispatched To: COM - College of Medicine > COM - College of Medicine,2026-02-18 21:43:32,Hershey
691,PSHI-2026-01-I-133064,2,01/25/2026 08:13 PM,01/25/2026 07:39 PM,,Assisted clinical staff with agitated patient.,Hershey - Dispatched To: HMC - Emergency Department > HMC - Emergency Department,2026-02-18 21:43:32,Hershey
694,PSHI-2026-01-I-133061,2,01/25/2026 04:22 PM,01/25/2026 04:12 PM,,Assisted clinical staff with an agitated patient.,Hershey - Dispatched To: HMC - Emergency Department > HMC - Emergency Department,2026-02-18 21:43:32,Hershey
695,PSHI-2026-01-I-133060,2,01/25/2026 03:48 PM,01/25/2026 03:26 PM,,Assisted clinical staff with a visitor issue.,Hershey - Dispatched To: HMC - Children's Hospital - 3 - Children's MED\SURG > HMC - Children's Hospital - 3 - Children's MED\SURG,2026-02-18 21:43:32,Hershey
699,PSHI-2026-01-I-133057,2,01/25/2026 10:28 AM,01/25/2026 09:00 AM,,Assisted clinical staff with agitated Patient.,Hershey - Dispatched To: HMC - Emergency Department > HMC - Emergency Department,2026-02-18 21:43:32,Hershey
701,PSHI-2026-01-I-133055,2,01/25/2026 06:26 AM,01/25/2026 06:20 AM,,Visitor mismatch to the sex offender registry.,Hershey - Dispatched To: HMC - Children's Hospital > HMC - Children's Hospital,2026-02-18 21:43:32,Hershey
703,PSHI-2026-01-I-133049,2,01/25/2026 02:49 AM,01/24/2026 04:15 AM,,Assisted employee with a domestic issue.,Hershey - Dispatched To: HMC - Main Hospital > HMC - Main Hospital,2026-02-18 21:43:32,Hershey
709,PSHI-2026-01-I-133046,2,01/24/2026 05:49 PM,01/24/2026 04:54 PM,,Assisted clinical staff with agitated patient.,Hershey - Dispatched To: HMC - Main Hospital - 4 - Neuroscience Integrated Care Unit East > HMC - Main Hospital - 4 - Neuroscience Integrated Care Unit East,2026-02-18 21:43:32,Hershey
713,PSHI-2026-01-I-133044,2,01/24/2026 04:55 PM,01/24/2026 04:36 PM,,Assisted clinical staff with a visitor issue.,Hershey - Dispatched To: HMC - Emergency Department > HMC - Emergency Department,2026-02-18 21:43:32,Hershey
716,PSHI-2026-01-I-133043,2,01/24/2026 03:26 PM,01/24/2026 02:50 PM,,Assisted maintenance staff with an infrastructure issue.,Hershey - Dispatched To: HMC - Main Hospital - 1 - Rotunda Cafe > HMC - Main Hospital - 1 - Rotunda Cafe,2026-02-18 21:43:32,Hershey
717,PSHI-2026-01-I-133041,2,01/24/2026 03:02 PM,01/24/2026 02:28 PM,,Assisted clinical staff with agitated patient.,Hershey - Dispatched To: HMC - Emergency Department > HMC - Emergency Department,2026-02-18 21:43:32,Hershey
718,PSHI-2026-01-I-133042,2,01/24/2026 03:02 PM,01/24/2026 02:36 PM,,Assisted clinical staff with an agitated patient.,Hershey - Dispatched To: HMC - Emergency Department > HMC - Emergency Department,2026-02-18 21:43:32,Hershey
721,PSHI-2026-01-I-133037,2,01/24/2026 12:23 PM,01/24/2026 12:06 PM,,Assisted clinical staff with agitated visitor.,Hershey - Dispatched To: HMC - Emergency Department > HMC - Emergency Department,2026-02-18 21:43:32,Hershey
725,PSHI-2026-01-I-133036,2,01/24/2026 10:39 AM,01/24/2026 09:28 AM,,Assisted clinical staff with agitated patient.,Hershey - Dispatched To: HMC - Main Hospital - 4 - Neuroscience Integrated Care Unit East > HMC - Main Hospital - 4 - Neuroscience Integrated Care Unit East,2026-02-18 21:43:32,Hershey
726,PSHI-2026-01-I-133035,2,01/24/2026 10:35 AM,01/23/2026 12:00 PM,,Minor crash on campus.,Hershey - Dispatched To: HMC - 30 Hope Drive > HMC - 30 Hope Drive,2026-02-18 21:43:32,Hershey
727,PSHI-2026-01-I-133032,2,01/24/2026 10:00 AM,01/24/2026 07:44 AM,,Assisted clinical staff with agitated patient.,Hershey - Dispatched To: HMC - Main Hospital - 4 - Neuroscience Integrated Care Unit East > HMC - Main Hospital - 4 - Neuroscience Integrated Care Unit East,2026-02-18 21:43:32,Hershey
730,PSHI-2026-01-I-133027,2,01/24/2026 06:27 AM,01/24/2026 04:45 AM,,Turned over drug paraphernalia to police.,Hershey - Dispatched To: HMC - Emergency Department > HMC - Emergency Department,2026-02-18 21:43:32,Hershey
736,PSHI-2026-01-I-133022,2,01/24/2026 01:30 AM,01/24/2026 01:24 AM,,Visitor mismatch to the sex offender registry.,Hershey - Dispatched To: HMC - Children's Hospital > HMC - Children's Hospital,2026-02-18 21:43:32,Hershey
744,PSHI-2026-01-I-133021,2,01/23/2026 11:21 PM,01/23/2026 07:30 PM,,Assisted staff with patient who called 911 repeatedly.,Hershey - Dispatched To: HMC - Main Hospital - 6 - MIMCU > HMC - Main Hospital - 6 - MIMCU,2026-02-18 21:43:32,Hershey
747,PSHI-2026-01-I-133018,2,01/23/2026 10:40 PM,01/23/2026 09:49 PM,,Assisted clinical staff with agitated patient.,Hershey - Dispatched To: HMC - Main Hospital - 4 - Neuro > HMC - Main Hospital - 4 - Neuro,2026-02-18 21:43:32,Hershey
755,PSHI-2026-01-I-133008,2,01/23/2026 04:00 PM,01/23/2026 02:46 PM,,Assisted with on site medical emergency with visitor.,Hershey - Dispatched To: HMC - Main Hospital  > HMC - Main Hospital,2026-02-18 21:43:32,Hershey
756,PSHI-2026-01-I-133007,2,01/23/2026 03:33 PM,01/23/2026 03:15 PM,,Assisted clinical staff with a visitor issue.,Hershey - Dispatched To: HMC - Emergency Department > HMC - Emergency Department,2026-02-18 21:43:32,Hershey
757,PSHI-2026-01-I-133006,2,01/23/2026 03:27 PM,01/23/2026 09:25 AM,,Assisted clinical staff with agitated patient.,Hershey - Dispatched To: HMC Off-Site - PSMG - Cocoa Outpatient Center - PSMG > HMC Off-Site - PSMG - Cocoa Outpatient Center - PSMG,2026-02-18 21:43:32,Hershey
759,PSHI-2026-01-I-133002,2,01/23/2026 02:33 PM,01/23/2026 12:26 PM,,Visitor sustained minor injury.,Hershey - Dispatched To: HMC - Children's Hospital - 8 - NICU - Neonatal Intensive Care Unit West (NICU) > HMC - Children's Hospital - 8 - NICU - Neonatal Intensive Care Unit West (NICU),2026-02-18 21:43:32,Hershey
761,PSHI-2026-01-I-132997,2,01/23/2026 02:03 PM,01/23/2026 01:21 PM,,Assisted clinical staff with agitated patient.,Hershey - Dispatched To: HMC - Main Hospital - 4 - Neuroscience Integrated Care Unit East > HMC - Main Hospital - 4 - Neuroscience Integrated Care Unit East,2026-02-18 21:43:32,Hershey
763,PSHI-2026-01-I-132996,2,01/23/2026 12:21 PM,01/23/2026 11:19 AM,,Assisted clinical staff with agitated patient.,Hershey - Dispatched To: HMC - Main Hospital - 4 - Neuroscience Integrated Care Unit East > HMC - Main Hospital - 4 - Neuroscience Integrated Care Unit East,2026-02-18 21:43:32,Hershey
765,PSHI-2026-01-I-132995,2,01/23/2026 09:48 AM,01/23/2026 09:36 AM,,Vetted visitor through lobby management software.,Hershey - Dispatched To: HMC - Children's Hospital > HMC - Children's Hospital,2026-02-18 21:43:32,Hershey
766,PSHI-2026-01-I-132994,2,01/23/2026 09:32 AM,01/23/2026 07:11 AM,,Assisted clinic staff with disgruntled visitor.,Hershey - Dispatched To: HMC - 15 Hope Drive - HOSC > HMC - 15 Hope Drive - HOSC,2026-02-18 21:43:32,Hershey
769,PSHI-2026-01-I-132989,2,01/23/2026 05:20 AM,01/23/2026 01:37 AM,,Vetted visitor through lobby management.,Hershey - Dispatched To: HMC - Children's Hospital > HMC - Children's Hospital,2026-02-18 21:43:32,Hershey
771,PSHI-2026-01-I-132988,2,01/23/2026 03:46 AM,01/23/2026 02:50 AM,,Assisted clinical staff with agitated visitor.,Hershey - Dispatched To: HMC - Emergency Department > HMC - Emergency Department,2026-02-18 21:43:32,Hershey
772,PSHI-2026-01-I-132987,2,01/23/2026 01:21 AM,01/23/2026 09:14 PM,,Visitor mismatch to the sex offender registry.,Hershey - Dispatched To: HMC - Children's Hospital > HMC - Children's Hospital,2026-02-18 21:43:32,Hershey
773,PSHI-2026-01-I-132985,2,01/22/2026 11:23 PM,01/22/2026 10:34 PM,,Turned over suspected drugs to the police.,Hershey - Dispatched To: HMC - Emergency Department > HMC - Emergency Department,2026-02-18 21:43:32,Hershey
779,PSHI-2026-01-I-132979,2,01/22/2026 07:53 PM,01/22/2026 06:40 PM,,Assisted visitor with transportation issues.,Hershey - Dispatched To: HMC - Main Hospital > HMC - Main Hospital,2026-02-18 21:43:32,Hershey
786,PSHI-2026-01-I-132967,2,01/22/2026 01:51 PM,,,Assisted valet staff with agitated visitor.,Hershey - Dispatched To: HMC - Main Hospital - 1 - Main Entrance\Valet > HMC - Main Hospital - 1 - Main Entrance\Valet,2026-02-18 21:43:32,Hershey
789,PSHI-2026-01-I-132960,2,01/22/2026 10:40 AM,01/22/2026 09:42 AM,,Infant Abduction Drill.,Hershey - Dispatched To: HMC - Children's Hospital > HMC - Children's Hospital,2026-02-18 21:43:32,Hershey
791,PSHI-2026-01-I-132959,2,01/22/2026 10:16 AM,01/22/2026 09:52 AM,,Assisted clinical staff with agitated patient.,Hershey - Dispatched To: HMC - Emergency Department > HMC - Emergency Department,2026-02-18 21:43:32,Hershey
797,PSHI-2026-01-I-132958,2,01/22/2026 07:34 AM,01/21/2026 02:41 PM,,Assisted clinical staff with agitated visitor.,Hershey - Dispatched To: HMC - UPC-1 > HMC - UPC-1,2026-02-18 21:43:32,Hershey
798,PSHI-2026-01-I-132956,2,01/22/2026 06:00 AM,01/22/2026 05:38 AM,,Assisted clinical staff with agitated patient.,Hershey - Dispatched To: HMC - Emergency Department > HMC - Emergency Department,2026-02-18 21:43:32,Hershey
800,PSHI-2026-01-I-132953,2,01/22/2026 02:17 AM,01/21/2026 06:50 PM,,Team de-escalation for agitated patient.,Hershey - Dispatched To: HMC - Main Hospital > HMC - Main Hospital,2026-02-18 21:43:32,Hershey
802,PSHI-2026-01-I-132949,2,01/21/2026 11:24 PM,01/21/2026 10:51 PM,,Assisted clinical staff with agitated patient.,Hershey - Dispatched To: HMC - Main Hospital - 4 - Neuro > HMC - Main Hospital - 4 - Neuro,2026-02-18 21:43:32,Hershey
805,PSHI-2026-01-I-132945,2,01/21/2026 10:17 PM,01/21/2026 08:40 PM,,Assisted clinical staff with agitated visitor.,Hershey - Dispatched To: HMC - Main Hospital - 1 - Surgical Waiting Area > HMC - Main Hospital - 1 - Surgical Waiting Area,2026-02-18 21:43:32,Hershey
814,PSHI-2026-01-I-132935,2,01/21/2026 05:11 PM,01/21/2026 05:04 PM,,Received court documents.,Hershey - Dispatched To: HMC - Main Hospital > HMC - Main Hospital,2026-02-18 21:43:32,Hershey
816,PSHI-2026-01-I-132934,2,01/21/2026 04:39 PM,01/21/2026 12:35 PM,,Assisted clinical staff with agitated patient.,Hershey - Dispatched To: HMC - Children's Hospital > HMC - Children's Hospital,2026-02-18 21:43:32,Hershey
818,PSHI-2026-01-I-132930,2,01/21/2026 04:02 PM,01/21/2026 03:46 PM,,Assisted clinical staff with trauma patient.,Hershey - Dispatched To: HMC - Emergency Department > HMC - Emergency Department,2026-02-18 21:43:32,Hershey
824,PSHI-2026-01-I-132923,2,01/21/2026 11:11 AM,01/21/2026 12:35 PM,,Minor crash on campus.,Hershey - Dispatched To: HMC - University Drive Roadway > HMC - University Drive Roadway,2026-02-18 21:43:32,Hershey
826,PSHI-2026-01-I-132922,2,01/21/2026 10:14 AM,01/21/2026 10:12 AM,,Received court documents.,Hershey - Reported Location: HMC - Main Hospital - 7 - PSCI,2026-02-18 21:43:32,Hershey
829,PSHI-2026-01-I-132912,2,01/21/2026 02:37 AM,01/21/2026 02:11 AM,,Assisted clinical staff with agitated visitor.,Hershey - Dispatched To: HMC - Emergency Department > HMC - Emergency Department,2026-02-18 21:43:32,Hershey
831,PSHI-2026-01-I-132910,2,01/20/2026 11:26 PM,01/20/2026 10:51 PM,,Assisted law enforcement with access to patient.,Hershey - Dispatched To: HMC - Main Hospital - 7 - PSCI > HMC - Main Hospital - 7 - PSCI,2026-02-18 21:43:32,Hershey
832,PSHI-2026-01-I-132907,2,01/20/2026 09:54 PM,01/20/2026 07:11 PM,,Assisted clinical staff with agitated patient.,Hershey - Dispatched To: HMC - Main Hospital - 4 - Acute Care > HMC - Main Hospital - 4 - Acute Care,2026-02-18 21:43:32,Hershey
838,PSHI-2026-01-I-132897,2,01/20/2026 05:07 PM,01/20/2026 03:12 PM,,Assisted clinical staff with agitated visitor.,Hershey - Dispatched To: HMC - Children's Hospital - 6 - Pediatric Surgical Care Unit > HMC - Children's Hospital - 6 - Pediatric Surgical Care Unit,2026-02-18 21:43:32,Hershey
839,PSHI-2026-01-I-132896,2,01/20/2026 04:30 PM,01/20/2026 04:23 PM,,Visitor match to the sex offender registry.,Hershey - Dispatched To: HMC - Children's Hospital - 1 - Children's Hospital Main Information Desk > HMC - Children's Hospital - 1 - Children's Hospital Main Information Desk,2026-02-18 21:43:32,Hershey
843,PSHI-2026-01-I-132895,2,01/20/2026 03:36 PM,01/20/2026 03:26 PM,,Provided escort to vendor.,Hershey - Dispatched To: HMC - Main Hospital - 1 - Cashier's Office > HMC - Main Hospital - 1 - Cashier's Office,2026-02-18 21:43:32,Hershey
844,PSHI-2026-01-I-132894,2,01/20/2026 03:16 PM,01/20/2026 11:45 AM,,Assisted clinical staff with agitated visitor.,Hershey - Dispatched To: HMC - 35 Hope Drive - 1 - Peds Clinic > HMC - 35 Hope Drive - 1 - Peds Clinic,2026-02-18 21:43:32,Hershey
847,PSHI-2026-01-I-132890,2,01/20/2026 01:10 PM,01/20/2026 12:47 PM,,Assisted clinical staff with agitated patient.,Hershey - Dispatched To: HMC - Children's Hospital - 1 - P1400: Peds Hem\Oc Clinic > HMC - Children's Hospital - 1 - P1400: Peds Hem\Oc Clinic,2026-02-18 21:43:32,Hershey
849,PSHI-2026-01-I-132889,2,01/20/2026 12:31 PM,01/20/2026 08:38 AM,,Assisted clinical staff with agitated patient.,Hershey - Dispatched To: HMC - Emergency Department > HMC - Emergency Department,2026-02-18 21:43:32,Hershey
854,PSHI-2026-01-I-132886,2,01/20/2026 09:50 AM,01/20/2026 09:05 AM,,Assisted clinical staff with agitated patient.,Hershey - Dispatched To: HMC - Main Hospital - 6 - Acute Care > HMC - Main Hospital - 6 - Acute Care,2026-02-18 21:43:32,Hershey
857,PSHI-2026-01-I-132884,2,01/20/2026 09:05 AM,01/15/2026 02:05 PM,,Assisted clinical staff with agitated patient.,Hershey - Dispatched To: HMC Off-Site - PSMG - Palmyra - PSMG > HMC Off-Site - PSMG - Palmyra - PSMG,2026-02-18 21:43:32,Hershey
859,PSHI-2026-01-I-132876,2,01/20/2026 01:41 AM,01/20/2026 12:00 AM,,Assisted clinical staff with agitated visitor.,Hershey - Dispatched To: HMC - Emergency Department > HMC - Emergency Department,2026-02-18 21:43:32,Hershey
860,PSHI-2026-01-I-132875,2,01/19/2026 11:43 PM,01/19/2026 06:37 PM,,Assisted clinical staff with search of patient belongings.,Hershey - Dispatched To: HMC - Main Hospital > HMC - Main Hospital,2026-02-18 21:43:32,Hershey
864,PSHI-2026-01-I-132865,2,01/19/2026 05:03 PM,01/19/2026 04:15 PM,,Assisted clinical staff with visitor issue.,Hershey - Dispatched To: HMC - Children's Hospital - 4 - PIMCU > HMC - Children's Hospital - 4 - PIMCU,2026-02-18 21:43:32,Hershey
865,PSHI-2026-01-I-132864,2,01/19/2026 04:38 PM,01/19/2026 03:05 PM,,Assisted patient with property issue.,Hershey - Dispatched To: HMC - 1 - Trauma Surgical Main Southeast      > HMC - 1 - Trauma Surgical Main Southeast,2026-02-18 21:43:32,Hershey
866,PSHI-2026-01-I-132863,2,01/19/2026 02:27 PM,,,Minor crash on campus.,Hershey - Dispatched To: HMC - South Addition Drive    > HMC - South Addition Drive,2026-02-18 21:43:32,Hershey
868,PSHI-2026-01-I-132862,2,01/19/2026 01:11 PM,,,Assisted clinical staff with visitor problem.,Hershey - Dispatched To: HMC - Main Hospital - 6 - MIMCU > HMC - Main Hospital - 6 - MIMCU,2026-02-18 21:43:32,Hershey
869,PSHI-2026-01-I-132861,2,01/19/2026 12:59 PM,01/19/2026 12:56 PM,,Safekeeping of patient knife.,Hershey - Reported Location: HMC - Main Hospital - 1 - Security Operations Center,2026-02-18 21:43:32,Hershey
870,PSHI-2026-01-I-132860,2,01/19/2026 12:19 PM,01/19/2026 12:07 PM,,Assisted clinical staff with agitated patient.,Hershey - Dispatched To: HMC - Emergency Department > HMC - Emergency Department,2026-02-18 21:43:32,Hershey
871,PSHI-2026-01-I-132855,2,01/19/2026 09:18 AM,01/19/2026 08:18 AM,,Assisted clinical staff with agitated patient.,Hershey - Dispatched To: HMC - Main Hospital > HMC - Main Hospital,2026-02-18 21:43:32,Hershey
872,PSHI-2026-01-I-132845,2,01/19/2026 03:58 AM,01/19/2026 02:04 AM,,Investigated unfounded fire alarm.,Hershey - Dispatched To: COM - BMR > COM - BMR,2026-02-18 21:43:32,Hershey
875,PSHI-2026-01-I-132842,2,01/19/2026 03:09 AM,01/19/2026 02:33 AM,,Assisted college students with access to EMS.,Hershey - Dispatched To: COM - University Manor East > COM - University Manor East,2026-02-18 21:43:32,Hershey
878,PSHI-2026-01-I-132839,2,01/19/2026 12:47 AM,01/18/2026 07:26 PM,,Assisted clinical staff with agitated patient.,Hershey - Dispatched To: HMC - Main Hospital > HMC - Main Hospital,2026-02-18 21:43:32,Hershey
892,PSHI-2026-01-I-132819,2,01/18/2026 09:45 AM,01/18/2026 08:41 AM,,Property damaged by unknown source.,Hershey - Dispatched To: HMC - Main Hospital - 1 - Main Information Desk > HMC - Main Hospital - 1 - Main Information Desk,2026-02-18 21:43:32,Hershey
893,PSHI-2026-01-I-132818,2,01/18/2026 09:43 AM,01/18/2026 09:30 AM,,Assisted with deposit to cashier's office.,Hershey - Dispatched To: HMC - Main Hospital - 1 - Cashier's Office > HMC - Main Hospital - 1 - Cashier's Office,2026-02-18 21:43:32,Hershey
902,PSHI-2026-01-I-132802,2,01/18/2026 12:11 AM,01/17/2026 08:10 PM,,Patient scratched staff member.,Hershey - Dispatched To: HMC - Emergency Department > HMC - Emergency Department,2026-02-18 21:43:32,Hershey
910,PSHI-2026-01-I-132795,2,01/17/2026 10:07 PM,01/17/2026 06:51 PM,,Assisted staff member with domestic problem.,Hershey - Dispatched To: HMC - Main Hospital - 7 - Medical Intensive Care Unit West (MICU) > HMC - Main Hospital - 7 - Medical Intensive Care Unit West (MICU),2026-02-18 21:43:32,Hershey
912,PSHI-2026-01-I-132789,2,01/17/2026 05:48 PM,01/17/2026 05:29 PM,,Team de-escalation plan for agitated patient.,Hershey - Dispatched To: HMC - Children's Hospital > HMC - Children's Hospital,2026-02-18 21:43:32,Hershey
915,PSHI-2026-01-I-132787,2,01/17/2026 03:21 PM,01/17/2026 02:45 PM,,Assisted LE with investigation of crime that occurred in a different county.,Hershey - Dispatched To: HMC - Emergency Department > HMC - Emergency Department,2026-02-18 21:43:32,Hershey
918,PSHI-2026-01-I-132783,2,01/17/2026 01:12 PM,01/17/2026 11:47 AM,,Assisted maintenance with locating faulty equipment,Hershey - Dispatched To: HMC - UPC-1 > HMC - UPC-1,2026-02-18 21:43:32,Hershey
921,PSHI-2026-01-I-132780,2,01/17/2026 11:25 AM,01/17/2026 09:03 AM,,Victim of violence receiving treatment.,Hershey - Dispatched To: HMC - Emergency Department > HMC - Emergency Department,2026-02-18 21:43:32,Hershey
923,PSHI-2026-01-I-132771,2,01/17/2026 05:24 AM,01/17/2026 05:10 AM,,Inspection of leased equipment.,Hershey - Dispatched To: HMC - Parking Lot - Lot UPC > HMC - Parking Lot - Lot UPC,2026-02-18 21:43:32,Hershey
925,PSHI-2026-01-I-132769,2,01/17/2026 04:07 AM,01/16/2026 08:26 PM,,False fire alarm.,Hershey - Dispatched To: COM - University Manor East > COM - University Manor East,2026-02-18 21:43:32,Hershey
932,PSHI-2026-01-I-132766,2,01/17/2026 02:00 AM,01/17/2026 01:12 AM,,Assisted clinical staff with agitated patient.,Hershey - Dispatched To: HMC - Main Hospital > HMC - Main Hospital,2026-02-18 21:43:32,Hershey
934,PSHI-2026-01-I-132763,2,01/16/2026 11:48 PM,01/16/2026 08:49 PM,,Assisted clinical staff with agitated patient.,Hershey - Dispatched To: HMC - Main Hospital - 2 - Main PACU > HMC - Main Hospital - 2 - Main PACU,2026-02-18 21:43:32,Hershey
935,PSHI-2026-01-I-132762,2,01/16/2026 10:34 PM,01/16/2026 09:06 PM,,Assisted clinical staff with agitated patient.,Hershey - Dispatched To: HMC - Main Hospital - 2 - Main PACU > HMC - Main Hospital - 2 - Main PACU,2026-02-18 21:43:32,Hershey
944,PSHI-2026-01-I-132749,2,01/16/2026 03:43 PM,01/16/2026 03:44 PM,,Assisted clinical staff with agitated visitor.,Hershey - Dispatched To: HMC - Main Hospital > HMC - Main Hospital,2026-02-18 21:43:32,Hershey
945,PSHI-2026-01-I-132748,2,01/16/2026 03:41 PM,,,Assisted clinical staff with agitated patient.,Hershey - Dispatched To: HMC - Main Hospital > HMC - Main Hospital,2026-02-18 21:43:32,Hershey
948,PSHI-2026-01-I-132746,2,01/16/2026 02:51 PM,01/16/2026 11:39 AM,,Assisted staff with locating ultrasound machine.,Hershey - Dispatched To: HMC - Main Hospital > HMC - Main Hospital,2026-02-18 21:43:32,Hershey
949,PSHI-2026-01-I-132745,2,01/16/2026 02:45 PM,01/16/2026 01:24 PM,,Facility AED inspection.,Hershey - Dispatched To: HMC - Main Hospital > HMC - Main Hospital,2026-02-18 21:43:32,Hershey
955,PSHI-2026-01-I-132736,2,01/16/2026 12:36 PM,01/16/2026 12:17 PM,,Assisted clinical staff with agitated visitor.,Hershey - Dispatched To: HMC - Emergency Department > HMC - Emergency Department,2026-02-18 21:43:32,Hershey
960,PSHI-2026-01-I-132735,2,01/16/2026 11:11 AM,01/16/2026 10:02 AM,,Turned over pipe to police who declined to charge suspect.,Hershey - Dispatched To: HMC - Main Hospital > HMC - Main Hospital,2026-02-18 21:43:32,Hershey
963,PSHI-2026-01-I-132732,2,01/16/2026 09:57 AM,01/16/2026 09:02 AM,,Assisted clinical staff with agitated patient.,Hershey - Dispatched To: HMC - Children's Hospital > HMC - Children's Hospital,2026-02-18 21:43:32,Hershey
964,PSHI-2026-01-I-132728,2,01/16/2026 09:25 AM,01/16/2026 08:26 AM,,Assisted LE with inbound combative patient.,Hershey - Reported Location: HMC - Emergency Department,2026-02-18 21:43:32,Hershey
970,PSHI-2026-01-I-132719,2,01/16/2026 12:22 AM,,,Assisted clinical staff with an agitated patient.,Hershey - Dispatched To: HMC - Main Hospital > HMC - Main Hospital,2026-02-18 21:43:32,Hershey
973,PSHI-2026-01-I-132715,2,01/15/2026 09:50 PM,01/15/2026 08:50 PM,,Assisted clinical staff with agitated patient.,Hershey - Dispatched To: HMC - Children's Hospital > HMC - Children's Hospital,2026-02-18 21:43:32,Hershey
974,PSHI-2026-01-I-132714,2,01/15/2026 09:43 PM,01/15/2026 07:31 PM,,Assisted clinical staff with an agitated patient.,Hershey - Dispatched To: HMC - Children's Hospital - 1 > HMC - Children's Hospital - 1,2026-02-18 21:43:32,Hershey
975,PSHI-2026-01-I-132713,2,01/15/2026 09:30 PM,01/15/2026 06:48 PM,,Assisted clinical staff with an agitated patient.,Hershey - Dispatched To: HMC - Main Hospital > HMC - Main Hospital,2026-02-18 21:43:32,Hershey
976,PSHI-2026-01-I-132711,2,01/15/2026 08:42 PM,01/15/2026 08:25 PM,,Safekeeping of patient knife.,Hershey - Dispatched To: HMC - Emergency Department > HMC - Emergency Department,2026-02-18 21:43:32,Hershey
979,PSHI-2026-01-I-132703,2,01/15/2026 05:43 PM,01/15/2026 02:55 PM,,Assisted clinical staff with an agitated visitor.,Hershey - Dispatched To: HMC - Main Hospital - 6 - MIMCU > HMC - Main Hospital - 6 - MIMCU,2026-02-18 21:43:32,Hershey
984,PSHI-2026-01-I-132693,2,01/15/2026 03:40 PM,01/15/2026 02:43 PM,,Assisted courier with deposit into treasury.,Hershey - Dispatched To: HMC - Main Hospital - 1 - Cashier's Office > HMC - Main Hospital - 1 - Cashier's Office,2026-02-18 21:43:32,Hershey
985,PSHI-2026-01-I-132694,2,01/15/2026 03:40 PM,01/15/2026 03:11 PM,,Assisted clinical staff with an agitated patient.,Hershey - Dispatched To: HMC - Children's Hospital - 6 > HMC - Children's Hospital - 6,2026-02-18 21:43:32,Hershey
987,PSHI-2026-01-I-132689,2,01/15/2026 02:15 PM,01/15/2026 01:22 PM,,Assisted clinical staff with agitated patient.,Hershey - Dispatched To: HMC - Main Hospital - 4 > HMC - Main Hospital - 4,2026-02-18 21:43:32,Hershey
988,PSHI-2026-01-I-132687,2,01/15/2026 02:09 PM,01/15/2026 01:56 PM,,Assisted clinical staff with agitated visitor.,Hershey - Dispatched To: HMC - Emergency Department > HMC - Emergency Department,2026-02-18 21:43:32,Hershey
989,PSHI-2026-01-I-132686,2,01/15/2026 02:02 PM,01/15/2026 12:18 PM,,Visitor mismatch on the sex offender registry.,Hershey - Dispatched To: HMC - Children's Hospital - 1 - Children's Hospital Main Information Desk > HMC - Children's Hospital - 1 - Children's Hospital Main Information Desk,2026-02-18 21:43:32,Hershey
990,PSHI-2026-01-I-132685,2,01/15/2026 02:02 PM,01/15/2026 01:10 PM,,Visitor mismatch to the sex offender registry.,Hershey - Dispatched To: HMC - Children's Hospital - 1 - Children's Hospital Main Information Desk > HMC - Children's Hospital - 1 - Children's Hospital Main Information Desk,2026-02-18 21:43:32,Hershey
991,PSHI-2026-01-I-132681,2,01/15/2026 01:45 PM,,,Assisted clinical staff with agitated patient.,Hershey - Dispatched To: HMC - Main Hospital - 4 > HMC - Main Hospital - 4,2026-02-18 21:43:32,Hershey
994,PSHI-2026-01-I-132679,2,01/15/2026 01:19 PM,01/15/2026 10:05 AM,,Assisted staff with an agitated visitor.,Hershey - Dispatched To: HMC - Main Hospital > HMC - Main Hospital,2026-02-18 21:43:32,Hershey
999,PSHI-2026-01-I-132677,2,01/15/2026 12:08 PM,01/15/2026 10:52 AM,,Visitor harassed staff member.,Hershey - Dispatched To: HMC - Main Hospital  > HMC - Main Hospital,2026-02-18 21:43:32,Hershey
1001,PSHI-2026-01-I-132676,2,01/15/2026 10:58 AM,01/15/2026 10:17 AM,,Team de-escalation plan for agitated patient.,Hershey - Dispatched To: HMC - Main Hospital - 4 > HMC - Main Hospital - 4,2026-02-18 21:43:32,Hershey
1002,PSHI-2026-01-I-132674,2,01/15/2026 10:46 AM,01/15/2026 10:19 AM,,Assisted clinical staff with an agitated patient.,Hershey - Dispatched To: HMC - Main Hospital - 4 > HMC - Main Hospital - 4,2026-02-18 21:43:32,Hershey
1003,PSHI-2026-01-I-132675,2,01/15/2026 10:46 AM,01/15/2026 10:01 AM,,Assisted LE with removal of restraints.,Hershey - Dispatched To: HMC - Main Hospital - 2 - Same Day Surgery Unit > HMC - Main Hospital - 2 - Same Day Surgery Unit,2026-02-18 21:43:32,Hershey
1008,PSHI-2026-01-I-132673,2,01/15/2026 09:00 AM,01/15/2026 07:37 AM,,Assisted clinical staff with agitated patient.,Hershey - Dispatched To: HMC - Children's Hospital - 6 > HMC - Children's Hospital - 6,2026-02-18 21:43:32,Hershey
1009,PSHI-2026-01-I-132672,2,01/15/2026 08:33 AM,01/15/2026 08:11 AM,,Assisted clinical staff with agitated patient.,Hershey - Dispatched To: HMC - Main Hospital - 4 > HMC - Main Hospital - 4,2026-02-18 21:43:32,Hershey
1011,PSHI-2026-01-I-132668,2,01/15/2026 05:44 AM,01/15/2026 05:12 AM,,Assisted clinical staff with agitated patient.,Hershey - Dispatched To: HMC - Main Hospital - 4 - Acute Care > HMC - Main Hospital - 4 - Acute Care,2026-02-18 21:43:32,Hershey
1013,PSHI-2026-01-I-132664,2,01/15/2026 01:14 AM,01/14/2026 09:43 PM,,Assisted clinical staff with agitated patient.,Hershey - Dispatched To: HMC - Children's Hospital > HMC - Children's Hospital,2026-02-18 21:43:32,Hershey
1015,PSHI-2026-01-I-132663,2,01/14/2026 11:16 PM,01/14/2026 11:13 PM,,Found and destroyed items of unknown origin.,Hershey - Dispatched To: HMC - Main Hospital - 1 - Security Operations Center > HMC - Main Hospital - 1 - Security Operations Center,2026-02-18 21:43:32,Hershey
1016,PSHI-2026-01-I-132662,2,01/14/2026 10:44 PM,01/14/2026 10:30 PM,,Assisted HR with investigation.,Hershey - Reported Location: HMC - Main Hospital - 1 - South Entrance\Chapel,2026-02-18 21:43:32,Hershey
1021,PSHI-2026-01-I-132658,2,01/14/2026 08:40 PM,01/14/2026 07:27 PM,,Assisted clinical staff with agitated patient.,Hershey - Dispatched To: HMC - Children's Hospital > HMC - Children's Hospital,2026-02-18 21:43:32,Hershey
1027,PSHI-2026-01-I-132654,2,01/14/2026 06:09 PM,01/14/2026 05:35 PM,,Assisted clinical staff with an agitated patient.,Hershey - Dispatched To: HMC - Children's Hospital - 6 > HMC - Children's Hospital - 6,2026-02-18 21:43:32,Hershey
1032,PSHI-2026-01-I-132651,2,01/14/2026 05:17 PM,01/14/2026 12:32 PM,,Disposed of item in property.,Hershey - Dispatched To: HMC - Main Hospital - 1 - Security Operations Center > HMC - Main Hospital - 1 - Security Operations Center,2026-02-18 21:43:32,Hershey
1033,PSHI-2026-01-I-132650,2,01/14/2026 04:58 PM,01/14/2026 04:32 PM,,Assisted clinical staff with an agitated patient.,Hershey - Dispatched To: HMC - Main Hospital - 4 - Acute Care > HMC - Main Hospital - 4 - Acute Care,2026-02-18 21:43:32,Hershey
1036,PSHI-2026-01-I-132649,2,01/14/2026 04:21 PM,01/14/2026 03:31 PM,,Secured found item.,Hershey - Dispatched To: HMC - Main Hospital > HMC - Main Hospital,2026-02-18 21:43:32,Hershey
1041,PSHI-2026-01-I-132642,2,01/14/2026 12:55 PM,01/14/2026 12:30 PM,,Assisted clinical staff with agitated patient.,Hershey - Dispatched To: HMC - Main Hospital  > HMC - Main Hospital,2026-02-18 21:43:32,Hershey
1042,PSHI-2026-01-I-132641,2,01/14/2026 12:52 PM,01/14/2026 12:29 PM,,Visitor Fall.,Hershey - Dispatched To: HMC - Cancer Institute > HMC - Cancer Institute,2026-02-18 21:43:32,Hershey
1044,PSHI-2026-01-I-132637,2,01/14/2026 12:08 PM,01/14/2026 10:52 AM,,Assisted clinical staff with agitated patient.,Hershey - Dispatched To: HMC - Emergency Department > HMC - Emergency Department,2026-02-18 21:43:32,Hershey
1047,PSHI-2026-01-I-132631,2,01/14/2026 09:25 AM,01/14/2026 09:02 AM,,Assisted clinical staff with agitated patient.,Hershey - Dispatched To: HMC - Main Hospital - 4 - Acute Care > HMC - Main Hospital - 4 - Acute Care,2026-02-18 21:43:32,Hershey
1048,PSHI-2026-01-I-132627,2,01/14/2026 05:21 AM,01/14/2026 05:05 AM,,Assisted clinical staff with agitated patient.,Hershey - Dispatched To: HMC - Main Hospital > HMC - Main Hospital,2026-02-18 21:43:32,Hershey
1049,PSHI-2026-01-I-132626,2,01/14/2026 03:06 AM,01/13/2026 11:20 PM,,Intervened in active patient elopement.,Hershey - Dispatched To: HMC - Children's Hospital - 6 > HMC - Children's Hospital - 6,2026-02-18 21:43:32,Hershey
1055,PSHI-2026-01-I-132622,2,01/13/2026 10:26 PM,01/13/2026 09:31 PM,,Assisted clinical staff with agitated patient.,Hershey - Dispatched To: HMC - Main Hospital - 4 - Acute Care > HMC - Main Hospital - 4 - Acute Care,2026-02-18 21:43:32,Hershey
1056,PSHI-2026-01-I-132621,2,01/13/2026 09:57 PM,01/13/2026 06:45 PM,,Assisted clinical staff with agitated patient.,Hershey - Dispatched To: HMC - Main Hospital - 4 - Acute Care > HMC - Main Hospital - 4 - Acute Care,2026-02-18 21:43:32,Hershey
1058,PSHI-2026-01-I-132618,2,01/13/2026 05:59 PM,01/13/2026 05:49 PM,,Intervened in active patient elopement.,Hershey - Dispatched To: HMC - Children's Hospital > HMC - Children's Hospital,2026-02-18 21:43:32,Hershey
1060,PSHI-2026-01-I-132613,2,01/13/2026 04:36 PM,01/13/2026 02:05 PM,,Assisted clinical staff with agitated patient.,Hershey - Dispatched To: HMC - 30 Hope Drive > HMC - 30 Hope Drive,2026-02-18 21:43:32,Hershey
1062,PSHI-2026-01-I-132610,2,01/13/2026 04:09 PM,01/13/2026 01:31 PM,,Team de-escalation plan for agitated patient and visitor.,Hershey - Dispatched To: HMC Off-Site - PSMG - Harrisburg - PSMG > HMC Off-Site - PSMG - Harrisburg - PSMG,2026-02-18 21:43:32,Hershey
1063,PSHI-2026-01-I-132609,2,01/13/2026 04:07 PM,01/13/2026 03:49 PM,,Patient bit PCA.,Hershey - Dispatched To: HMC - Main Hospital > HMC - Main Hospital,2026-02-18 21:43:32,Hershey
1065,PSHI-2026-01-I-132608,2,01/13/2026 03:38 PM,01/13/2026 02:52 PM,,Received copy of court documents.,Hershey - Dispatched To: HMC - Main Hospital > HMC - Main Hospital,2026-02-18 21:43:32,Hershey
1068,PSHI-2026-01-I-132604,2,01/13/2026 01:12 PM,01/13/2026 11:13 AM,,Assisted clinical staff with agitated patient.,Hershey - Dispatched To: HMC - Main Hospital > HMC - Main Hospital,2026-02-18 21:43:32,Hershey
1071,PSHI-2026-01-I-132598,2,01/13/2026 11:45 AM,01/13/2026 11:06 AM,,Employee struck by vehicle.,Hershey - Dispatched To: HMC - Main Hospital - 1 - Main Entrance\Valet > HMC - Main Hospital - 1 - Main Entrance\Valet,2026-02-18 21:43:32,Hershey
1072,PSHI-2026-01-I-132597,2,01/13/2026 11:45 AM,01/13/2026 11:23 AM,,Visitor fall.,Hershey - Dispatched To: HMC - Main Hospital - 1 - Main Entrance\Valet > HMC - Main Hospital - 1 - Main Entrance\Valet,2026-02-18 21:43:32,Hershey
1076,PSHI-2026-01-I-132592,2,01/13/2026 03:31 AM,01/13/2026 02:13 AM,,Assisted clinical staff with search of patient belongings.,Hershey - Dispatched To: HMC - Main Hospital - 4 - Acute Care > HMC - Main Hospital - 4 - Acute Care,2026-02-18 21:43:32,Hershey
1078,PSHI-2026-01-I-132590,2,01/13/2026 12:03 AM,01/12/2026 10:40 PM,,Assisted clinical staff with an agitated patient.,Hershey - Dispatched To: HMC - Main Hospital > HMC - Main Hospital,2026-02-18 21:43:32,Hershey
1079,PSHI-2026-01-I-132589,2,01/12/2026 10:50 PM,01/12/2026 09:31 PM,,Patient's drug covered clothing surrendered to law enforcement.,Hershey - Dispatched To: HMC - Emergency Department > HMC - Emergency Department,2026-02-18 21:43:32,Hershey
1084,PSHI-2026-01-I-132580,2,01/12/2026 06:56 PM,01/12/2026 06:45 PM,,Assisted clinical staff with a patient that had eloped from his room.,Hershey - Dispatched To: HMC - Children's Hospital > HMC - Children's Hospital,2026-02-18 21:43:32,Hershey
1085,PSHI-2026-01-I-132572,2,01/12/2026 05:38 PM,01/12/2026 04:50 PM,,Assisted visitor with locating missing personal items.,Hershey - Dispatched To: HMC - Main Hospital - 1 - Main Information Desk > HMC - Main Hospital - 1 - Main Information Desk,2026-02-18 21:43:32,Hershey
1089,PSHI-2026-01-I-132567,2,01/12/2026 03:31 PM,01/12/2026 03:16 PM,,Assisted Law Enforcement with access to employee.,Hershey - Dispatched To: HMC - Emergency Department > HMC - Emergency Department,2026-02-18 21:43:32,Hershey
1092,PSHI-2026-01-I-132563,2,01/12/2026 02:14 PM,01/12/2026 01:49 PM,,Assisted clinical staff with patient needs.,Hershey - Dispatched To: HMC - Main Hospital > HMC - Main Hospital,2026-02-18 21:43:32,Hershey
1095,PSHI-2026-01-I-132559,2,01/12/2026 12:10 PM,01/12/2026 10:06 AM,,Assisted clinical staff with an agitated patient.,Hershey - Dispatched To: HMC - Main Hospital > HMC - Main Hospital,2026-02-18 21:43:32,Hershey
1096,PSHI-2026-01-I-132557,2,01/12/2026 11:11 AM,,,Assisted clinical staff with an agitated patient.,Hershey - Dispatched To: HMC - Emergency Department > HMC - Emergency Department,2026-02-18 21:43:32,Hershey
1098,PSHI-2026-01-I-132555,2,01/12/2026 10:31 AM,,,Assisted clinical staff with an agitated visitor.,Hershey - Dispatched To: HMC - Main Hospital > HMC - Main Hospital,2026-02-18 21:43:32,Hershey
1101,PSHI-2026-01-I-132551,2,01/12/2026 08:37 AM,01/12/2026 08:22 AM,,Assisted clinical staff with agitated patient.,Hershey - Dispatched To: HMC - Main Hospital > HMC - Main Hospital,2026-02-18 21:43:32,Hershey
1103,PSHI-2026-01-I-132549,2,01/12/2026 06:45 AM,01/12/2026 06:22 AM,,Assisted clinical staff with agitated patient.,Hershey - Dispatched To: HMC - Main Hospital > HMC - Main Hospital,2026-02-18 21:43:32,Hershey
1104,PSHI-2026-01-I-132548,2,01/12/2026 03:29 AM,01/12/2026 01:12 AM,,Assisted clinical staff with an agitated patient.,Hershey - Dispatched To: HMC - Emergency Department > HMC - Emergency Department,2026-02-18 21:43:32,Hershey
1105,PSHI-2026-01-I-132547,2,01/12/2026 02:52 AM,01/12/2026 02:01 AM,,Patient scratched nurse.,Hershey - Dispatched To: HMC - Main Hospital - 4 - Acute Care > HMC - Main Hospital - 4 - Acute Care,2026-02-18 21:43:32,Hershey
1106,PSHI-2026-01-I-132546,2,01/12/2026 02:45 AM,01/12/2026 02:31 AM,,Victim of violence receiving treatment.,Hershey - Dispatched To: HMC - Emergency Department > HMC - Emergency Department,2026-02-18 21:43:32,Hershey
1107,PSHI-2026-01-I-132544,2,01/12/2026 01:55 AM,01/12/2026 12:14 AM,,Patient bit provider.,Hershey - Dispatched To: HMC - Children's Hospital - 6 - Pediatric Surgical Care Unit > HMC - Children's Hospital - 6 - Pediatric Surgical Care Unit,2026-02-18 21:43:32,Hershey
1108,PSHI-2026-01-I-132540,2,01/11/2026 11:21 PM,01/11/2026 10:19 PM,,Assisted clinical staff with an agitated patient.,Hershey - Dispatched To: HMC - Emergency Department > HMC - Emergency Department,2026-02-18 21:43:32,Hershey
1112,PSHI-2026-01-I-132528,2,01/11/2026 07:53 PM,01/11/2026 07:45 PM,,Assisted clinical staff with visitor issue paperwork.,Hershey - Reported Location: HMC - Children's Hospital - 3 - Children's Hospital Acute Care,2026-02-18 21:43:32,Hershey
1113,PSHI-2026-01-I-132527,2,01/11/2026 07:21 PM,01/11/2026 06:43 PM,,Assisted clinical staff with an agitated visitor.,Hershey - Dispatched To: HMC - Emergency Department > HMC - Emergency Department,2026-02-18 21:43:32,Hershey
1114,PSHI-2026-01-I-132526,2,01/11/2026 05:39 PM,01/11/2026 05:21 PM,,Assisted clinical staff with an agitated patient.,Hershey - Dispatched To: HMC - Main Hospital - 4 > HMC - Main Hospital - 4,2026-02-18 21:43:32,Hershey
1118,PSHI-2026-01-I-132523,2,01/11/2026 03:52 PM,01/11/2026 03:19 PM,,Assisted clinical staff with an agitated patient.,Hershey - Dispatched To: HMC - Emergency Department > HMC - Emergency Department,2026-02-18 21:43:32,Hershey
1120,PSHI-2026-01-I-132522,2,01/11/2026 03:14 PM,01/11/2026 12:20 PM,,Assisted clinical staff with agitated patient.,Hershey - Dispatched To: HMC - Main Hospital - 4 - Neuroscience Integrated Care Unit East > HMC - Main Hospital - 4 - Neuroscience Integrated Care Unit East,2026-02-18 21:43:32,Hershey
1121,PSHI-2026-01-I-132519,2,01/11/2026 02:10 PM,01/11/2026 01:23 PM,,Visitor slip/fall.,Hershey - Dispatched To: HMC - Cancer Institute > HMC - Cancer Institute,2026-02-18 21:43:32,Hershey
1124,PSHI-2026-01-I-132513,2,01/11/2026 12:24 PM,,,Patient bit health care worker.,Hershey - Dispatched To: HMC - Main Hospital - 4 - Neuroscience Integrated Care Unit East > HMC - Main Hospital - 4 - Neuroscience Integrated Care Unit East,2026-02-18 21:43:32,Hershey
1126,PSHI-2026-01-I-132512,2,01/11/2026 11:18 AM,01/11/2026 10:15 AM,,Report of property damage.,Hershey - Dispatched To: HMC - Parking Lot - Lot M1 > HMC - Parking Lot - Lot M1,2026-02-18 21:43:32,Hershey
1127,PSHI-2026-01-I-132509,2,01/11/2026 09:41 AM,01/11/2026 08:35 AM,,Assisted clinical staff with an agitated patient.,Hershey - Dispatched To: HMC - Main Hospital - 7 - Medical Intensive Care Unit East (MICU) > HMC - Main Hospital - 7 - Medical Intensive Care Unit East (MICU),2026-02-18 21:43:32,Hershey
1129,PSHI-2026-01-I-132505,2,01/11/2026 05:15 AM,01/11/2026 12:41 AM,,Assisted clinical staff with agitated patient.,Hershey - Dispatched To: HMC - South Addition - 3 > HMC - South Addition - 3,2026-02-18 21:43:32,Hershey
1130,PSHI-2026-01-I-132504,2,01/10/2026 10:55 PM,01/10/2026 09:19 PM,,Assisted clinical staff with agitated visitor.,Hershey - Dispatched To: HMC - Emergency Department > HMC - Emergency Department,2026-02-18 21:43:32,Hershey
1132,PSHI-2026-01-I-132497,2,01/10/2026 07:27 PM,01/10/2026 07:19 PM,,Assisted clinical staff with agitated patient.,Hershey - Dispatched To: HMC - Emergency Department > HMC - Emergency Department,2026-02-18 21:43:32,Hershey
1134,PSHI-2026-01-I-132492,2,01/10/2026 04:39 PM,01/10/2026 04:10 PM,,Patient bit/scratched caregiver.,Hershey - Dispatched To: HMC - Main Hospital - 4 - Acute Care > HMC - Main Hospital - 4 - Acute Care,2026-02-18 21:43:32,Hershey
1137,PSHI-2026-01-I-132486,2,01/10/2026 12:39 PM,,,Assisted clinical staff with agitated patient.,Hershey - Dispatched To: HMC - Emergency Department > HMC - Emergency Department,2026-02-18 21:43:32,Hershey
1143,PSHI-2026-01-I-132482,2,01/10/2026 10:10 AM,01/10/2026 09:36 AM,,Facility infrastructure inspection for workplace violence initative.,Hershey - Dispatched To: HMC - Main Hospital - 6 > HMC - Main Hospital - 6,2026-02-18 21:43:32,Hershey
1144,PSHI-2026-01-I-132471,2,01/10/2026 04:09 AM,01/10/2026 10:14 PM,,Assisted clinical staff with an agitated patient.,Hershey - Dispatched To: HMC - Children's Hospital - 6 > HMC - Children's Hospital - 6,2026-02-18 21:43:32,Hershey
1145,PSHI-2026-01-I-132470,2,01/10/2026 04:09 AM,01/10/2026 01:33 AM,,Assisted clinical staff with patient valuables.,Hershey - Dispatched To: HMC - Main Hospital - 1 - Cashier's Office > HMC - Main Hospital - 1 - Cashier's Office,2026-02-18 21:43:32,Hershey
1146,PSHI-2026-01-I-132468,2,01/10/2026 01:13 AM,01/09/2026 07:13 PM,,Assisted clinical staff with an agitated patient.,Hershey - Dispatched To: HMC - Emergency Department > HMC - Emergency Department,2026-02-18 21:43:32,Hershey
1147,PSHI-2026-01-I-132467,2,01/10/2026 12:59 AM,01/09/2026 07:39 PM,,Assisted clinical staff with an agitated patient.,Hershey - Dispatched To: HMC - Main Hospital - 4 - Acute Care > HMC - Main Hospital - 4 - Acute Care,2026-02-18 21:43:32,Hershey
1148,PSHI-2026-01-I-132466,2,01/10/2026 12:55 AM,01/08/2026 11:08 PM,,Assisted clinical staff with an agitated patient.,Hershey - Dispatched To: HMC - Main Hospital - 2 - SICU > HMC - Main Hospital - 2 - SICU,2026-02-18 21:43:32,Hershey
1150,PSHI-2026-01-I-132464,2,01/09/2026 11:53 PM,01/09/2026 11:27 PM,,Assisted clinical staff with an agitated patient.,Hershey - Dispatched To: HMC - Main Hospital - 6 - Acute Care > HMC - Main Hospital - 6 - Acute Care,2026-02-18 21:43:32,Hershey
1152,PSHI-2026-01-I-132460,2,01/09/2026 10:23 PM,01/09/2026 10:16 PM,,Assisted clinical staff with an agitated patient.,Hershey - Dispatched To: HMC - Emergency Department > HMC - Emergency Department,2026-02-18 21:43:32,Hershey
1153,PSHI-2026-01-I-132456,2,01/09/2026 09:47 PM,01/09/2026 07:56 PM,,Assisted clinical staff with an agitated patient.,Hershey - Dispatched To: HMC - Children's Hospital > HMC - Children's Hospital,2026-02-18 21:43:32,Hershey
1154,PSHI-2026-01-I-132445,2,01/09/2026 04:14 PM,01/09/2026 03:54 PM,,Assisted clinical staff with an agitated patient.,Hershey - Dispatched To: HMC - Children's Hospital - 3 > HMC - Children's Hospital - 3,2026-02-18 21:43:32,Hershey
1161,PSHI-2026-01-I-132418,2,01/08/2026 04:44 PM,01/08/2026 03:49 PM,,Behavioral partnership agreement.,Hershey - Dispatched To: HMC - Children's Hospital - 3 > HMC - Children's Hospital - 3,2026-02-18 21:43:32,Hershey
1162,PSHI-2026-01-I-132415,2,01/08/2026 02:40 PM,01/08/2026 12:58 PM,,Visitor fall.,Hershey - Dispatched To: HMC - Main Hospital - 1 - Main Information Desk > HMC - Main Hospital - 1 - Main Information Desk,2026-02-18 21:43:32,Hershey
1164,PSHI-2026-01-I-132410,2,01/08/2026 12:55 PM,01/08/2026 09:24 AM,,"Visitor fall, no injury reported.",Hershey - Dispatched To: HMC - UPC-2 - 1 - Dialysis > HMC - UPC-2 - 1 - Dialysis,2026-02-18 21:43:32,Hershey
1165,PSHI-2026-01-I-132409,2,01/08/2026 12:55 PM,01/08/2026 10:17 AM,,Assisted Law Enforcement with access to employee.,Hershey - Dispatched To: HMC - 30 Hope Drive > HMC - 30 Hope Drive,2026-02-18 21:43:32,Hershey
1166,PSHI-2026-01-I-132405,2,01/08/2026 10:34 AM,01/08/2026 09:40 AM,,Conducted search of patient's belongings.,Hershey - Dispatched To: HMC - Emergency Department > HMC - Emergency Department,2026-02-18 21:43:32,Hershey
1167,PSHI-2026-01-I-132402,2,01/08/2026 09:53 AM,01/08/2026 09:18 AM,,Patient assaulted security officer.,Hershey - Dispatched To: HMC - Emergency Department > HMC - Emergency Department,2026-02-18 21:43:32,Hershey
1168,PSHI-2026-01-I-132396,2,01/08/2026 04:36 AM,,,Visitor mismatch to the sex offender registry.,Hershey - Dispatched To: HMC - Children's Hospital > HMC - Children's Hospital,2026-02-18 21:43:32,Hershey
1169,PSHI-2026-01-I-132395,2,01/08/2026 04:36 AM,01/07/2026 08:53 PM,,Assisted clinical staff with agitated visitor.,Hershey - Dispatched To: HMC - Children's Hospital > HMC - Children's Hospital,2026-02-18 21:43:32,Hershey
1171,PSHI-2026-01-I-132391,2,01/08/2026 12:49 AM,01/07/2026 11:50 PM,,Assisted clinical staff with patient escort.,Hershey - Dispatched To: HMC - Main Hospital - 3 - HVI\HVOC > HMC - Main Hospital - 3 - HVI\HVOC,2026-02-18 21:43:32,Hershey
1172,PSHI-2026-01-I-132387,2,01/08/2026 12:03 AM,01/07/2026 10:15 PM,,Patient left care prior to discharge.,Hershey - Dispatched To: HMC - Main Hospital - 5 - Acute Care > HMC - Main Hospital - 5 - Acute Care,2026-02-18 21:43:32,Hershey
1173,PSHI-2026-01-I-132382,2,01/07/2026 10:31 PM,01/07/2026 09:30 PM,,Assisted with notification of maintenance issue.,Hershey - Dispatched To: HMC - UPC-1 > HMC - UPC-1,2026-02-18 21:43:32,Hershey
1175,PSHI-2026-01-I-132374,2,01/07/2026 08:24 PM,01/07/2026 07:46 PM,,Assisted clinical staff with agitated visitor.,Hershey - Dispatched To: HMC - Emergency Department > HMC - Emergency Department,2026-02-18 21:43:32,Hershey
1176,PSHI-2026-01-I-132373,2,01/07/2026 08:23 PM,01/07/2026 06:09 PM,,Assisted clinical staff with visitor not obeying visitor protocols.,Hershey - Dispatched To: HMC - Main Hospital > HMC - Main Hospital,2026-02-18 21:43:32,Hershey
1178,PSHI-2026-01-I-132365,2,01/07/2026 04:49 PM,01/07/2026 01:20 PM,,Visitor medical emergency.,Hershey - Dispatched To: HMC - Children's Hospital - 3 > HMC - Children's Hospital - 3,2026-02-18 21:43:32,Hershey
1181,PSHI-2026-01-I-132362,2,01/07/2026 03:17 PM,01/05/2026 11:04 AM,,Visitor fall.,"Hershey - Reported Location: HMC Off-Site - PSMG - Camp Hill, Specialties - PSMG",2026-02-18 21:43:32,Hershey
1182,PSHI-2026-01-I-132358,2,01/07/2026 03:04 PM,01/07/2026 12:05 PM,,Assisted employee with lost/stolen item.,Hershey - Dispatched To: HMC - Main Hospital > HMC - Main Hospital,2026-02-18 21:43:32,Hershey
1183,PSHI-2026-01-I-132359,2,01/07/2026 03:04 PM,01/07/2026 02:41 PM,,Assisted clinical staff with agitated visitor.,Hershey - Dispatched To: HMC - Main Hospital > HMC - Main Hospital,2026-02-18 21:43:32,Hershey
1185,PSHI-2026-01-I-132353,2,01/07/2026 02:26 PM,01/07/2026 12:19 PM,,Visitor fall.,Hershey - Dispatched To: HMC - Cancer Institute > HMC - Cancer Institute,2026-02-18 21:43:32,Hershey
1187,PSHI-2026-01-I-132348,2,01/07/2026 12:07 PM,01/07/2026 11:34 AM,,Assisted staff with employee termination.,Hershey - Dispatched To: HMC - Main Hospital > HMC - Main Hospital,2026-02-18 21:43:32,Hershey
1189,PSHI-2026-01-I-132344,2,01/07/2026 10:34 AM,12/12/2025 01:00 AM,,Domestic dispute resulted in charges.,Hershey - Reported Location: HMC - Main Hospital,2026-02-18 21:43:32,Hershey
1191,PSHI-2026-01-I-132339,2,01/07/2026 04:15 AM,01/06/2026 09:10 PM,,Assisted staff with complaint of visitor issue.,Hershey - Reported Location: HMC - Main Hospital - 2 - SICU,2026-02-18 21:43:32,Hershey
1193,PSHI-2026-01-I-132336,2,01/07/2026 03:12 AM,01/07/2026 01:00 AM,,Assisted clinical staff with an agitated visitor.,Hershey - Dispatched To: HMC - Emergency Department > HMC - Emergency Department,2026-02-18 21:43:32,Hershey
1194,PSHI-2026-01-I-132333,2,01/06/2026 11:41 PM,01/06/2026 07:20 PM,,Visitor match to the sex offender registry.,Hershey - Dispatched To: HMC - Children's Hospital > HMC - Children's Hospital,2026-02-18 21:43:32,Hershey
1195,PSHI-2026-01-I-132331,2,01/06/2026 11:15 PM,01/06/2026 09:30 PM,,Visitor mismatch to the sex offender registry.,Hershey - Dispatched To: HMC - Main Hospital > HMC - Main Hospital,2026-02-18 21:43:32,Hershey
1196,PSHI-2026-01-I-132323,2,01/06/2026 09:52 PM,01/06/2026 08:17 PM,,Assisted clinical staff with contacting law enforcement.,Hershey - Dispatched To: HMC - Emergency Department > HMC - Emergency Department,2026-02-18 21:43:32,Hershey
1197,PSHI-2026-01-I-132322,2,01/06/2026 09:31 PM,01/06/2026 07:47 PM,,Assisted clinical staff with an agitated patient.,Hershey - Dispatched To: HMC - Main Hospital - 4 - Neuro > HMC - Main Hospital - 4 - Neuro,2026-02-18 21:43:32,Hershey
1198,PSHI-2026-01-I-132318,2,01/06/2026 07:59 PM,01/06/2026 07:16 PM,,Assisted clinical staff with a visitor issue.,Hershey - Dispatched To: HMC - Emergency Department > HMC - Emergency Department,2026-02-18 21:43:32,Hershey
1201,PSHI-2026-01-I-132314,2,01/06/2026 03:06 PM,01/06/2026 12:59 PM,,Assisted clinical staff with visitor issue and protocol compliance.,Hershey - Dispatched To: HMC - Children's Hospital - 3 > HMC - Children's Hospital - 3,2026-02-18 21:43:32,Hershey
1203,PSHI-2026-01-I-132307,2,01/06/2026 11:30 AM,01/06/2026 11:06 AM,,Assisted LE with access to patient.,Hershey - Dispatched To: HMC - Main Hospital - 1 - Security Operations Center > HMC - Main Hospital - 1 - Security Operations Center,2026-02-18 21:43:32,Hershey
1204,PSHI-2026-01-I-132305,2,01/06/2026 10:28 AM,01/06/2026 09:40 AM,,Visitor Fall.,Hershey - Dispatched To: HMC - 30 Hope Drive - 1 - Therapy Services > HMC - 30 Hope Drive - 1 - Therapy Services,2026-02-18 21:43:32,Hershey
1207,PSHI-2026-01-I-132288,2,01/06/2026 12:55 AM,01/05/2026 11:45 PM,,Assisted clinical staff with agitated patient.,Hershey - Dispatched To: HMC - Emergency Department > HMC - Emergency Department,2026-02-18 21:43:32,Hershey
1209,PSHI-2026-01-I-132287,2,01/05/2026 11:02 PM,01/05/2026 10:54 PM,,Assisted maintenance with an elevator entrapment.,Hershey - Dispatched To: HMC - Main Hospital > HMC - Main Hospital,2026-02-18 21:43:32,Hershey
1211,PSHI-2026-01-I-132281,2,01/05/2026 08:46 PM,01/05/2026 07:58 PM,,Assisted clinical staff with agitated patient.,Hershey - Dispatched To: HMC - Emergency Department > HMC - Emergency Department,2026-02-18 21:43:32,Hershey
1216,PSHI-2026-01-I-132271,2,01/05/2026 05:30 PM,01/05/2026 05:01 PM,,Assisted clinical staff with an agitated visitor.,Hershey - Dispatched To: HMC - Emergency Department > HMC - Emergency Department,2026-02-18 21:43:32,Hershey
1218,PSHI-2026-01-I-132261,2,01/05/2026 01:41 PM,01/05/2026 12:17 PM,,Assisted clinical staff with agitated patient.,Hershey - Dispatched To: HMC - Main Hospital - 1 - Heart & Vascular Critical Care Unit West (HVCCU) > HMC - Main Hospital - 1 - Heart & Vascular Critical Care Unit West (HVCCU),2026-02-18 21:43:32,Hershey
1219,PSHI-2026-01-I-132260,2,01/05/2026 01:35 PM,01/05/2026 08:08 AM,,Minor vehicle damage caused by gate arm.,"Hershey - Dispatched To: HMC - Parking Lot - Lot B,C,D > HMC - Parking Lot - Lot B,C,D",2026-02-18 21:43:32,Hershey
1221,PSHI-2026-01-I-132253,2,01/05/2026 07:09 AM,01/05/2026 06:15 AM,,Visitor mismatch to the sex offender registry.,Hershey - Dispatched To: HMC - Children's Hospital - 1 - Children's Hospital Main Information Desk > HMC - Children's Hospital - 1 - Children's Hospital Main Information Desk,2026-02-18 21:43:32,Hershey
1222,PSHI-2026-01-I-132250,2,01/05/2026 05:09 AM,01/05/2026 05:01 AM,,Assisted clinical staff with agitated patient.,Hershey - Dispatched To: HMC - Main Hospital > HMC - Main Hospital,2026-02-18 21:43:32,Hershey
1224,PSHI-2026-01-I-132248,2,01/05/2026 01:21 AM,01/05/2026 08:45 PM,,Assisted staff with a visitor problem.,Hershey - Dispatched To: HMC - Children's Hospital > HMC - Children's Hospital,2026-02-18 21:43:32,Hershey
1225,PSHI-2026-01-I-132239,2,01/04/2026 10:16 PM,01/04/2026 09:30 PM,,Assisted clinical staff with agitated patient.,Hershey - Dispatched To: HMC - Main Hospital > HMC - Main Hospital,2026-02-18 21:43:32,Hershey
1226,PSHI-2026-01-I-132238,2,01/04/2026 10:15 PM,01/04/2026 09:20 PM,,Assisted staff with reporting incident.,Hershey - Dispatched To: HMC - Main Hospital > HMC - Main Hospital,2026-02-18 21:43:32,Hershey
1227,PSHI-2026-01-I-132237,2,01/04/2026 07:55 PM,01/04/2026 07:15 PM,,Safekeeping of Firearm.,Hershey - Dispatched To: HMC - Main Hospital - 1 - Security Operations Center > HMC - Main Hospital - 1 - Security Operations Center,2026-02-18 21:43:32,Hershey
1228,PSHI-2026-01-I-132236,2,01/04/2026 06:58 PM,,,Assisted clinical staff with agitated patient.,Hershey - Dispatched To: HMC - Main Hospital > HMC - Main Hospital,2026-02-18 21:43:32,Hershey
1231,PSHI-2026-01-I-132234,2,01/04/2026 04:57 PM,01/04/2026 04:20 PM,,Assisted clinical staff with agitated patient.,Hershey - Dispatched To: HMC - Main Hospital - 4 - Neuro > HMC - Main Hospital - 4 - Neuro,2026-02-18 21:43:32,Hershey
1232,PSHI-2026-01-I-132233,2,01/04/2026 03:44 PM,01/02/2026 10:00 AM,,Visitor mismatch on sex offender registry.,Hershey - Dispatched To: HMC - Children's Hospital > HMC - Children's Hospital,2026-02-18 21:43:32,Hershey
1233,PSHI-2026-01-I-132232,2,01/04/2026 03:44 PM,01/03/2026 06:13 AM,,Visitor mismatch to the sex offender registry.,Hershey - Dispatched To: HMC - Children's Hospital > HMC - Children's Hospital,2026-02-18 21:43:32,Hershey
1234,PSHI-2026-01-I-132221,2,01/04/2026 12:46 PM,01/04/2026 12:21 PM,,Assisted clinical staff with agitated patient.,Hershey - Dispatched To: HMC - Children's Hospital > HMC - Children's Hospital,2026-02-18 21:43:32,Hershey
1235,PSHI-2026-01-I-132220,2,01/04/2026 12:38 PM,01/04/2026 12:07 PM,,Assisted clinical staff with a report of a theft.,Hershey - Dispatched To: HMC - Main Hospital - 6 - MIMCU > HMC - Main Hospital - 6 - MIMCU,2026-02-18 21:43:32,Hershey
1236,PSHI-2026-01-I-132210,2,01/04/2026 05:16 AM,01/04/2026 04:43 AM,,Assisted clinical staff with agitated patient.,Hershey - Dispatched To: HMC - Emergency Department > HMC - Emergency Department,2026-02-18 21:43:32,Hershey
1237,PSHI-2026-01-I-132208,2,01/04/2026 03:14 AM,01/04/2026 02:49 AM,,Assisted clinical staff with agitated patient.,Hershey - Dispatched To: HMC - Emergency Department > HMC - Emergency Department,2026-02-18 21:43:32,Hershey
1238,PSHI-2026-01-I-132207,2,01/04/2026 01:39 AM,01/04/2026 12:01 AM,,Assisted clinical staff with agitated patient.,Hershey - Dispatched To: HMC - Emergency Department > HMC - Emergency Department,2026-02-18 21:43:32,Hershey
1239,PSHI-2026-01-I-132202,2,01/03/2026 10:24 PM,01/03/2026 09:45 PM,,Patient struck caregiver.,Hershey - Dispatched To: HMC - Main Hospital > HMC - Main Hospital,2026-02-18 21:43:32,Hershey
1242,PSHI-2026-01-I-132198,2,01/03/2026 05:30 PM,01/03/2026 04:11 PM,,Assisted college staff with a door found unsecured.,Hershey - Dispatched To: COM - Basic Science - 6 > COM - Basic Science - 6,2026-02-18 21:43:32,Hershey
1243,PSHI-2026-01-I-132195,2,01/03/2026 02:26 PM,01/03/2026 02:06 PM,,Assisted patient with found property.,Hershey - Dispatched To: HMC - Main Hospital - 1 - Gift Shop > HMC - Main Hospital - 1 - Gift Shop,2026-02-18 21:43:32,Hershey
1246,PSHI-2026-01-I-132194,2,01/03/2026 01:36 PM,01/03/2026 12:52 PM,,Assisted law enforcement with access to patient.,Hershey - Dispatched To: HMC - Children's Hospital - 4 - PIMCU > HMC - Children's Hospital - 4 - PIMCU,2026-02-18 21:43:32,Hershey
1248,PSHI-2026-01-I-132182,2,01/03/2026 06:20 AM,01/02/2026 04:22 PM,,Assisted clinical staff with agitated patient.,Hershey - Dispatched To: HMC - Main Hospital - 1 - Main Entrance\Valet > HMC - Main Hospital - 1 - Main Entrance\Valet,2026-02-18 21:43:32,Hershey
1249,PSHI-2026-01-I-132181,2,01/03/2026 04:44 AM,01/03/2026 04:15 AM,,“Assisted clinical staff with visitor problem.”,Hershey - Reported Location: HMC - Main Hospital - 3 - Acute Care - 500 University Dr Hershey PA USA,2026-02-18 21:43:32,Hershey
1250,PSHI-2026-01-I-132178,2,01/03/2026 01:18 AM,01/03/2026 12:26 AM,,Assisted visitor with information.,Hershey - Dispatched To: HMC - Parking Lot > HMC - Parking Lot,2026-02-18 21:43:32,Hershey
1252,PSHI-2026-01-I-132169,2,01/02/2026 04:33 PM,,,Assisted clinical staff with agitated patient.,Hershey - Dispatched To: HMC - Emergency Department > HMC - Emergency Department,2026-02-18 21:43:32,Hershey
1254,PSHI-2026-01-I-132168,2,01/02/2026 02:47 PM,01/02/2026 02:25 PM,,Visitor fall.,Hershey - Dispatched To: HMC - Main Hospital > HMC - Main Hospital,2026-02-18 21:43:32,Hershey
1255,PSHI-2026-01-I-132167,2,01/02/2026 02:43 PM,01/02/2026 02:13 PM,,Assisted vendor for the casher's office.,Hershey - Dispatched To: HMC - Main Hospital - 1 - Cashier's Office > HMC - Main Hospital - 1 - Cashier's Office,2026-02-18 21:43:32,Hershey
1258,PSHI-2026-01-I-132161,2,01/02/2026 10:37 AM,01/02/2026 10:05 AM,,Assisted clinical staff with agitated visitors.,Hershey - Dispatched To: HMC - Children's Hospital > HMC - Children's Hospital,2026-02-18 21:43:32,Hershey
1259,PSHI-2026-01-I-132152,2,01/01/2026 11:22 PM,01/01/2026 10:38 PM,,Assisted clinical staff with agitated visitors.,Hershey - Dispatched To: HMC - Emergency Department > HMC - Emergency Department,2026-02-18 21:43:32,Hershey
1260,PSHI-2026-01-I-132144,2,01/01/2026 07:03 PM,01/01/2026 06:58 PM,,Visitor mismatch to the sex offender registry.,Hershey - Dispatched To: HMC - Children's Hospital > HMC - Children's Hospital,2026-02-18 21:43:32,Hershey
1261,PSHI-2026-01-I-132143,2,01/01/2026 05:03 PM,01/01/2026 04:41 PM,,Assisted clinical staff with damaged property.,Hershey - Dispatched To: HMC - Main Hospital - 6 - MIMCU > HMC - Main Hospital - 6 - MIMCU,2026-02-18 21:43:32,Hershey
1262,PSHI-2026-01-I-132142,2,01/01/2026 04:49 PM,01/01/2026 04:04 PM,,Vehicle incident.,Hershey - Dispatched To: HMC - Centerview Drive Roadway > HMC - Centerview Drive Roadway,2026-02-18 21:43:32,Hershey
1266,PSHI-2026-01-I-132127,2,01/01/2026 04:37 AM,01/01/2026 03:30 AM,,Assisted clinical staff with contacting law enforcement.,Hershey - Dispatched To: HMC - Emergency Department > HMC - Emergency Department,2026-02-18 21:43:32,Hershey
1267,PSHI-2026-01-I-132126,2,01/01/2026 04:33 AM,12/31/2025 09:47 PM,,Vetted visitor through lobby management software.,Hershey - Dispatched To: HMC - Children's Hospital > HMC - Children's Hospital,2026-02-18 21:43:32,Hershey
1268,PSHI-2026-01-I-132123,2,01/01/2026 02:37 AM,12/31/2025 06:18 PM,,Visitor Fall.,Hershey - Dispatched To: HMC - Parking Lot - Lot UPC > HMC - Parking Lot - Lot UPC,2026-02-18 21:43:32,Hershey
1269,PSHI-2025-12-I-132120,2,12/31/2025 10:17 PM,12/31/2025 08:26 PM,,Assisted clinical staff with a security escort.,Hershey - Dispatched To: HMC - Emergency Department > HMC - Emergency Department,2026-02-18 21:43:32,Hershey
1270,PSHI-2025-12-I-132118,2,12/31/2025 10:04 PM,12/31/2025 09:20 PM,,Assisted clinical staff with visitors not obeying visitor protocols.,Hershey - Dispatched To: HMC - Main Hospital - 2 - SICU > HMC - Main Hospital - 2 - SICU,2026-02-18 21:43:32,Hershey
1271,PSHI-2025-12-I-132116,2,12/31/2025 05:55 PM,12/31/2025 05:40 PM,,Assisted staff with a visitor issue.,Hershey - Reported Location: HMC - Children's Hospital,2026-02-18 21:43:32,Hershey
1273,PSHI-2025-12-I-132109,2,12/31/2025 01:30 PM,12/31/2025 01:16 PM,,Assist clinical staff with agitated patient.,Hershey - Dispatched To: HMC - Emergency Department > HMC - Emergency Department,2026-02-18 21:43:32,Hershey
1274,PSHI-2025-12-I-132108,2,12/31/2025 12:06 PM,,,Assisted clinical staff with visitors not obeying visitor protocols.,Hershey - Dispatched To: HMC - Main Hospital - 2 - SIMCU > HMC - Main Hospital - 2 - SIMCU,2026-02-18 21:43:32,Hershey
1275,PSHI-2025-12-I-132107,2,12/31/2025 11:02 AM,12/31/2025 06:35 AM,,Assisted clinical staff with a security stand-by.,Hershey - Dispatched To: HMC Off-Site - PSMG - Mechanicsburg - PSMG > HMC Off-Site - PSMG - Mechanicsburg - PSMG,2026-02-18 21:43:32,Hershey
1276,PSHI-2025-12-I-132106,2,12/31/2025 10:52 AM,12/31/2025 10:41 AM,,Assisted clinical staff with an agitated patient.,Hershey - Dispatched To: HMC - Emergency Department > HMC - Emergency Department,2026-02-18 21:43:32,Hershey
1277,PSHI-2025-12-I-132102,2,12/31/2025 10:03 AM,12/31/2025 09:22 AM,,Assisted staff with a property related issue.,Hershey - Dispatched To: HMC - Children's Hospital - 5 > HMC - Children's Hospital - 5,2026-02-18 21:43:32,Hershey
1278,PSHI-2025-12-I-132097,2,12/31/2025 05:21 AM,12/31/2025 05:09 AM,,Assisted clinical staff with agitated patient.,Hershey - Dispatched To: HMC - Main Hospital - 4 - Acute Care > HMC - Main Hospital - 4 - Acute Care,2026-02-18 21:43:32,Hershey
1279,PSHI-2025-12-I-132095,2,12/31/2025 03:21 AM,12/31/2025 03:00 AM,,Visitor mismatch to the sex offender registry.,Hershey - Dispatched To: HMC - Children's Hospital > HMC - Children's Hospital,2026-02-18 21:43:32,Hershey
1280,PSHI-2025-12-I-132090,2,12/31/2025 01:15 AM,12/31/2025 12:28 AM,,Assisted clinical staff with agitated patient.,Hershey - Dispatched To: HMC - Emergency Department > HMC - Emergency Department,2026-02-18 21:43:32,Hershey
1281,PSHI-2025-12-I-132089,2,12/31/2025 12:54 AM,12/30/2025 11:54 PM,,Vetted suspicious note found on clinic.,Hershey - Dispatched To: HMC - UPC-1 > HMC - UPC-1,2026-02-18 21:43:32,Hershey
1282,PSHI-2025-12-I-132073,2,12/30/2025 07:07 PM,12/30/2025 06:30 PM,,Assisted clinical staff with agitated patient.,Hershey - Dispatched To: HMC - Emergency Department > HMC - Emergency Department,2026-02-18 21:43:32,Hershey
1283,PSHI-2025-12-I-132069,2,12/30/2025 04:54 PM,12/30/2025 03:34 PM,,Assisted clinical staff with agitated patient.,Hershey - Dispatched To: HMC - Main Hospital > HMC - Main Hospital,2026-02-18 21:43:32,Hershey
1284,PSHI-2025-12-I-132068,2,12/30/2025 04:47 PM,12/30/2025 01:40 PM,,Stand by at off site clinic.,Hershey - Dispatched To: HMC Off-Site - PSMG - Mechanicsburg - PSMG > HMC Off-Site - PSMG - Mechanicsburg - PSMG,2026-02-18 21:43:32,Hershey
1285,PSHI-2025-12-I-132064,2,12/30/2025 03:12 PM,12/30/2025 01:59 PM,,Assisted clinical staff with agitated visitor.,Hershey - Dispatched To: HMC - 30 Hope Drive > HMC - 30 Hope Drive,2026-02-18 21:43:32,Hershey
1286,PSHI-2025-12-I-132063,2,12/30/2025 03:11 PM,,,Assisted clinical staff with agitated patient.,Hershey - Dispatched To: HMC - Emergency Department > HMC - Emergency Department,2026-02-18 21:43:32,Hershey
1287,PSHI-2025-12-I-132062,2,12/30/2025 02:35 PM,12/30/2025 02:11 PM,,Patient bit nurse.,Hershey - Dispatched To: HMC - Main Hospital > HMC - Main Hospital,2026-02-18 21:43:32,Hershey
1288,PSHI-2025-12-I-132060,2,12/30/2025 02:11 PM,12/30/2025 01:02 PM,,Assisted visitor with property matter.,Hershey - Dispatched To: HMC - Main Hospital - 1 - Cashier's Office > HMC - Main Hospital - 1 - Cashier's Office,2026-02-18 21:43:32,Hershey
1289,PSHI-2025-12-I-132059,2,12/30/2025 02:03 PM,,,Assisted clinical staff with agitated visitor.,Hershey - Dispatched To: HMC - Emergency Department > HMC - Emergency Department,2026-02-18 21:43:32,Hershey
1290,PSHI-2025-12-I-132053,2,12/30/2025 12:11 PM,12/30/2025 12:11 PM,,Reported property damage to an employee vehicle.,Hershey - Dispatched To: HMC - Parking Lot - Lot A > HMC - Parking Lot - Lot A,2026-02-18 21:43:32,Hershey
1291,PSHI-2025-12-I-132048,2,12/30/2025 07:11 AM,12/29/2025 02:53 PM,,Visitor fall.,Hershey - Dispatched To: HMC - Emergency Department > HMC - Emergency Department,2026-02-18 21:43:32,Hershey
1292,PSHI-2025-12-I-132043,2,12/30/2025 12:45 AM,12/30/2025 11:11 PM,,Assisted clinical staff with agitated patient.,Hershey - Reported Location: HMC - Emergency Department,2026-02-18 21:43:32,Hershey
1293,PSHI-2025-12-I-132042,2,12/30/2025 12:33 AM,12/30/2025 12:18 AM,,Assisted clinical staff with an agitated patient.,Hershey - Dispatched To: HMC - Emergency Department > HMC - Emergency Department,2026-02-18 21:43:32,Hershey
1294,PSHI-2025-12-I-132038,2,12/29/2025 10:56 PM,12/29/2025 10:11 PM,,Wanded patient at request of clinical staff.,Hershey - Dispatched To: HPD - Emergency Department > HPD - Emergency Department,2026-02-18 21:43:32,Hershey
1295,PSHI-2025-12-I-132035,2,12/29/2025 08:47 PM,12/30/2025 08:45 PM,,Documentation of security equipment issue.,Hershey - Dispatched To: HMC and COM - Westview Parking Garage > HMC and COM - Westview Parking Garage,2026-02-18 21:43:32,Hershey
1296,PSHI-2025-12-I-132036,2,12/29/2025 08:47 PM,12/29/2025 07:20 PM,,Visitor fall.,Hershey - Dispatched To: HMC - Main Hospital - 4 - Acute Care > HMC - Main Hospital - 4 - Acute Care,2026-02-18 21:43:32,Hershey
1300,PSHI-2025-12-I-132025,2,12/29/2025 03:16 PM,12/29/2025 03:15 PM,,Mailed trespass letter as result of patient dismissal.,Hershey - Reported Location: HMC Off-Site - PSMG - Cocoa Outpatient Center - PSMG,2026-02-18 21:43:32,Hershey
1301,PSHI-2025-12-I-132024,2,12/29/2025 03:09 PM,12/29/2025 01:46 PM,,Assisted clinical staff with agitated patient.,Hershey - Dispatched To: HMC - Children's Hospital > HMC - Children's Hospital,2026-02-18 21:43:32,Hershey
1302,PSHI-2025-12-I-132023,2,12/29/2025 03:06 PM,12/29/2025 12:12 PM,,Assisted clinical staff with agitated patient.,Hershey - Dispatched To: HMC - Children's Hospital > HMC - Children's Hospital,2026-02-18 21:43:32,Hershey
1304,PSHI-2025-12-I-132013,2,12/29/2025 11:57 AM,12/29/2025 11:00 AM,,Wanded patient at request of clinical staff.,Hershey - Dispatched To: HMC - 30 Hope Drive > HMC - 30 Hope Drive,2026-02-18 21:43:32,Hershey
1307,PSHI-2025-12-I-132001,2,12/29/2025 12:40 AM,12/29/2025 10:10 PM,,Assisted clinical staff with agitated patient.,Hershey - Dispatched To: HMC - Emergency Department > HMC - Emergency Department,2026-02-18 21:43:32,Hershey
1308,PSHI-2025-12-I-132000,2,12/29/2025 12:26 AM,12/28/2025 09:50 PM,,Security responded to fire alarm in apartments.,Hershey - Dispatched To: COM - University Manor East > COM - University Manor East,2026-02-18 21:43:32,Hershey
1310,PSHI-2025-12-I-131991,2,12/28/2025 04:13 PM,12/28/2025 03:13 PM,,Assisted Law Enforcement with access to patient.,Hershey - Dispatched To: HMC - UPC-1 > HMC - UPC-1,2026-02-18 21:43:32,Hershey
1311,PSHI-2025-12-I-131981,2,12/28/2025 10:02 AM,12/28/2025 09:38 AM,,Assisted clinical staff with agitated patient.,Hershey - Dispatched To: HMC - Emergency Department > HMC - Emergency Department,2026-02-18 21:43:32,Hershey
1312,PSHI-2025-12-I-131976,2,12/28/2025 01:29 AM,12/28/2025 01:19 AM,,Assisted clinical staff with agitated patient.,Hershey - Dispatched To: HMC - Emergency Department > HMC - Emergency Department,2026-02-18 21:43:32,Hershey
1313,PSHI-2025-12-I-131975,2,12/28/2025 12:36 AM,12/27/2025 10:34 PM,,Assisted clinical staff with agitated patient.,Hershey - Dispatched To: HMC - Emergency Department > HMC - Emergency Department,2026-02-18 21:43:32,Hershey
1316,PSHI-2025-12-I-131970,2,12/27/2025 07:21 PM,12/27/2025 06:45 PM,,Assisted clinical staff with agitated patient.,Hershey - Dispatched To: HMC - Emergency Department > HMC - Emergency Department,2026-02-18 21:43:32,Hershey
1317,PSHI-2025-12-I-131964,2,12/27/2025 04:03 PM,12/27/2025 03:15 PM,,Assisted clinical staff with investigation.,Hershey - Dispatched To: HMC - Emergency Department > HMC - Emergency Department,2026-02-18 21:43:32,Hershey
1321,PSHI-2025-12-I-131953,2,12/27/2025 10:02 AM,12/27/2025 09:20 AM,,Safe keeping of patient's pellet gun.,Hershey - Dispatched To: HMC - Emergency Department > HMC - Emergency Department,2026-02-18 21:43:32,Hershey
1323,PSHI-2025-12-I-131950,2,12/27/2025 05:35 AM,12/27/2025 03:52 AM,,Assisted clinical staff with agitated patient.,Hershey - Dispatched To: HMC - Emergency Department > HMC - Emergency Department,2026-02-18 21:43:32,Hershey
1324,PSHI-2025-12-I-131945,2,12/27/2025 12:18 AM,12/27/2025 12:02 AM,,Assisted clinical staff with a possible violence victim.,Hershey - Dispatched To: HMC - Emergency Department > HMC - Emergency Department,2026-02-18 21:43:32,Hershey
1325,PSHI-2025-12-I-131944,2,12/26/2025 11:59 PM,12/26/2025 11:15 PM,,Assisted clinical staff with an agitated patient.,Hershey - Dispatched To: HMC - Emergency Department > HMC - Emergency Department,2026-02-18 21:43:32,Hershey
1326,PSHI-2025-12-I-131943,2,12/26/2025 11:58 PM,12/27/2025 10:21 PM,,Assisted clinical staff with visitor problem.,Hershey - Dispatched To: HMC - Emergency Department > HMC - Emergency Department,2026-02-18 21:43:32,Hershey
1327,PSHI-2025-12-I-131935,2,12/26/2025 10:09 PM,12/26/2025 09:51 PM,,Assisted clinical staff with patient leaving against medical advice.,Hershey - Dispatched To: HMC - Emergency Department > HMC - Emergency Department,2026-02-18 21:43:32,Hershey
1328,PSHI-2025-12-I-131932,2,12/26/2025 08:05 PM,12/26/2025 07:30 PM,,Assisted law enforcement and clinical staff with an agitated patient.,Hershey - Dispatched To: HMC - Emergency Department > HMC - Emergency Department,2026-02-18 21:43:32,Hershey
1329,PSHI-2025-12-I-131925,2,12/26/2025 02:18 PM,12/26/2025 02:18 PM,,Turned over items to police.,Hershey - Dispatched To: HMC - Main Hospital - 4 - Acute Care > HMC - Main Hospital - 4 - Acute Care,2026-02-18 21:43:32,Hershey
1330,PSHI-2025-12-I-131924,2,12/26/2025 12:32 PM,12/26/2025 11:40 AM,,Money escort to the cashiers office.,Hershey - Dispatched To: HMC - Main Hospital - 1 - Cashier's Office > HMC - Main Hospital - 1 - Cashier's Office,2026-02-18 21:43:32,Hershey
1331,PSHI-2025-12-I-131923,2,12/26/2025 12:13 PM,,,Assisted courier with a cashier's deposit.,Hershey - Dispatched To: HMC - Main Hospital - 1 - Cashier's Office > HMC - Main Hospital - 1 - Cashier's Office,2026-02-18 21:43:32,Hershey
1334,PSHI-2025-12-I-131911,2,12/25/2025 06:18 PM,12/25/2025 05:09 PM,,Assisted clinical staff with agitated patient.,Hershey - Dispatched To: HMC - Main Hospital > HMC - Main Hospital,2026-02-18 21:43:32,Hershey
1335,PSHI-2025-12-I-131906,2,12/25/2025 03:03 PM,,,Visitor mismatch to the sex offender registry.,Hershey - Dispatched To: HMC - Children's Hospital > HMC - Children's Hospital,2026-02-18 21:43:32,Hershey
1337,PSHI-2025-12-I-131880,2,12/24/2025 10:06 PM,12/24/2025 09:20 PM,,Escorted patient and law enforcement to clinical treatment area.,Hershey - Dispatched To: HMC - Emergency Department > HMC - Emergency Department,2026-02-18 21:43:32,Hershey
1338,PSHI-2025-12-I-131879,2,12/24/2025 09:55 PM,12/23/2025 05:30 PM,,Assisted staff with missing items.,Hershey - Dispatched To: HMC - 30 Hope Drive > HMC - 30 Hope Drive,2026-02-18 21:43:32,Hershey
1339,PSHI-2025-12-I-131864,2,12/24/2025 01:08 PM,12/24/2025 09:35 AM,,Assisted clinical staff with agitated patient.,Hershey - Dispatched To: HMC - Main Hospital > HMC - Main Hospital,2026-02-18 21:43:32,Hershey
1340,PSHI-2025-12-I-131862,2,12/24/2025 12:27 PM,11/28/2025 08:00 AM,,Theft of supply material.,Hershey - Dispatched To: COM - Basic Science > COM - Basic Science,2026-02-18 21:43:32,Hershey
1341,PSHI-2025-12-I-131856,2,12/24/2025 09:27 AM,12/24/2025 09:20 AM,,Assisted Law Enforcement with access patient.,Hershey - Dispatched To: HMC - Main Hospital - 1 - Security Operations Center > HMC - Main Hospital - 1 - Security Operations Center,2026-02-18 21:43:32,Hershey
1343,PSHI-2025-12-I-131839,2,12/23/2025 08:20 PM,12/23/2025 07:50 PM,,Escorted visitors to patient room.,Hershey - Reported Location: HMC - Main Hospital - 3 - Acute Care Medical Oncology,2026-02-18 21:43:32,Hershey
1345,PSHI-2025-12-I-131837,2,12/23/2025 05:14 PM,12/23/2025 04:35 PM,,Assisted maintenance supervisor with an employee issue.,Hershey - Dispatched To: COM - College of Medicine - 1 > COM - College of Medicine - 1,2026-02-18 21:43:32,Hershey
1346,PSHI-2025-12-I-131831,2,12/23/2025 03:42 PM,12/23/2025 03:05 PM,,Assisted clinical staff with an agitated visitor.,Hershey - Dispatched To: HMC - Main Hospital - 4 - Acute Care > HMC - Main Hospital - 4 - Acute Care,2026-02-18 21:43:32,Hershey
1347,PSHI-2025-12-I-131830,2,12/23/2025 03:17 PM,12/23/2025 02:08 PM,,Assisted clinical staff with an agitated patient.,Hershey - Dispatched To: HMC - Children's Hospital - 2 > HMC - Children's Hospital - 2,2026-02-18 21:43:32,Hershey
1348,PSHI-2025-12-I-131828,2,12/23/2025 01:14 PM,12/23/2025 11:01 AM,,Assisted clinical staff with an agitated patient.,Hershey - Dispatched To: HMC - Cancer Institute - 5 - Rad Onc > HMC - Cancer Institute - 5 - Rad Onc,2026-02-18 21:43:32,Hershey
1349,PSHI-2025-12-I-131809,2,12/23/2025 04:27 AM,12/23/2025 03:50 AM,,Visitor mismatch to the sex offender registry.,Hershey - Dispatched To: HMC - Main Hospital - 1 - Main Information Desk > HMC - Main Hospital - 1 - Main Information Desk,2026-02-18 21:43:32,Hershey
1350,PSHI-2025-12-I-131808,2,12/23/2025 03:59 AM,12/22/2025 07:17 PM,,Assisted clinical staff with an agitated patient.,Hershey - Dispatched To: HMC - Main Hospital > HMC - Main Hospital,2026-02-18 21:43:32,Hershey
1351,PSHI-2025-12-I-131807,2,12/23/2025 03:24 AM,12/23/2025 12:07 AM,,Responded to Fire alarm drills with the safety staff.,Hershey - Dispatched To: HMC - Children's Hospital > HMC - Children's Hospital,2026-02-18 21:43:32,Hershey
1352,PSHI-2025-12-I-131806,2,12/23/2025 02:53 AM,12/23/2025 02:23 AM,,Assisted clinical staff with an agitated patient.,Hershey - Dispatched To: HMC - Main Hospital > HMC - Main Hospital,2026-02-18 21:43:32,Hershey
1353,PSHI-2025-12-I-131803,2,12/23/2025 01:20 AM,12/22/2025 11:18 PM,,Assisted staff with a visitor issue.,Hershey - Dispatched To: HMC - Main Hospital > HMC - Main Hospital,2026-02-18 21:43:32,Hershey
1354,PSHI-2025-12-I-131804,2,12/23/2025 01:20 AM,12/23/2025 01:04 AM,,Responded to a visitor issue.,Hershey - Dispatched To: HMC - Main Hospital > HMC - Main Hospital,2026-02-18 21:43:32,Hershey
1355,PSHI-2025-12-I-131802,2,12/23/2025 01:05 AM,12/22/2025 10:30 PM,,Assisted clinical staff with an agitated patient.,Hershey - Dispatched To: HMC - Emergency Department > HMC - Emergency Department,2026-02-18 21:43:32,Hershey
1356,PSHI-2025-12-I-131801,2,12/23/2025 12:54 AM,12/22/2025 10:49 AM,,Assist staff with an employee issue.,Hershey - Dispatched To: HMC - Main Hospital > HMC - Main Hospital,2026-02-18 21:43:32,Hershey
1357,PSHI-2025-12-I-131800,2,12/23/2025 12:12 AM,12/22/2025 10:52 PM,,Assisted clinical staff with an agitated patient.,Hershey - Dispatched To: HMC - Main Hospital > HMC - Main Hospital,2026-02-18 21:43:32,Hershey
1358,PSHI-2025-12-I-131798,2,12/22/2025 11:31 PM,12/22/2025 09:39 PM,,Assisted clinical staff with an agitated patient.,Hershey - Dispatched To: HMC - Main Hospital > HMC - Main Hospital,2026-02-18 21:43:32,Hershey
1360,PSHI-2025-12-I-131788,2,12/22/2025 05:40 PM,12/22/2025 05:39 PM,,Visitor mismatch to the sex offender registry system.,Hershey - Dispatched To: HMC - Children's Hospital - 1 > HMC - Children's Hospital - 1,2026-02-18 21:43:32,Hershey
1361,PSHI-2025-12-I-131786,2,12/22/2025 05:06 PM,12/08/2025 08:00 AM,,Vehicle incident.,Hershey - Dispatched To: HMC - Main Hospital > HMC - Main Hospital,2026-02-18 21:43:32,Hershey
1362,PSHI-2025-12-I-131783,2,12/22/2025 03:58 PM,12/22/2025 03:00 PM,,Visitor slip/fall.,Hershey - Dispatched To: HMC - Main Hospital - 4 - Acute Care > HMC - Main Hospital - 4 - Acute Care,2026-02-18 21:43:32,Hershey
1364,PSHI-2025-12-I-131780,2,12/22/2025 01:51 PM,12/22/2025 11:40 AM,,Assisted visitor with an escort to a patient's room.,Hershey - Dispatched To: HMC - Main Hospital - 4 - Neuroscience Integrated Care Unit East > HMC - Main Hospital - 4 - Neuroscience Integrated Care Unit East,2026-02-18 21:43:32,Hershey
1365,PSHI-2025-12-I-131779,2,12/22/2025 12:57 PM,12/22/2025 11:27 AM,,Assisted clinical staff with an agitated patient.,Hershey - Dispatched To: HMC - Main Hospital - 2 - SICU > HMC - Main Hospital - 2 - SICU,2026-02-18 21:43:32,Hershey
1366,PSHI-2025-12-I-131772,2,12/22/2025 04:53 AM,12/22/2025 04:44 AM,,Completed directed patrol.,Hershey - Dispatched To: HMC - Main Hospital - 1 - Heart & Vascular Critical Care Unit East (HVCCU) > HMC - Main Hospital - 1 - Heart & Vascular Critical Care Unit East (HVCCU),2026-02-18 21:43:32,Hershey
1369,PSHI-2025-12-I-131768,2,12/21/2025 11:16 PM,12/21/2025 11:14 PM,,Visitor mismatch to the sex offender registry.,Hershey - Dispatched To: HMC - Children's Hospital > HMC - Children's Hospital,2026-02-18 21:43:32,Hershey
1370,PSHI-2025-12-I-131767,2,12/21/2025 11:13 PM,12/21/2025 08:25 PM,,Assisted visitor with police contact.,Hershey - Dispatched To: HMC - Main Hospital - 3 - Heart & Vascular Progressive Care - East (HVPCU) > HMC - Main Hospital - 3 - Heart & Vascular Progressive Care - East (HVPCU),2026-02-18 21:43:32,Hershey
1375,PSHI-2025-12-I-131760,2,12/21/2025 07:10 PM,12/21/2025 07:10 PM,,Safekeeping of patient knife.,Hershey - Dispatched To: HMC - Emergency Department > HMC - Emergency Department,2026-02-18 21:43:32,Hershey
1378,PSHI-2025-12-I-131755,2,12/21/2025 05:04 PM,12/21/2025 04:36 PM,,Assisted clinical staff and visitor with visitor protocols.,Hershey - Dispatched To: HMC - Main Hospital - 2 - SICU > HMC - Main Hospital - 2 - SICU,2026-02-18 21:43:32,Hershey
1380,PSHI-2025-12-I-131754,2,12/21/2025 04:39 PM,12/21/2025 03:42 PM,,Team de-escalation plan for agitated patient.,Hershey - Dispatched To: HMC - Children's Hospital > HMC - Children's Hospital,2026-02-18 21:43:32,Hershey
1381,PSHI-2025-12-I-131751,2,12/21/2025 03:09 PM,12/21/2025 02:30 PM,,Assisted clinical staff with an agitated visitor.,Hershey - Dispatched To: HMC - Main Hospital > HMC - Main Hospital,2026-02-18 21:43:32,Hershey
1382,PSHI-2025-12-I-131750,2,12/21/2025 02:31 PM,12/21/2025 01:59 PM,,Received court documents.,Hershey - Dispatched To: HMC - Children's Hospital > HMC - Children's Hospital,2026-02-18 21:43:32,Hershey
1384,PSHI-2025-12-I-131741,2,12/21/2025 10:58 AM,12/21/2025 10:56 AM,,Assisted clinical staff with POA paperwork.,Hershey - Dispatched To: HMC - Main Hospital - 2 - SIMCU > HMC - Main Hospital - 2 - SIMCU,2026-02-18 21:43:32,Hershey
1385,PSHI-2025-12-I-131740,2,12/21/2025 10:39 AM,12/21/2025 10:36 AM,,Assisted clinical staff with a visitor issue.,Hershey - Dispatched To: HMC - Main Hospital - 3 - Heart & Vascular Progressive Care - East (HVPCU) > HMC - Main Hospital - 3 - Heart & Vascular Progressive Care - East (HVPCU),2026-02-18 21:43:32,Hershey
1386,PSHI-2025-12-I-131735,2,12/21/2025 01:39 AM,12/21/2025 12:15 AM,,Armed visitor turned out to be an on-duty Correctional Officer.,Hershey - Dispatched To: HMC - Main Hospital > HMC - Main Hospital,2026-02-18 21:43:32,Hershey
1387,PSHI-2025-12-I-131733,2,12/20/2025 11:59 PM,12/20/2025 11:45 PM,,Assisted clinical staff with visitor issue.,Hershey - Dispatched To: HMC - Children's Hospital - 7 - Women's Health Post \Antepartum > HMC - Children's Hospital - 7 - Women's Health Post \Antepartum,2026-02-18 21:43:32,Hershey
1389,PSHI-2025-12-I-131732,2,12/20/2025 11:33 PM,12/20/2025 10:57 PM,,Assisted LE with incoming Patients.,Hershey - Dispatched To: HMC - Emergency Department > HMC - Emergency Department,2026-02-18 21:43:32,Hershey
1391,PSHI-2025-12-I-131728,2,12/20/2025 08:29 PM,12/20/2025 08:15 PM,,False Sex Offender Hit.,Hershey - Dispatched To: HMC - Children's Hospital > HMC - Children's Hospital,2026-02-18 21:43:32,Hershey
1393,PSHI-2025-12-I-131725,2,12/20/2025 07:10 PM,12/20/2025 06:45 PM,,Attempt to contact unlisted patient.,Hershey - Dispatched To: HMC - Main Hospital - 4 - Neuroscience Integrated Care Unit East > HMC - Main Hospital - 4 - Neuroscience Integrated Care Unit East,2026-02-18 21:43:32,Hershey
1395,PSHI-2025-12-I-131723,2,12/20/2025 04:49 PM,12/20/2025 04:55 PM,,Assisted clinical staff with agitated patient.,Hershey - Dispatched To: HMC - Emergency Department > HMC - Emergency Department,2026-02-18 21:43:32,Hershey
1396,PSHI-2025-12-I-131717,2,12/20/2025 01:53 PM,12/20/2025 01:35 PM,,Assisted clinical staff with agitated patient.,Hershey - Dispatched To: HMC - Emergency Department > HMC - Emergency Department,2026-02-18 21:43:32,Hershey
1398,PSHI-2025-12-I-131714,2,12/20/2025 01:18 PM,12/20/2025 12:24 PM,,Assisted clinical staff with agitated patient.,Hershey - Dispatched To: HMC - Emergency Department > HMC - Emergency Department,2026-02-18 21:43:32,Hershey
1399,PSHI-2026-02-I-133974,2,02/17/2026 09:52 PM,02/17/2026 08:48 PM,,,Hershey - Dispatched To: HMC - Main Hospital > HMC - Main Hospital,2026-02-18 21:59:39,Hershey
1400,PSHI-2026-02-I-133971,2,02/17/2026 07:54 PM,02/17/2026 07:26 PM,,Medical emergency.,Hershey - Dispatched To: HMC - Emergency Department > HMC - Emergency Department,2026-02-18 21:59:39,Hershey
1401,PSHI-2026-02-I-133970,2,02/17/2026 07:21 PM,02/17/2026 07:04 PM,,,Hershey - Dispatched To: HMC - Emergency Department > HMC - Emergency Department,2026-02-18 21:59:39,Hershey
1402,PSHI-2026-02-I-133969,2,02/17/2026 03:56 PM,02/17/2026 02:36 PM,,,Hershey - Dispatched To: HMC - Main Hospital > HMC - Main Hospital,2026-02-18 21:59:39,Hershey
1403,PSHI-2026-02-I-133959,2,02/17/2026 12:06 PM,,,,Hershey - Dispatched To: HMC - Main Hospital - 4 - Neuroscience Integrated Care Unit East > HMC - Main Hospital - 4 - Neuroscience Integrated Care Unit East,2026-02-18 21:59:39,Hershey
1404,PSHI-2026-02-I-133954,2,02/17/2026 09:17 AM,02/17/2026 08:30 AM,,,Hershey - Dispatched To: HMC - Main Hospital  > HMC - Main Hospital,2026-02-18 21:59:39,Hershey
1405,PSHI-2026-02-I-133948,2,02/17/2026 05:39 AM,02/17/2026 05:14 AM,,Wanded patient at request of ED staff. Safekeeping of patient scissors.,Hershey - Dispatched To: HMC - Emergency Department > HMC - Emergency Department,2026-02-18 21:59:39,Hershey
1406,PSHI-2026-02-I-133944,2,02/17/2026 03:16 AM,02/17/2026 02:06 AM,,,Hershey - Dispatched To: HMC - Main Hospital > HMC - Main Hospital,2026-02-18 21:59:39,Hershey
1407,PSHI-2026-02-I-133941,2,02/16/2026 10:49 PM,02/16/2026 09:20 AM,,Assisted clinical staff with an agitated patient.,Hershey - Dispatched To: HMC - Children's Hospital > HMC - Children's Hospital,2026-02-18 21:59:39,Hershey
1408,PSHI-2026-02-I-133940,2,02/16/2026 10:29 PM,02/16/2026 08:50 PM,,Assisted clinical staff with a visitor problem.,Hershey - Dispatched To: HMC - Main Hospital - 6 - Acute Care > HMC - Main Hospital - 6 - Acute Care,2026-02-18 21:59:39,Hershey
1409,PSHI-2026-02-I-133939,2,02/16/2026 10:28 PM,02/16/2026 07:45 PM,,Assisted clinical staff with an agitated patient.,Hershey - Dispatched To: HMC - Main Hospital > HMC - Main Hospital,2026-02-18 21:59:39,Hershey
1410,PSHI-2026-02-I-133926,2,02/16/2026 08:09 PM,02/16/2026 07:39 PM,,Assisted clinical staff with a property related matter.,Hershey - Dispatched To: HMC - Emergency Department - 1 - Peds ER > HMC - Emergency Department - 1 - Peds ER,2026-02-18 21:59:39,Hershey
1411,PSHI-2026-02-I-133924,2,02/16/2026 07:36 PM,02/16/2026 06:20 PM,,Team de-escalation plan for agitated patient.,Hershey - Dispatched To: HMC - Main Hospital - 3 - Acute Care > HMC - Main Hospital - 3 - Acute Care,2026-02-18 21:59:39,Hershey
1412,PSHI-2026-02-I-133922,2,02/16/2026 07:35 PM,02/16/2026 06:03 PM,,Assisted clinical staff with an agitated patient.,Hershey - Dispatched To: HMC - Cancer Institute - 1 > HMC - Cancer Institute - 1,2026-02-18 21:59:39,Hershey
1413,PSHI-2026-02-I-133923,2,02/16/2026 07:35 PM,02/16/2026 06:45 PM,,Assisted clinical staff with agitated patient.,Hershey - Dispatched To: HMC - Main Hospital > HMC - Main Hospital,2026-02-18 21:59:39,Hershey
1414,PSHI-2026-02-I-133917,2,02/16/2026 02:23 PM,02/16/2026 01:46 PM,,Assisted clinical staff with an agitated patient.,Hershey - Dispatched To: HMC - Children's Hospital - 3 - Children's Hospital Acute Care > HMC - Children's Hospital - 3 - Children's Hospital Acute Care,2026-02-18 21:59:39,Hershey
1415,PSHI-2026-02-I-133911,2,02/16/2026 12:48 PM,02/16/2026 12:13 PM,,Assisted clinical staff with an agitated patient.,Hershey - Dispatched To: HMC - Children's Hospital - 6 - Pediatric Surgical Care Unit > HMC - Children's Hospital - 6 - Pediatric Surgical Care Unit,2026-02-18 21:59:39,Hershey
1416,PSHI-2026-02-I-133901,2,02/16/2026 10:34 AM,02/16/2026 09:00 AM,,Drug paraphernalia surrendered to law enforcement.,Hershey - Dispatched To: HMC - Main Hospital - 3 - Heart & Vascular Progressive Care - West (HVPCU) > HMC - Main Hospital - 3 - Heart & Vascular Progressive Care - West (HVPCU),2026-02-18 21:59:39,Hershey
1417,PSHI-2026-02-I-133895,2,02/16/2026 04:28 AM,02/16/2026 03:50 AM,,Assisted clinical staff with agitated patient.,Hershey - Dispatched To: HMC - Emergency Department > HMC - Emergency Department,2026-02-18 21:59:39,Hershey
1418,PSHI-2026-02-I-133894,2,02/16/2026 03:07 AM,,,Assisted clinical staff with agitated patient.,Hershey - Dispatched To: HMC - Main Hospital > HMC - Main Hospital,2026-02-18 21:59:39,Hershey
1419,PSHI-2026-02-I-133891,2,02/16/2026 12:20 AM,02/16/2026 11:58 PM,,,Hershey - Dispatched To: HMC - Emergency Department > HMC - Emergency Department,2026-02-18 21:59:39,Hershey
1420,PSHI-2026-02-I-133620,2,02/09/2026 05:32 PM,01/13/2026 03:05 PM,,Assisted clinical staff with locating misplaced property.,Hershey - Dispatched To: HMC - Emergency Department > HMC - Emergency Department,2026-02-18 21:59:39,Hershey
1421,PSHI-2026-02-I-134061,1,02/19/2026 10:35 PM,02/19/2026 08:45 PM,,,Hershey - Dispatched To: HMC - Emergency Department > HMC - Emergency Department,2026-02-21 20:58:08,Hershey
1426,PSHI-2026-02-I-134055,1,02/19/2026 06:25 PM,02/19/2026 05:23 PM,,,Hershey - Dispatched To: COM - University Manor East > COM - University Manor East,2026-02-21 20:58:08,Hershey
1428,PSHI-2026-02-I-134052,1,02/19/2026 05:11 PM,02/19/2026 04:53 PM,,,Hershey - Dispatched To: HMC - Main Hospital - 4 > HMC - Main Hospital - 4,2026-02-21 20:58:08,Hershey
1430,PSHI-2026-02-I-134050,1,02/19/2026 04:51 PM,02/19/2026 04:27 PM,,,Hershey - Dispatched To: HMC - Emergency Department > HMC - Emergency Department,2026-02-21 20:58:08,Hershey
1431,PSHI-2026-02-I-134049,1,02/19/2026 04:10 PM,02/19/2026 03:39 PM,,,Hershey - Dispatched To: HMC - Ronald McDonald House > HMC - Ronald McDonald House,2026-02-21 20:58:08,Hershey
1433,PSHI-2026-02-I-134045,1,02/19/2026 03:03 PM,02/19/2026 05:00 PM,,,Hershey - Dispatched To: HMC - Main Hospital - 1 - Cashier's Office > HMC - Main Hospital - 1 - Cashier's Office,2026-02-21 20:58:08,Hershey
1434,PSHI-2026-02-I-134044,1,02/19/2026 03:01 PM,02/19/2026 02:42 PM,,,Hershey - Dispatched To: COM - Basic Science - 1 > COM - Basic Science - 1,2026-02-21 20:58:08,Hershey
1443,PSHI-2026-02-I-134033,1,02/19/2026 10:43 AM,,,,Hershey - Dispatched To: HMC - Main Hospital - 3 - Heart & Vascular Progressive Care - West (HVPCU) > HMC - Main Hospital - 3 - Heart & Vascular Progressive Care - West (HVPCU),2026-02-21 20:58:08,Hershey
1444,PSHI-2026-02-I-134030,1,02/19/2026 10:08 AM,02/19/2026 09:48 AM,,,Hershey - Dispatched To: HMC - Emergency Department > HMC - Emergency Department,2026-02-21 20:58:08,Hershey
1446,PSHI-2026-02-I-134022,1,02/19/2026 04:42 AM,02/19/2026 03:38 AM,,Assisted clinical staff with an agitated patient.,Hershey - Dispatched To: HMC - Main Hospital > HMC - Main Hospital,2026-02-21 20:58:08,Hershey
1448,PSHI-2026-02-I-134021,1,02/19/2026 03:26 AM,02/19/2026 03:20 AM,,Visitor mismatch to the sex offender registry.,Hershey - Dispatched To: HMC - Children's Hospital > HMC - Children's Hospital,2026-02-21 20:58:08,Hershey
1449,PSHI-2026-02-I-134017,1,02/19/2026 02:51 AM,,,Assisted clinical staff with agitated patient.,Hershey - Dispatched To: HMC - Main Hospital - 1 - Heart & Vascular Critical Care Unit East (HVCCU) > HMC - Main Hospital - 1 - Heart & Vascular Critical Care Unit East (HVCCU),2026-02-21 20:58:08,Hershey
1450,PSHI-2026-02-I-134015,1,02/19/2026 01:50 AM,02/19/2026 01:14 AM,,Property related matter lost and found.,Hershey - Dispatched To: HMC - Emergency Department > HMC - Emergency Department,2026-02-21 20:58:08,Hershey
1451,PSHI-2026-02-I-134013,1,02/18/2026 09:52 PM,02/18/2026 07:10 PM,,,Hershey - Dispatched To: HMC - Children's Hospital > HMC - Children's Hospital,2026-02-21 20:58:08,Hershey
1452,PSHI-2026-02-I-134012,1,02/18/2026 09:08 PM,02/18/2026 06:21 PM,,,Hershey - Dispatched To: HMC - Main Hospital - 6 - MIMCU > HMC - Main Hospital - 6 - MIMCU,2026-02-21 20:58:08,Hershey
1455,PSHI-2026-02-I-134005,1,02/18/2026 04:22 PM,02/18/2026 04:03 PM,,,Hershey - Dispatched To: HMC - Main Hospital - 6 > HMC - Main Hospital - 6,2026-02-21 20:58:08,Hershey
1457,PSHI-2026-02-I-134003,1,02/18/2026 03:41 PM,02/18/2026 03:10 PM,,Asssited LE with access to patient.,Hershey - Reported Location: HMC - Main Hospital - 1 - Security Operations Center,2026-02-21 20:58:08,Hershey
1458,PSHI-2026-02-I-134001,1,02/18/2026 02:56 PM,02/18/2026 02:41 PM,,Team de-escalation plan for agitated patient.,Hershey - Dispatched To: HMC - Main Hospital - 6 > HMC - Main Hospital - 6,2026-02-21 20:58:08,Hershey
1466,PSHI-2026-02-I-133990,1,02/18/2026 09:48 AM,02/18/2026 08:40 AM,,,Hershey - Dispatched To: HMC - Main Hospital > HMC - Main Hospital,2026-02-21 20:58:08,Hershey
1467,PSHI-2026-02-I-133989,1,02/18/2026 09:23 AM,02/18/2026 07:30 AM,,Assisted clinical staff with agitated patient.,Hershey - Dispatched To: HMC - Main Hospital - 2 - PreOp\SameDay > HMC - Main Hospital - 2 - PreOp\SameDay,2026-02-21 20:58:08,Hershey
1468,PSHI-2026-02-I-133985,1,02/18/2026 07:45 AM,02/18/2026 07:30 AM,,,Hershey - Dispatched To: HMC - Main Hospital - 4 - Acute Care > HMC - Main Hospital - 4 - Acute Care,2026-02-21 20:58:08,Hershey
1469,PSHI-2026-02-I-133980,1,02/18/2026 06:19 AM,02/18/2026 06:16 AM,,,Hershey - Dispatched To: HMC - Main Hospital - 1 - Main Information Desk > HMC - Main Hospital - 1 - Main Information Desk,2026-02-21 20:58:08,Hershey
1470,PSHI-2026-02-I-133979,1,02/18/2026 02:48 AM,02/18/2026 01:17 AM,,,Hershey - Dispatched To: HMC - Main Hospital > HMC - Main Hospital,2026-02-21 20:58:08,Hershey
1532,PSHI-2026-02-I-134166,1,02/22/2026 11:08 PM,02/22/2026 10:34 PM,,,Hershey - Dispatched To: HMC - Main Hospital - 4 - Acute Care > HMC - Main Hospital - 4 - Acute Care,2026-02-25 02:54:48,Hershey
1533,PSHI-2026-02-I-134165,1,02/22/2026 11:07 PM,02/22/2026 08:51 PM,,,Hershey - Dispatched To: HMC - Main Hospital > HMC - Main Hospital,2026-02-25 02:54:48,Hershey
1539,PSHI-2026-02-I-134161,1,02/22/2026 04:25 PM,02/22/2026 02:08 PM,,Assisted clinical staff with agitated patient.,Hershey - Dispatched To: HMC - Children's Hospital - 3 > HMC - Children's Hospital - 3,2026-02-25 02:54:48,Hershey
1540,PSHI-2026-02-I-134160,1,02/22/2026 04:09 PM,02/22/2026 03:39 PM,,Assisted clinical staff with agitated patient.,Hershey - Dispatched To: HMC - Emergency Department > HMC - Emergency Department,2026-02-25 02:54:48,Hershey
1541,PSHI-2026-02-I-134155,1,02/22/2026 02:47 PM,02/22/2026 01:43 PM,,,Hershey - Dispatched To: HMC - Emergency Department > HMC - Emergency Department,2026-02-25 02:54:48,Hershey
1548,PSHI-2026-02-I-134146,1,02/22/2026 05:44 AM,02/22/2026 05:05 AM,,Assisted clinical staff with agitated patient.,Hershey - Dispatched To: HMC - Main Hospital - 3 - Acute Care Medical Oncology       > HMC - Main Hospital - 3 - Acute Care Medical Oncology,2026-02-25 02:54:48,Hershey
1549,PSHI-2026-02-I-134145,1,02/22/2026 05:38 AM,02/22/2026 04:59 AM,,,Hershey - Dispatched To: HMC - Main Hospital - 4 - Acute Care > HMC - Main Hospital - 4 - Acute Care,2026-02-25 02:54:48,Hershey
1551,PSHI-2026-02-I-134144,1,02/22/2026 03:05 AM,02/22/2026 02:13 AM,,Assisted clinical staff with moving a patient.,Hershey - Dispatched To: HMC - Emergency Department > HMC - Emergency Department,2026-02-25 02:54:48,Hershey
1555,PSHI-2026-02-I-134140,1,02/22/2026 12:35 AM,02/21/2026 10:32 PM,,,Hershey - Dispatched To: HMC - Main Hospital > HMC - Main Hospital,2026-02-25 02:54:48,Hershey
1556,PSHI-2026-02-I-134139,1,02/21/2026 11:20 PM,02/21/2026 10:15 PM,,Assisted clinical staff with property damage.,Hershey - Dispatched To: HMC - Main Hospital - 6 - Acute Care > HMC - Main Hospital - 6 - Acute Care,2026-02-25 02:54:48,Hershey
1557,PSHI-2026-02-I-134138,1,02/21/2026 11:08 PM,02/21/2026 10:48 PM,,Assisted clinical staff with agitated patient.,Hershey - Dispatched To: HMC - Emergency Department > HMC - Emergency Department,2026-02-25 02:54:48,Hershey
1558,PSHI-2026-02-I-134137,1,02/21/2026 10:31 PM,02/21/2026 09:49 PM,,Assisted clinical staff with agitated patient.,Hershey - Dispatched To: HMC - Main Hospital > HMC - Main Hospital,2026-02-25 02:54:48,Hershey
1560,PSHI-2026-02-I-134136,1,02/21/2026 09:59 PM,02/17/2026 02:00 AM,,Investigate suspicious activity.,Hershey - Reported Location: HMC - Main Hospital - 1,2026-02-25 02:54:48,Hershey
1563,PSHI-2026-02-I-134134,1,02/21/2026 08:03 PM,02/21/2026 06:27 PM,,Assisted clinical staff with agitated patient.,Hershey - Dispatched To: HMC - Emergency Department > HMC - Emergency Department,2026-02-25 02:54:48,Hershey
1567,PSHI-2026-02-I-134123,1,02/21/2026 04:29 PM,,,,Hershey - Dispatched To: HMC - Main Hospital > HMC - Main Hospital,2026-02-25 02:54:48,Hershey
1568,PSHI-2026-02-I-134122,1,02/21/2026 03:32 PM,02/21/2026 02:59 PM,,Visitor issue.,Hershey - Dispatched To: HMC - Main Hospital > HMC - Main Hospital,2026-02-25 02:54:48,Hershey
1569,PSHI-2026-02-I-134121,1,02/21/2026 03:12 PM,02/21/2026 02:00 PM,,Assisted clinical staff with agitated visitor.,Hershey - Dispatched To: HMC - Children's Hospital - 7 > HMC - Children's Hospital - 7,2026-02-25 02:54:48,Hershey
1570,PSHI-2026-02-I-134120,1,02/21/2026 03:05 PM,02/21/2026 02:50 PM,,Assisted visitor with return of personal property.,Hershey - Dispatched To: HMC - Main Hospital > HMC - Main Hospital,2026-02-25 02:54:48,Hershey
1575,PSHI-2026-02-I-134112,1,02/21/2026 08:42 AM,02/21/2026 08:35 AM,,Assisted clinical staff with agitated visitor.,Hershey - Dispatched To: HMC - Emergency Department > HMC - Emergency Department,2026-02-25 02:54:48,Hershey
1576,PSHI-2026-02-I-134110,1,02/21/2026 05:29 AM,02/21/2026 04:17 AM,,Assisted clinical staff with agitated patient.,Hershey - Dispatched To: HMC - Emergency Department > HMC - Emergency Department,2026-02-25 02:54:48,Hershey
1583,PSHI-2026-02-I-134105,1,02/21/2026 12:08 AM,02/20/2026 11:30 PM,,,Hershey - Dispatched To: HMC - 30 Hope Drive - 1 - Radiology East > HMC - 30 Hope Drive - 1 - Radiology East,2026-02-25 02:54:48,Hershey
1588,PSHI-2026-02-I-134098,1,02/20/2026 06:20 PM,02/20/2026 06:12 PM,,Assisted visitor with release of personal property.,Hershey - Dispatched To: HMC - Main Hospital - 1 - Security Operations Center > HMC - Main Hospital - 1 - Security Operations Center,2026-02-25 02:54:48,Hershey
1589,PSHI-2026-02-I-134097,1,02/20/2026 05:56 PM,02/20/2026 05:40 PM,,Assisted clinical staff with agitated patient.,Hershey - Dispatched To: HMC - Emergency Department > HMC - Emergency Department,2026-02-25 02:54:48,Hershey
1591,PSHI-2026-02-I-134094,1,02/20/2026 04:53 PM,02/20/2026 04:46 PM,,Assisted clinical staff with agitated patient.,Hershey - Dispatched To: HMC - Emergency Department > HMC - Emergency Department,2026-02-25 02:54:48,Hershey
1592,PSHI-2026-02-I-134093,1,02/20/2026 03:51 PM,02/20/2026 11:49 AM,,,Hershey - Dispatched To: HMC - Emergency Department > HMC - Emergency Department,2026-02-25 02:54:48,Hershey
1596,PSHI-2026-02-I-134086,1,02/20/2026 11:00 AM,02/20/2026 10:36 AM,,Assisted clinical staff with agitated visitor.,Hershey - Dispatched To: HMC - Children's Hospital - 7 - Women's Health Post \Antepartum > HMC - Children's Hospital - 7 - Women's Health Post \Antepartum,2026-02-25 02:54:48,Hershey
1598,PSHI-2026-02-I-134083,1,02/20/2026 10:35 AM,02/20/2026 10:24 AM,,Visitor mismatch to the sex offender registry.,Hershey - Dispatched To: HMC - Children's Hospital > HMC - Children's Hospital,2026-02-25 02:54:48,Hershey
1599,PSHI-2026-02-I-134082,1,02/20/2026 09:31 AM,02/20/2026 06:31 AM,,Investigation of suspicious activity.,Hershey - Dispatched To: COM - BMR - 1 > COM - BMR - 1,2026-02-25 02:54:48,Hershey
1600,PSHI-2026-02-I-134080,1,02/20/2026 08:20 AM,02/20/2026 06:35 AM,,Assisted clinical staff with agitated patient.,Hershey - Dispatched To: HMC - Emergency Department > HMC - Emergency Department,2026-02-25 02:54:48,Hershey
1601,PSHI-2026-02-I-134076,1,02/20/2026 05:23 AM,02/20/2026 05:01 AM,,Assisted clinical staff with a visitor issue.,Hershey - Dispatched To: HMC - Children's Hospital > HMC - Children's Hospital,2026-02-25 02:54:48,Hershey
1602,PSHI-2026-02-I-134072,1,02/20/2026 04:13 AM,,,,Hershey - Dispatched To: HMC - Children's Hospital - 3 > HMC - Children's Hospital - 3,2026-02-25 02:54:48,Hershey
1603,PSHI-2026-02-I-134070,1,02/20/2026 02:56 AM,,,Assisted clinical staff with agitated patient.,Hershey - Dispatched To: HMC - Emergency Department > HMC - Emergency Department,2026-02-25 02:54:48,Hershey
1604,PSHI-2026-02-I-134064,1,02/20/2026 12:14 AM,02/19/2026 06:38 PM,,,Hershey - Dispatched To: HMC - Campus Drive Roadway > HMC - Campus Drive Roadway,2026-02-25 02:54:48,Hershey
1659,PSHI-2026-02-I-134245,1,02/24/2026 09:25 PM,02/24/2026 06:30 PM,,,Hershey - Dispatched To: HMC - Main Hospital > HMC - Main Hospital,2026-02-26 23:59:30,Hershey
1660,PSHI-2026-02-I-134244,1,02/24/2026 09:15 PM,02/24/2026 08:47 PM,,,Hershey - Dispatched To: HMC - Emergency Department > HMC - Emergency Department,2026-02-26 23:59:30,Hershey
1663,PSHI-2026-02-I-134243,1,02/24/2026 08:20 PM,02/24/2026 08:02 PM,,,Hershey - Dispatched To: HMC - Emergency Department > HMC - Emergency Department,2026-02-26 23:59:30,Hershey
1666,PSHI-2026-02-I-134240,1,02/24/2026 05:49 PM,02/24/2026 05:39 PM,,,Hershey - Dispatched To: HMC - Main Hospital - 1 - Cashier's Office > HMC - Main Hospital - 1 - Cashier's Office,2026-02-26 23:59:30,Hershey
1668,PSHI-2026-02-I-134237,1,02/24/2026 05:26 PM,02/24/2026 05:18 PM,,Vetted nuisance phone call issue.,Hershey - Dispatched To: HMC - Life Lion Hanger > HMC - Life Lion Hanger,2026-02-26 23:59:30,Hershey
1670,PSHI-2026-02-I-134235,1,02/24/2026 04:55 PM,02/24/2026 04:53 PM,,,Hershey - Dispatched To: HMC - Parking Lot - Lot A-1 > HMC - Parking Lot - Lot A-1,2026-02-26 23:59:30,Hershey
1671,PSHI-2026-02-I-134234,1,02/24/2026 04:47 PM,02/24/2026 04:35 PM,,,Hershey - Dispatched To: HMC - Main Hospital - 1 - Security Operations Center > HMC - Main Hospital - 1 - Security Operations Center,2026-02-26 23:59:30,Hershey
1676,PSHI-2026-02-I-134233,1,02/24/2026 03:49 PM,02/24/2026 03:28 PM,,,Hershey - Dispatched To: HMC - UPC-2 - 3 - Pain Management > HMC - UPC-2 - 3 - Pain Management,2026-02-26 23:59:30,Hershey
1685,PSHI-2026-02-I-134228,1,02/24/2026 01:32 PM,02/24/2026 01:08 PM,,,Hershey - Dispatched To: HMC - Main Hospital > HMC - Main Hospital,2026-02-26 23:59:30,Hershey
1687,PSHI-2026-02-I-134227,1,02/24/2026 12:57 PM,02/23/2026 02:47 AM,,,Hershey - Dispatched To: HMC and COM - University Technology Center > HMC and COM - University Technology Center,2026-02-26 23:59:30,Hershey
1690,PSHI-2026-02-I-134223,1,02/24/2026 11:14 AM,02/24/2026 10:47 AM,,,Hershey - Dispatched To: HMC - Children's Hospital - 3 > HMC - Children's Hospital - 3,2026-02-26 23:59:30,Hershey
1691,PSHI-2026-02-I-134222,1,02/24/2026 10:48 AM,,,,Hershey - Dispatched To: HMC - Main Hospital - 1 - Gift Shop > HMC - Main Hospital - 1 - Gift Shop,2026-02-26 23:59:30,Hershey
1692,PSHI-2026-02-I-134216,1,02/24/2026 09:51 AM,02/24/2026 09:29 AM,,,Hershey - Reported Location: HMC - 35 Hope Drive - 2 - OBGYN,2026-02-26 23:59:30,Hershey
1695,PSHI-2026-02-I-134214,1,02/24/2026 07:06 AM,02/24/2026 06:57 AM,,,Hershey - Dispatched To: HMC - Main Hospital - 1 - Main Entrance\Valet > HMC - Main Hospital - 1 - Main Entrance\Valet,2026-02-26 23:59:30,Hershey
1696,PSHI-2026-02-I-134207,1,02/23/2026 11:51 PM,02/23/2026 08:25 PM,,,Hershey - Dispatched To: HMC - Children's Hospital - 2 - Children's Hospital PACU > HMC - Children's Hospital - 2 - Children's Hospital PACU,2026-02-26 23:59:30,Hershey
1697,PSHI-2026-02-I-134203,1,02/23/2026 10:42 PM,02/23/2026 10:30 PM,,,Hershey - Dispatched To: HMC - Emergency Department > HMC - Emergency Department,2026-02-26 23:59:30,Hershey
1698,PSHI-2026-02-I-134200,1,02/23/2026 10:36 PM,02/23/2026 06:00 PM,,,Hershey - Dispatched To: HMC - Children's Hospital - 3 - Children's Hospital Acute Care > HMC - Children's Hospital - 3 - Children's Hospital Acute Care,2026-02-26 23:59:30,Hershey
1699,PSHI-2026-02-I-134197,1,02/23/2026 07:24 PM,02/23/2026 06:12 PM,,,Hershey - Dispatched To: HMC - Children's Hospital > HMC - Children's Hospital,2026-02-26 23:59:30,Hershey
1700,PSHI-2026-02-I-134190,1,02/23/2026 04:42 PM,02/23/2026 04:30 PM,,,Hershey - Reported Location: HMC - Main Hospital - 1 - Security Operations Center,2026-02-26 23:59:30,Hershey
1701,PSHI-2026-02-I-134187,1,02/23/2026 02:52 PM,02/23/2026 02:35 PM,,,Hershey - Dispatched To: HMC - Children's Hospital - 3 > HMC - Children's Hospital - 3,2026-02-26 23:59:30,Hershey
1702,PSHI-2026-02-I-134184,1,02/23/2026 01:36 PM,02/23/2026 01:27 PM,,,Hershey - Dispatched To: HMC - Emergency Department > HMC - Emergency Department,2026-02-26 23:59:30,Hershey
1703,PSHI-2026-02-I-134183,1,02/23/2026 01:35 PM,02/23/2026 01:11 PM,,,Hershey - Dispatched To: HMC - Main Hospital - 3 > HMC - Main Hospital - 3,2026-02-26 23:59:30,Hershey
1704,PSHI-2026-02-I-134180,1,02/23/2026 11:56 AM,02/23/2026 11:37 AM,,,Hershey - Reported Location: HMC - Children's Hospital - 3 - Children's Hospital Acute Care,2026-02-26 23:59:30,Hershey
1705,PSHI-2026-02-I-134179,1,02/23/2026 10:28 AM,02/23/2026 10:05 AM,,,Hershey - Reported Location: HMC - Main Hospital - 6 - MIMCU,2026-02-26 23:59:30,Hershey
1706,PSHI-2026-02-I-134176,1,02/23/2026 07:56 AM,02/23/2026 07:43 AM,,,Hershey - Dispatched To: HMC - Children's Hospital - 1 - Children's Hospital Main Information Desk > HMC - Children's Hospital - 1 - Children's Hospital Main Information Desk,2026-02-26 23:59:30,Hershey
1707,PSHI-2026-02-I-134175,1,02/23/2026 07:24 AM,02/23/2026 07:00 AM,,,Hershey - Reported Location: HMC - Children's Hospital - 7 - Labor and Delivery,2026-02-26 23:59:30,Hershey
1708,PSHI-2026-02-I-134173,1,02/23/2026 05:23 AM,02/23/2026 03:03 AM,,,Hershey - Dispatched To: HMC - Main Hospital - 4 - Acute Care > HMC - Main Hospital - 4 - Acute Care,2026-02-26 23:59:30,Hershey
1709,PSHI-2026-02-I-134170,1,02/23/2026 03:51 AM,02/23/2026 03:14 AM,,Patient threw cup of water on nurse.,Hershey - Dispatched To: HMC - Main Hospital - 6 - MIMCU > HMC - Main Hospital - 6 - MIMCU,2026-02-26 23:59:30,Hershey
1710,PSHI-2026-02-I-134168,1,02/23/2026 12:06 AM,02/22/2026 10:15 PM,,Assisted clinical staff with an agitated patient.,Hershey - Dispatched To: HMC - Main Hospital - 6 - Acute Care > HMC - Main Hospital - 6 - Acute Care,2026-02-26 23:59:30,Hershey
